event_id,vehicle_count,avg_vehicle_speed_kmph,road_occupancy_pct,pedestrian_count,time_of_day_hr,visibility_m,rain_intensity_mmhr,signal_wait_time_s,road_wetness_pct,incident_distance_m,noise_level_db,ambient_temperature_c,humidity_pct,camera_exposure_score,camera_focus_score,lane_marking_visibility_pct,label
EVT_00001,27,13.0,51.7,8,10.53,1705.1,1.4,49,14.7,47.4,53.0,32.0,60.7,72.4,83.4,93.4,Free_Flow
EVT_00002,39,14.3,36.9,9,17.87,2175.1,3.54,56,33.0,4.6,62.1,30.4,72.5,20.1,83.6,79.1,Incident
EVT_00003,18,49.1,39.9,1,7.12,1685.0,6.88,32,29.9,103.7,53.9,18.3,70.0,48.3,87.1,87.6,Free_Flow
EVT_00004,21,12.8,30.5,6,15.94,2058.0,0.0,48,1.2,9.1,46.3,26.8,53.7,64.9,79.2,88.2,Incident
EVT_00005,21,23.1,20.9,10,17.21,2002.5,0.0,56,3.4,15.7,58.9,31.8,70.9,32.0,81.2,82.7,Incident
EVT_00006,57,40.1,72.0,6,8.21,2098.3,3.37,64,46.2,50.8,64.8,18.6,71.4,56.0,99.3,82.8,Heavy_Traffic
EVT_00007,4,26.5,13.4,1,23.24,1412.9,1.79,8,28.1,110.7,56.5,18.5,60.5,38.2,98.9,78.2,Low_Activity
EVT_00008,21,24.2,45.7,34,9.14,2080.9,0.0,44,4.0,212.2,44.6,26.0,55.7,53.1,79.4,88.2,Pedestrian_Event
EVT_00009,37,20.6,76.1,2,3.15,844.3,0.0,56,2.3,112.9,52.3,15.5,63.3,23.5,95.0,78.7,Incident
EVT_00010,13,34.4,29.8,14,14.82,2839.1,0.0,3,7.4,37.0,51.9,32.3,55.0,76.4,93.6,92.3,Free_Flow
EVT_00011,38,30.2,30.3,11,19.62,1102.5,0.0,66,1.0,40.2,62.8,31.1,63.0,7.8,82.5,88.3,Pedestrian_Event
EVT_00012,22,17.5,57.3,2,3.23,792.1,0.0,48,1.5,35.0,57.2,26.4,71.4,24.8,99.1,89.9,Incident
EVT_00013,33,33.2,66.5,28,12.02,1740.8,5.12,11,55.6,50.4,56.8,27.2,85.7,88.9,80.8,68.9,Pedestrian_Event
EVT_00014,24,26.8,46.8,36,12.09,1492.8,0.0,1,5.3,416.4,59.1,24.6,75.2,86.0,92.3,85.7,Pedestrian_Event
EVT_00015,33,20.6,80.5,11,18.2,2009.8,0.0,54,4.4,48.4,66.5,28.1,62.2,45.9,74.0,79.4,Heavy_Traffic
EVT_00016,30,20.9,76.2,5,18.98,2003.7,1.32,55,10.2,276.2,62.3,27.2,68.2,17.4,85.1,97.1,Heavy_Traffic
EVT_00017,38,27.2,50.8,3,5.73,1320.8,0.42,72,44.9,119.7,60.5,23.4,68.2,3.2,93.0,72.7,Incident
EVT_00018,13,22.2,0.0,0,23.38,754.7,0.0,34,29.1,77.5,50.6,21.8,69.3,26.8,83.5,91.5,Low_Activity
EVT_00019,19,17.2,47.0,13,13.31,2117.9,0.94,55,44.0,328.5,55.7,29.8,69.8,76.7,93.0,66.7,Free_Flow
EVT_00020,6,51.2,17.3,1,23.32,1888.8,0.0,28,8.8,63.3,49.7,23.3,66.6,37.2,83.3,75.7,Low_Activity
EVT_00021,0,35.3,9.9,5,9.31,2736.1,0.0,30,2.7,86.1,50.8,28.3,63.4,90.4,85.3,88.7,Free_Flow
EVT_00022,2,54.2,13.5,1,23.2,1049.3,0.0,3,23.3,207.0,56.2,22.1,69.8,0.0,77.3,79.5,Low_Activity
EVT_00023,30,30.6,34.1,4,18.55,2326.9,0.0,14,7.8,481.1,59.8,23.3,68.6,20.1,95.6,84.8,Free_Flow
EVT_00024,6,39.4,12.3,1,5.67,812.0,0.0,8,1.3,226.8,37.6,30.5,56.5,1.1,83.7,83.1,Low_Activity
EVT_00025,33,45.9,26.8,10,6.57,2507.8,0.0,10,5.5,189.2,67.3,21.6,51.5,35.1,79.2,87.9,Free_Flow
EVT_00026,19,34.8,14.5,4,11.02,2065.7,6.79,19,19.2,112.3,62.1,31.8,64.4,74.7,82.4,90.3,Free_Flow
EVT_00027,12,17.4,8.5,12,14.2,1618.3,0.0,24,0.2,138.1,56.6,30.5,51.3,75.1,93.9,82.7,Pedestrian_Event
EVT_00028,35,15.8,48.4,7,9.34,1873.4,0.0,99,1.0,84.3,62.5,22.6,55.0,73.2,86.4,97.1,Heavy_Traffic
EVT_00029,0,72.9,16.1,2,0.98,835.5,0.28,33,49.9,107.5,54.2,22.7,80.1,27.0,91.6,83.8,Free_Flow
EVT_00030,38,25.8,66.2,11,7.78,1582.8,12.37,61,83.0,145.7,62.1,21.5,82.1,37.6,87.3,71.3,Heavy_Traffic
EVT_00031,10,32.1,35.3,7,16.02,2259.8,0.0,24,1.8,103.6,48.8,32.4,55.5,62.3,88.0,80.9,Free_Flow
EVT_00032,17,42.2,46.2,4,20.89,1090.7,2.56,45,15.2,37.2,54.0,25.4,68.0,24.0,100.0,89.4,Free_Flow
EVT_00033,21,29.7,46.9,4,13.48,2283.1,0.0,55,1.5,66.9,48.2,30.9,60.2,71.8,92.2,79.0,Pedestrian_Event
EVT_00034,35,10.1,64.5,22,7.19,229.0,28.38,45,74.7,54.3,69.2,17.3,100.0,36.3,77.0,59.1,Heavy_Traffic
EVT_00035,33,7.3,67.0,8,8.31,2638.2,0.0,97,11.8,67.1,55.4,22.1,66.5,51.4,84.8,100.0,Heavy_Traffic
EVT_00036,27,11.9,39.8,29,13.01,1825.2,7.16,59,70.5,400.8,63.9,31.2,85.1,84.2,83.3,77.5,Pedestrian_Event
EVT_00037,11,9.9,76.7,8,17.8,2206.9,0.0,43,4.6,2.6,54.5,30.2,58.0,35.9,87.7,97.1,Incident
EVT_00038,7,17.0,65.2,10,11.07,1946.5,4.57,47,50.4,20.9,55.6,28.4,72.8,88.7,85.6,72.9,Incident
EVT_00039,21,28.1,58.7,5,8.94,1932.0,4.84,69,54.7,393.9,59.9,27.1,56.4,60.5,69.6,79.2,Heavy_Traffic
EVT_00040,46,13.0,77.7,12,12.39,2038.8,0.41,126,29.6,117.8,69.7,30.7,66.7,83.3,89.3,85.4,Heavy_Traffic
EVT_00041,42,15.3,48.5,1,20.65,949.7,0.0,34,0.1,120.0,56.9,26.7,62.5,15.5,75.5,71.3,Incident
EVT_00042,46,25.6,82.4,7,9.53,1567.7,9.42,100,74.7,294.8,62.9,24.2,83.1,70.9,92.0,68.1,Heavy_Traffic
EVT_00043,15,63.5,29.8,3,5.98,1212.3,0.0,38,3.0,69.4,53.5,27.9,42.7,4.9,81.9,85.7,Free_Flow
EVT_00044,25,47.0,24.0,6,8.26,2355.5,0.0,18,3.3,246.9,53.7,22.0,84.2,77.0,82.9,88.0,Free_Flow
EVT_00045,39,18.7,46.9,3,17.0,1512.8,10.85,51,49.7,195.2,69.3,28.3,90.9,58.9,81.6,81.4,Heavy_Traffic
EVT_00046,25,24.9,31.9,15,10.28,2108.2,0.0,28,1.6,40.5,67.6,28.8,67.7,70.2,84.6,85.0,Pedestrian_Event
EVT_00047,17,58.2,36.1,3,7.13,2660.3,0.0,28,0.8,298.6,54.4,19.6,56.1,43.9,88.5,84.3,Free_Flow
EVT_00048,36,12.8,39.8,8,20.32,874.2,6.85,107,70.3,54.4,65.6,28.4,73.0,19.5,85.1,60.6,Heavy_Traffic
EVT_00049,38,30.0,37.9,32,19.63,617.6,0.0,0,1.6,131.0,64.7,28.8,50.1,19.7,100.0,93.6,Pedestrian_Event
EVT_00050,12,31.3,18.9,5,19.34,1100.3,0.0,8,4.8,108.4,36.7,24.3,69.9,12.6,89.0,90.6,Free_Flow
EVT_00051,13,43.8,11.5,2,14.63,2100.1,0.0,19,12.6,57.8,44.8,27.8,69.5,75.7,89.1,100.0,Free_Flow
EVT_00052,15,14.6,73.3,24,16.15,2211.4,0.0,27,3.9,78.1,51.2,30.4,64.6,44.0,88.6,100.0,Pedestrian_Event
EVT_00053,3,35.5,35.7,24,15.08,2533.9,0.0,19,14.8,45.0,56.2,34.8,46.8,78.2,89.0,74.4,Pedestrian_Event
EVT_00054,40,0.0,46.3,4,13.1,2653.8,0.0,25,15.1,97.3,66.0,29.0,65.9,60.2,100.0,95.3,Incident
EVT_00055,5,79.4,0.0,2,9.25,2234.8,0.0,24,0.9,438.7,55.6,25.6,60.6,71.8,96.5,93.6,Low_Activity
EVT_00056,25,4.4,69.4,6,9.35,1827.1,0.0,99,30.8,190.7,55.4,34.4,73.2,65.0,81.6,84.0,Heavy_Traffic
EVT_00057,25,34.8,30.9,13,12.85,2075.7,8.91,51,55.7,303.4,62.4,24.7,68.3,65.7,70.2,76.1,Pedestrian_Event
EVT_00058,39,30.9,48.9,22,20.32,1253.7,0.0,49,0.5,230.1,55.9,22.3,66.7,22.0,81.4,85.7,Pedestrian_Event
EVT_00059,11,11.2,40.8,2,1.68,1319.0,0.0,52,7.4,12.5,38.7,21.5,59.6,34.4,83.6,66.4,Incident
EVT_00060,27,31.6,45.3,10,20.54,434.9,2.58,19,55.1,46.7,59.4,23.0,85.2,17.1,92.3,77.1,Pedestrian_Event
EVT_00061,5,18.0,32.9,18,11.51,2382.9,0.0,14,1.0,214.3,45.0,32.0,65.3,79.5,83.1,93.2,Pedestrian_Event
EVT_00062,6,16.2,48.0,1,5.65,929.6,0.0,0,12.9,2.4,44.7,19.4,66.2,4.3,68.4,92.9,Incident
EVT_00063,38,28.5,50.5,4,18.07,1718.4,8.21,74,58.5,290.7,64.5,27.0,79.8,30.5,83.2,76.0,Heavy_Traffic
EVT_00064,36,23.6,83.0,7,15.99,2206.5,0.0,60,0.8,279.2,65.3,25.3,70.3,60.1,84.5,77.9,Heavy_Traffic
EVT_00065,24,25.9,48.8,14,6.91,2205.6,0.0,31,3.2,11.2,56.0,24.1,57.8,39.0,74.0,92.8,Incident
EVT_00066,22,3.2,33.5,5,8.08,2026.1,0.0,74,17.6,2.5,45.0,20.0,63.2,41.3,89.1,84.8,Incident
EVT_00067,32,37.5,34.2,2,5.5,966.3,7.61,23,53.4,406.2,66.0,23.8,66.8,12.7,100.0,81.3,Free_Flow
EVT_00068,4,52.9,1.5,1,4.03,1064.6,3.68,8,25.8,75.8,49.6,18.1,82.3,26.9,98.8,100.0,Low_Activity
EVT_00069,16,27.7,41.5,7,17.83,1078.7,14.35,25,53.9,129.4,62.4,23.7,97.2,45.6,84.2,47.3,Free_Flow
EVT_00070,35,19.7,61.6,5,19.74,605.3,0.0,72,1.6,192.8,53.9,21.3,68.6,20.0,86.3,94.9,Heavy_Traffic
EVT_00071,22,54.3,37.0,7,10.31,2095.2,0.0,10,2.7,389.5,62.2,28.0,52.3,80.3,90.3,92.4,Free_Flow
EVT_00072,21,1.2,66.5,3,17.54,1669.8,0.0,52,0.7,41.6,54.6,28.0,59.6,52.1,89.0,78.6,Heavy_Traffic
EVT_00073,31,19.4,78.6,9,9.83,2249.0,0.11,48,32.7,36.8,47.7,28.1,56.4,74.6,74.3,91.8,Heavy_Traffic
EVT_00074,30,8.9,58.0,5,17.95,2285.8,0.0,47,6.6,389.3,52.3,31.7,64.1,2.9,94.9,62.0,Heavy_Traffic
EVT_00075,20,12.9,32.8,4,6.15,1495.1,0.0,59,11.8,55.7,47.4,26.7,52.2,47.0,85.8,73.1,Pedestrian_Event
EVT_00076,13,15.1,28.8,39,10.13,1472.7,4.48,43,40.3,74.7,44.7,24.6,74.3,63.3,92.8,70.1,Pedestrian_Event
EVT_00077,21,46.6,29.9,1,21.37,710.8,0.0,4,1.1,197.8,57.0,27.1,62.9,13.8,86.2,83.4,Free_Flow
EVT_00078,20,50.0,33.9,7,14.53,1824.4,0.0,27,9.6,51.7,50.3,35.3,57.3,61.3,94.9,96.4,Free_Flow
EVT_00079,7,49.1,8.2,4,22.39,841.4,0.0,23,17.1,104.2,47.2,20.7,72.3,25.5,86.8,72.6,Free_Flow
EVT_00080,28,8.6,45.0,2,22.01,967.4,0.68,55,43.5,38.9,44.5,24.6,58.4,19.6,86.4,57.9,Heavy_Traffic
EVT_00081,16,38.9,23.1,4,5.47,1573.8,0.0,24,14.3,44.9,55.4,19.9,78.3,8.5,80.0,85.7,Free_Flow
EVT_00082,18,45.2,33.7,4,13.29,2172.6,0.0,24,7.4,89.2,53.5,32.4,67.9,81.3,100.0,87.2,Free_Flow
EVT_00083,5,45.0,17.9,0,2.74,1913.1,0.0,15,3.2,70.4,44.6,18.0,62.6,9.6,95.8,91.5,Low_Activity
EVT_00084,8,40.0,15.8,13,7.11,1843.2,3.42,30,35.1,41.1,49.0,22.9,73.1,22.3,84.6,83.4,Free_Flow
EVT_00085,32,13.9,72.3,5,18.07,2403.6,0.0,60,0.9,258.2,56.9,27.6,49.3,34.3,80.2,92.7,Heavy_Traffic
EVT_00086,4,64.0,5.6,2,2.89,1104.9,2.27,26,27.1,442.1,55.8,23.6,59.6,23.7,87.9,89.9,Low_Activity
EVT_00087,3,59.6,13.0,1,22.61,809.0,0.0,0,9.0,182.1,57.1,25.3,66.4,27.7,100.0,93.8,Free_Flow
EVT_00088,38,35.1,24.7,0,6.28,2331.0,3.35,0,56.3,150.4,61.2,28.4,71.2,45.4,88.0,87.8,Heavy_Traffic
EVT_00089,10,38.6,12.7,1,3.56,1159.2,0.0,22,1.8,187.3,41.8,23.3,55.9,18.1,80.8,100.0,Low_Activity
EVT_00090,24,38.0,63.0,35,18.05,1743.8,6.58,22,23.2,106.1,63.4,37.3,77.7,45.9,83.1,74.0,Pedestrian_Event
EVT_00091,21,36.1,31.5,9,8.66,1447.6,0.97,0,32.9,53.6,48.3,26.4,59.7,48.8,82.7,84.1,Free_Flow
EVT_00092,4,26.6,36.0,0,13.39,1195.5,13.13,31,70.8,44.5,64.4,22.9,75.1,92.0,93.7,61.8,Pedestrian_Event
EVT_00093,36,26.6,96.5,6,17.57,1862.1,0.0,34,10.3,47.0,51.8,27.0,64.9,51.2,85.0,91.0,Heavy_Traffic
EVT_00094,29,35.0,33.5,17,18.75,2110.7,0.0,53,0.4,422.9,56.7,29.4,68.2,17.0,72.2,73.7,Pedestrian_Event
EVT_00095,9,32.8,13.7,0,23.23,980.2,0.0,14,6.4,128.9,47.8,20.6,71.9,11.6,94.2,100.0,Low_Activity
EVT_00096,15,54.2,10.3,0,3.6,854.5,0.0,12,12.5,131.5,51.3,22.4,67.4,21.6,84.7,93.9,Low_Activity
EVT_00097,23,41.9,24.9,4,12.53,1656.2,8.12,15,57.8,129.8,63.8,27.6,60.2,91.1,94.3,89.6,Free_Flow
EVT_00098,3,48.3,11.4,2,9.11,2324.6,2.28,28,42.4,72.6,57.4,25.5,72.6,71.2,93.5,83.9,Low_Activity
EVT_00099,15,24.5,57.2,6,15.95,1162.1,10.11,23,65.8,83.9,62.5,25.0,68.2,69.5,79.0,68.6,Incident
EVT_00100,23,18.6,38.8,33,7.12,2181.4,6.53,71,41.2,208.7,58.2,22.5,68.1,42.2,86.0,90.4,Pedestrian_Event
EVT_00101,22,43.0,18.9,5,20.16,1231.6,0.0,7,15.3,68.0,54.5,24.4,64.6,13.6,88.0,74.5,Free_Flow
EVT_00102,20,17.0,44.8,2,8.53,1765.1,0.0,89,2.1,6.2,56.1,24.5,66.0,77.4,89.8,74.8,Incident
EVT_00103,3,41.4,47.1,8,19.15,819.9,0.0,10,11.5,45.7,44.3,32.6,61.4,18.1,89.0,57.0,Free_Flow
EVT_00104,26,17.0,54.9,2,21.3,876.7,0.0,34,6.1,19.0,51.4,21.3,56.0,5.7,99.0,80.6,Incident
EVT_00105,26,3.1,80.8,3,8.19,2175.5,0.92,32,26.8,38.9,52.7,19.2,70.9,68.2,77.0,93.0,Heavy_Traffic
EVT_00106,2,44.8,52.6,28,15.34,1817.0,2.46,61,33.9,215.7,50.7,30.5,62.9,95.6,90.2,80.0,Pedestrian_Event
EVT_00107,36,17.6,65.2,20,17.44,2232.5,0.0,84,2.2,153.9,54.9,30.8,73.4,20.9,88.1,78.6,Heavy_Traffic
EVT_00108,43,24.2,43.7,3,8.51,2452.6,0.0,110,0.7,180.9,54.0,33.8,50.5,70.8,93.3,82.4,Heavy_Traffic
EVT_00109,41,22.6,56.4,6,8.39,2199.2,3.86,67,41.5,230.5,71.4,24.2,73.2,54.9,79.3,67.9,Heavy_Traffic
EVT_00110,22,32.3,15.2,15,11.48,2834.1,0.0,21,0.3,67.1,56.6,21.7,53.8,75.1,79.8,95.7,Pedestrian_Event
EVT_00111,31,10.9,72.1,2,21.32,680.0,0.25,62,41.7,148.3,51.6,29.0,61.4,15.5,86.3,90.0,Heavy_Traffic
EVT_00112,29,31.0,80.4,3,15.69,1097.3,7.4,16,51.3,54.3,59.0,33.1,78.8,66.2,75.9,74.2,Incident
EVT_00113,5,56.7,21.4,0,4.31,1352.0,0.85,10,32.0,268.9,46.7,21.1,71.0,41.5,76.5,79.9,Low_Activity
EVT_00114,25,43.4,30.6,10,9.7,2257.5,0.0,24,6.8,179.4,56.0,27.7,74.6,73.8,96.4,97.0,Free_Flow
EVT_00115,22,34.6,10.6,1,2.32,995.2,0.0,0,23.2,453.4,52.9,16.4,72.9,32.0,89.7,83.6,Low_Activity
EVT_00116,19,17.7,45.3,5,15.75,1929.7,0.0,48,4.9,35.5,47.7,29.9,56.7,55.2,83.6,100.0,Incident
EVT_00117,4,27.1,20.4,3,4.04,1343.4,0.0,24,4.6,191.2,52.9,26.9,53.0,34.6,81.1,100.0,Low_Activity
EVT_00118,29,27.4,22.9,14,9.29,2315.5,0.0,47,0.1,43.4,66.0,29.1,62.6,76.1,81.0,90.5,Pedestrian_Event
EVT_00119,28,20.7,51.2,13,15.55,2345.4,0.0,44,9.4,6.5,54.8,32.7,66.1,63.3,99.3,92.8,Incident
EVT_00120,6,18.3,40.3,26,7.35,2143.8,0.0,53,2.1,90.0,45.8,24.9,55.9,39.1,79.1,80.4,Pedestrian_Event
EVT_00121,42,20.5,51.7,15,20.07,1063.9,0.0,50,7.8,86.1,53.3,27.6,52.6,18.7,93.9,72.4,Heavy_Traffic
EVT_00122,30,12.2,60.6,15,16.9,2142.0,4.41,34,41.0,7.6,58.7,32.1,56.8,44.2,97.3,71.3,Incident
EVT_00123,1,51.1,5.2,1,22.8,696.3,0.0,24,9.4,87.2,45.9,20.5,63.4,21.2,77.8,87.6,Low_Activity
EVT_00124,1,13.7,5.9,1,0.54,863.3,3.27,5,38.3,184.1,52.4,17.5,73.1,23.1,82.3,82.2,Free_Flow
EVT_00125,6,55.7,10.6,1,23.02,1186.9,0.0,11,26.1,267.6,56.2,22.2,68.6,28.6,92.8,84.5,Low_Activity
EVT_00126,3,29.8,0.0,1,14.29,1766.4,0.0,22,6.0,102.6,48.1,32.3,60.7,81.1,79.1,91.7,Low_Activity
EVT_00127,0,49.2,4.6,0,2.9,986.9,0.0,13,3.4,101.2,49.4,15.3,56.5,13.6,85.9,79.7,Low_Activity
EVT_00128,24,19.6,51.6,4,22.5,874.2,0.1,37,39.1,97.9,48.8,18.7,60.8,27.8,98.5,84.3,Incident
EVT_00129,22,27.3,54.2,11,5.13,1027.3,0.0,67,10.1,35.1,58.3,30.9,63.5,24.2,89.9,100.0,Pedestrian_Event
EVT_00130,4,62.1,9.4,4,21.54,1055.4,2.3,3,46.4,382.5,53.7,20.3,62.2,25.4,100.0,89.4,Low_Activity
EVT_00131,9,42.1,2.3,1,1.79,1092.8,1.83,13,46.3,270.8,49.3,19.6,83.7,27.0,77.1,78.5,Low_Activity
EVT_00132,17,23.6,58.4,6,7.02,1333.6,7.62,7,57.9,4.6,65.4,23.2,68.3,24.5,85.2,90.7,Incident
EVT_00133,26,18.8,71.1,21,9.11,2304.1,0.59,85,32.3,145.0,55.2,27.4,70.4,57.1,91.4,87.4,Heavy_Traffic
EVT_00134,43,23.8,71.3,7,9.43,2341.2,0.0,115,4.9,49.3,61.9,27.7,77.9,57.9,87.5,83.6,Heavy_Traffic
EVT_00135,2,25.2,23.7,1,22.77,749.9,0.0,29,8.5,166.2,50.1,21.6,61.7,0.0,92.5,96.0,Free_Flow
EVT_00136,16,64.4,31.6,13,11.13,1898.4,8.97,20,44.1,422.1,61.1,22.3,90.6,75.6,93.8,77.4,Free_Flow
EVT_00137,22,32.3,35.7,5,10.59,2355.2,0.0,50,5.0,13.9,47.4,28.7,65.0,83.2,90.3,72.8,Incident
EVT_00138,12,50.2,32.7,7,9.6,2284.0,0.0,0,6.2,43.9,61.0,24.2,58.2,68.8,78.0,79.4,Free_Flow
EVT_00139,33,15.3,72.8,3,9.18,2259.8,0.0,81,3.0,36.9,60.2,27.2,62.1,74.5,93.0,100.0,Heavy_Traffic
EVT_00140,28,57.3,35.8,22,9.09,2014.1,0.0,33,3.7,38.0,68.5,23.8,59.8,48.5,80.3,75.2,Pedestrian_Event
EVT_00141,14,24.0,51.6,19,14.26,2091.1,0.0,32,7.8,176.4,51.7,27.1,65.5,55.7,82.7,98.0,Pedestrian_Event
EVT_00142,43,14.0,46.5,5,10.02,2484.7,0.0,9,20.4,121.2,51.9,24.2,76.2,93.9,76.9,85.6,Free_Flow
EVT_00143,16,25.1,17.8,5,12.74,1665.9,3.2,0,50.7,80.0,55.8,29.7,72.8,84.5,83.7,76.0,Free_Flow
EVT_00144,46,26.8,65.1,8,17.35,1869.7,2.63,39,59.5,155.2,66.4,32.0,67.6,39.7,84.7,67.0,Heavy_Traffic
EVT_00145,39,53.5,20.9,3,14.2,2279.3,0.0,0,2.9,44.6,64.2,30.0,63.3,62.4,91.4,80.3,Heavy_Traffic
EVT_00146,3,39.9,3.0,2,6.91,2392.9,0.0,28,0.7,54.1,56.6,20.6,65.5,29.2,82.9,89.4,Low_Activity
EVT_00147,7,45.7,32.1,24,9.72,1755.3,0.0,55,2.0,82.7,44.8,26.2,49.2,98.5,74.0,81.7,Pedestrian_Event
EVT_00148,32,15.0,56.6,4,9.86,1480.5,0.0,60,1.5,116.7,61.5,22.4,52.7,64.3,78.1,98.9,Heavy_Traffic
EVT_00149,4,16.4,11.6,0,23.12,1136.0,0.0,39,3.7,84.1,45.3,20.5,73.3,13.1,79.8,97.8,Low_Activity
EVT_00150,24,4.3,69.2,16,12.32,1715.2,3.54,23,30.3,53.0,52.5,25.7,73.2,95.2,79.2,86.7,Heavy_Traffic
EVT_00151,14,12.2,44.5,29,18.44,2131.8,0.0,47,1.6,182.9,58.3,28.4,58.3,33.2,79.7,100.0,Pedestrian_Event
EVT_00152,25,38.0,31.1,8,18.17,1722.9,12.41,5,60.9,52.5,67.4,29.5,75.2,33.7,100.0,70.9,Free_Flow
EVT_00153,15,23.5,41.9,29,12.96,1993.5,2.68,40,39.1,38.0,51.5,32.2,69.2,90.7,91.4,88.9,Free_Flow
EVT_00154,1,43.6,23.3,3,22.65,968.5,0.0,22,17.0,217.3,54.3,20.9,53.1,15.1,91.7,100.0,Low_Activity
EVT_00155,24,48.8,28.3,3,14.13,2453.2,0.0,31,36.9,46.4,64.9,36.4,61.0,82.3,90.2,80.0,Free_Flow
EVT_00156,16,10.5,65.2,4,8.56,1908.9,0.0,44,1.8,76.4,56.7,22.8,66.8,59.7,78.1,85.9,Incident
EVT_00157,28,12.8,77.6,2,1.61,1157.8,0.0,60,8.7,8.3,50.8,25.4,71.8,25.0,76.0,72.0,Incident
EVT_00158,8,10.7,5.7,1,10.1,1108.5,18.8,39,75.2,61.5,61.2,25.5,89.0,66.4,99.4,72.6,Low_Activity
EVT_00159,4,21.6,35.0,7,6.39,2338.0,0.0,39,11.1,420.4,57.3,21.2,78.9,38.7,100.0,78.9,Free_Flow
EVT_00160,11,41.0,58.2,26,15.73,2182.3,2.52,46,54.5,37.4,54.2,33.1,67.6,53.4,78.1,73.9,Pedestrian_Event
EVT_00161,5,39.0,18.9,0,22.61,1069.1,0.18,17,41.2,59.9,42.2,25.1,82.4,24.3,83.1,86.5,Low_Activity
EVT_00162,54,8.6,56.1,7,10.33,1068.7,15.82,42,64.2,254.9,72.1,23.5,97.2,68.0,79.0,67.6,Heavy_Traffic
EVT_00163,17,44.5,34.1,0,11.87,2355.6,0.0,29,6.1,56.5,50.9,40.0,49.3,82.9,74.8,92.1,Free_Flow
EVT_00164,7,60.7,43.8,2,10.7,2722.1,0.69,21,15.3,395.7,44.2,32.1,60.6,72.7,81.8,92.3,Free_Flow
EVT_00165,4,40.5,7.2,1,3.43,666.4,0.0,21,4.6,148.4,43.8,23.5,46.3,3.3,85.0,80.8,Low_Activity
EVT_00166,3,32.2,2.7,0,4.03,1213.3,0.0,2,6.9,136.4,45.3,26.0,62.2,34.0,82.0,87.2,Low_Activity
EVT_00167,16,34.5,46.4,8,7.11,1968.0,0.0,3,12.2,199.2,46.8,23.2,51.8,48.5,88.8,100.0,Heavy_Traffic
EVT_00168,1,45.5,5.9,1,1.85,712.7,3.19,40,29.8,80.7,48.2,21.5,71.1,31.9,81.4,87.7,Low_Activity
EVT_00169,10,52.3,9.4,1,23.74,807.2,0.5,17,46.7,201.7,40.9,20.6,59.2,31.9,76.2,85.6,Low_Activity
EVT_00170,6,57.8,3.6,0,3.51,965.0,0.0,24,1.7,98.6,53.7,25.4,69.8,23.2,99.5,71.5,Free_Flow
EVT_00171,24,21.8,66.3,6,7.06,1509.8,1.18,70,40.9,117.3,64.3,24.3,72.8,50.7,76.6,90.5,Heavy_Traffic
EVT_00172,22,48.7,29.7,7,10.2,2243.1,1.22,15,5.0,339.6,56.7,30.2,62.8,89.2,83.8,94.5,Free_Flow
EVT_00173,32,23.6,78.6,7,7.9,2129.7,0.0,65,0.4,178.4,65.0,20.6,61.6,53.9,100.0,87.9,Heavy_Traffic
EVT_00174,12,36.9,24.2,0,1.23,1285.7,0.23,13,35.0,151.4,50.9,21.6,67.0,9.6,93.4,84.2,Low_Activity
EVT_00175,17,14.6,74.2,11,17.17,1804.4,0.0,96,1.5,81.1,56.4,27.4,52.6,63.4,86.8,85.8,Heavy_Traffic
EVT_00176,26,43.7,34.3,4,13.56,972.6,17.63,21,71.5,147.4,65.9,21.8,94.4,87.1,87.8,68.7,Free_Flow
EVT_00177,12,61.2,41.9,9,12.66,1715.6,3.93,17,57.0,50.3,56.5,37.4,49.0,77.4,86.0,71.9,Free_Flow
EVT_00178,38,23.5,48.2,6,18.15,2134.1,0.0,65,5.1,152.9,55.6,27.9,63.0,63.6,88.3,100.0,Heavy_Traffic
EVT_00179,31,22.7,62.6,8,19.53,570.6,0.0,18,3.6,160.3,57.2,30.0,46.4,0.0,91.5,84.5,Heavy_Traffic
EVT_00180,41,15.3,80.1,8,17.98,1414.5,10.46,65,52.9,92.1,75.8,27.5,83.7,19.4,80.0,67.7,Heavy_Traffic
EVT_00181,7,3.7,25.8,14,15.52,1457.5,4.47,10,60.2,343.4,40.2,27.2,83.1,69.3,87.4,68.8,Pedestrian_Event
EVT_00182,17,40.5,28.5,3,5.17,632.9,0.0,30,1.2,79.2,54.5,20.2,82.5,21.1,77.1,87.5,Free_Flow
EVT_00183,9,20.0,44.8,15,7.58,2368.0,0.0,36,0.3,112.7,48.5,24.8,75.5,47.0,94.8,97.3,Pedestrian_Event
EVT_00184,29,12.2,14.5,6,4.73,1252.4,0.0,41,21.6,7.5,45.6,24.9,74.8,23.6,97.2,92.6,Incident
EVT_00185,28,15.5,46.2,16,12.46,1685.6,0.0,37,13.5,406.3,55.4,36.8,68.8,85.8,85.8,97.9,Pedestrian_Event
EVT_00186,12,22.4,52.9,7,15.93,2195.8,0.0,69,8.9,263.3,44.5,34.7,36.4,55.7,81.3,92.0,Heavy_Traffic
EVT_00187,5,61.8,9.3,0,22.34,903.0,2.02,3,44.5,94.2,48.7,24.5,57.6,1.8,89.2,69.3,Low_Activity
EVT_00188,20,39.4,19.3,8,9.06,2316.4,0.0,19,9.0,201.6,46.7,30.0,67.4,79.5,85.6,100.0,Free_Flow
EVT_00189,15,0.5,85.9,5,16.15,2126.3,0.15,90,25.4,58.3,50.4,31.2,60.2,53.9,86.5,88.1,Heavy_Traffic
EVT_00190,24,36.6,46.2,2,21.02,907.5,0.0,12,3.4,118.7,57.0,28.4,71.5,9.3,80.5,71.8,Free_Flow
EVT_00191,1,61.6,10.9,0,22.94,679.1,0.0,23,2.0,309.1,53.2,22.5,64.2,28.7,98.3,91.2,Low_Activity
EVT_00192,14,43.1,24.6,3,10.43,1836.9,0.0,9,1.1,258.4,54.6,23.4,59.3,73.0,89.1,96.2,Free_Flow
EVT_00193,18,61.4,21.5,3,21.38,714.2,0.0,13,1.0,481.9,49.6,26.1,54.8,12.3,71.8,75.4,Free_Flow
EVT_00194,3,90.0,3.4,0,3.96,824.4,4.09,21,41.7,209.2,58.1,21.1,78.8,35.5,93.0,76.3,Low_Activity
EVT_00195,7,25.8,28.1,3,7.69,1980.1,0.0,31,7.1,205.6,48.0,26.0,57.2,41.6,95.0,99.3,Free_Flow
EVT_00196,17,39.0,35.6,7,18.38,1682.8,9.65,11,68.3,367.8,64.6,25.4,87.5,38.0,91.4,73.7,Free_Flow
EVT_00197,31,56.8,40.8,5,16.05,1288.8,17.23,27,71.7,415.3,66.3,27.8,76.5,37.3,89.1,57.9,Free_Flow
EVT_00198,30,33.3,43.9,6,7.64,2064.7,0.0,108,4.0,38.0,54.4,25.2,82.3,50.7,97.0,84.3,Free_Flow
EVT_00199,4,43.3,11.8,2,23.69,1057.2,0.0,0,1.4,164.1,48.7,29.3,53.8,25.8,90.2,89.5,Low_Activity
EVT_00200,26,45.6,33.5,1,6.18,1179.4,2.23,40,49.5,215.2,55.2,25.3,64.2,29.7,92.5,57.7,Free_Flow
EVT_00201,4,57.3,14.5,1,7.58,2231.4,0.0,23,8.0,203.2,51.1,23.1,72.5,62.3,81.0,84.4,Low_Activity
EVT_00202,53,6.1,42.5,9,16.67,2133.4,0.0,24,4.2,258.7,64.9,34.9,44.9,52.3,77.9,96.1,Heavy_Traffic
EVT_00203,8,34.3,24.2,19,14.91,1514.3,10.52,41,69.6,78.3,54.1,27.3,82.0,81.6,100.0,57.1,Pedestrian_Event
EVT_00204,6,65.4,13.3,2,3.44,868.8,0.0,0,44.8,197.2,56.2,20.0,62.2,18.5,78.7,83.5,Low_Activity
EVT_00205,23,8.8,75.2,5,8.11,1636.3,8.0,81,48.0,175.2,54.7,19.9,74.1,52.6,68.3,75.1,Heavy_Traffic
EVT_00206,16,11.8,11.9,4,18.45,2586.4,0.0,55,8.2,55.7,53.7,29.4,48.8,21.1,82.9,86.9,Incident
EVT_00207,44,16.2,45.6,3,7.22,1954.4,0.0,76,1.9,69.3,62.6,24.7,53.7,34.3,69.4,97.1,Heavy_Traffic
EVT_00208,39,36.9,45.7,12,8.64,2717.6,0.0,56,16.8,36.4,65.1,23.3,64.1,63.2,87.8,94.0,Pedestrian_Event
EVT_00209,13,51.8,15.9,1,10.24,1899.1,0.0,15,4.1,52.5,59.0,27.1,53.9,76.1,87.3,100.0,Low_Activity
EVT_00210,42,20.2,64.7,10,17.37,2383.1,1.8,57,59.2,259.2,64.9,38.8,65.6,50.2,73.4,76.3,Heavy_Traffic
EVT_00211,21,43.4,0.0,2,21.77,717.2,0.0,24,1.9,280.7,52.9,26.7,57.4,24.2,86.2,82.8,Low_Activity
EVT_00212,17,16.2,27.1,5,14.38,2822.5,0.76,73,30.3,92.7,56.0,28.2,79.7,70.7,84.0,100.0,Pedestrian_Event
EVT_00213,48,22.3,66.3,7,17.78,2031.2,0.0,129,6.5,347.9,62.6,30.1,56.8,48.8,89.5,92.4,Heavy_Traffic
EVT_00214,13,56.6,14.3,11,16.13,1778.3,0.0,28,1.6,282.4,46.6,26.2,56.2,57.0,88.9,94.8,Free_Flow
EVT_00215,2,70.7,11.2,1,23.74,995.0,0.55,25,65.1,57.9,52.9,26.7,65.2,16.9,74.5,63.8,Low_Activity
EVT_00216,28,56.4,31.4,3,18.82,2033.6,0.0,18,4.2,152.2,56.8,30.4,56.3,7.3,91.3,100.0,Free_Flow
EVT_00217,31,20.9,67.9,2,0.89,1368.5,0.0,14,0.4,2.1,46.8,24.6,83.0,15.7,82.0,75.4,Incident
EVT_00218,19,11.1,61.9,6,8.27,1567.4,8.72,87,44.9,126.5,60.7,18.4,74.4,54.2,89.3,76.8,Heavy_Traffic
EVT_00219,22,26.6,60.3,6,20.67,472.3,3.39,74,48.3,4.1,64.9,25.0,81.6,20.3,84.4,80.7,Incident
EVT_00220,54,12.3,66.8,10,17.87,1103.1,16.24,68,68.8,370.0,74.3,28.6,84.3,33.4,96.3,92.1,Heavy_Traffic
EVT_00221,18,49.8,22.3,3,10.34,2494.4,0.0,31,28.9,38.2,59.7,21.6,56.0,83.3,65.2,99.0,Free_Flow
EVT_00222,3,19.6,48.3,3,1.59,1188.4,0.0,83,11.6,2.8,44.9,22.4,66.8,17.8,85.6,96.5,Heavy_Traffic
EVT_00223,15,51.5,0.0,5,11.74,2778.1,1.44,24,29.2,57.0,51.7,24.4,69.8,99.3,87.5,72.9,Free_Flow
EVT_00224,8,8.8,59.4,3,7.83,282.7,28.22,24,100.0,20.9,52.1,22.9,100.0,50.9,70.7,49.2,Incident
EVT_00225,3,56.7,29.1,1,23.03,902.3,3.39,12,61.9,71.9,56.3,20.1,73.2,6.8,100.0,72.1,Low_Activity
EVT_00226,12,27.1,48.0,36,12.25,1858.7,2.85,49,54.5,144.6,57.2,25.7,64.1,70.1,76.0,88.3,Pedestrian_Event
EVT_00227,0,30.0,25.6,11,16.35,2029.0,0.0,15,6.5,107.1,51.9,37.3,51.1,58.3,76.3,87.8,Pedestrian_Event
EVT_00228,14,34.0,24.0,5,6.69,1538.1,10.87,17,70.9,50.6,60.2,18.5,90.1,52.9,73.6,60.2,Low_Activity
EVT_00229,15,28.0,40.8,4,13.53,2141.5,0.0,33,1.6,325.5,56.9,31.0,51.0,56.3,85.0,100.0,Free_Flow
EVT_00230,4,25.1,10.4,3,7.37,1122.5,15.78,24,63.5,65.0,54.6,21.1,85.8,63.9,87.6,74.0,Low_Activity
EVT_00231,54,19.5,54.9,6,7.76,1799.0,0.0,21,2.2,389.0,65.8,30.1,58.2,49.2,92.4,79.0,Heavy_Traffic
EVT_00232,16,15.4,78.8,7,18.54,1637.7,8.74,33,64.4,116.3,61.9,28.4,84.1,23.5,83.4,67.5,Incident
EVT_00233,25,23.5,40.1,2,20.93,1216.2,0.62,22,45.5,3.9,53.9,30.2,78.3,33.8,79.6,73.5,Incident
EVT_00234,24,31.2,31.2,11,19.03,1099.7,0.0,28,16.4,172.2,53.7,31.2,74.2,30.7,69.8,88.7,Free_Flow
EVT_00235,26,8.7,42.2,6,5.41,864.3,0.0,77,16.2,5.7,61.8,20.4,77.2,4.1,90.3,95.0,Free_Flow
EVT_00236,32,18.0,58.7,2,20.83,887.3,1.47,64,27.2,113.4,48.0,27.3,55.3,33.8,86.2,78.0,Pedestrian_Event
EVT_00237,22,44.1,35.8,12,15.89,2171.5,0.0,16,2.1,490.0,52.3,28.1,74.0,67.9,100.0,87.4,Free_Flow
EVT_00238,20,8.4,65.1,3,21.42,978.9,0.0,12,9.7,3.7,60.2,29.4,51.2,8.7,91.4,94.7,Incident
EVT_00239,14,44.5,42.0,12,17.35,1643.8,4.0,36,40.8,310.4,51.8,34.4,65.5,64.0,85.3,81.5,Pedestrian_Event
EVT_00240,1,49.0,19.2,0,1.32,776.6,0.38,29,32.7,58.4,55.7,21.1,82.8,37.8,85.9,76.1,Low_Activity
EVT_00241,18,46.4,26.3,4,9.94,1909.2,2.64,5,40.6,287.9,58.4,35.7,76.1,81.1,87.9,84.7,Free_Flow
EVT_00242,15,36.5,26.7,9,11.27,2118.6,1.31,23,31.4,335.2,54.6,31.8,67.6,100.0,95.4,99.6,Free_Flow
EVT_00243,28,11.6,72.0,10,9.77,2075.0,1.97,90,31.6,117.8,58.8,31.1,46.4,68.8,83.7,96.1,Heavy_Traffic
EVT_00244,9,36.1,12.5,1,2.38,900.1,0.0,13,13.5,181.0,46.3,22.6,74.9,8.9,83.2,72.0,Low_Activity
EVT_00245,16,4.7,73.1,3,7.01,2255.1,0.0,50,0.1,112.3,52.4,21.1,65.0,45.6,98.9,99.5,Heavy_Traffic
EVT_00246,7,45.1,12.5,1,1.65,1087.7,0.0,13,13.9,134.0,48.2,25.7,67.0,12.2,85.1,88.6,Low_Activity
EVT_00247,6,44.9,28.7,6,15.28,2131.4,0.0,13,15.6,132.9,48.0,31.8,53.0,48.9,92.1,85.0,Free_Flow
EVT_00248,57,37.1,26.8,4,20.09,981.6,0.0,35,0.3,379.0,66.4,21.7,80.3,12.9,85.0,82.2,Heavy_Traffic
EVT_00249,3,52.0,2.1,2,11.68,1651.8,2.99,8,38.4,214.5,58.1,26.3,83.6,66.9,98.1,73.5,Low_Activity
EVT_00250,18,35.4,18.6,10,11.07,2172.8,0.23,45,49.8,434.8,59.7,28.5,64.2,64.6,90.5,90.2,Free_Flow
EVT_00251,43,20.5,57.9,3,23.7,944.2,0.0,38,9.7,117.0,67.1,21.1,63.5,35.2,83.3,78.4,Free_Flow
EVT_00252,22,6.1,71.5,10,11.86,2099.8,0.0,11,6.8,4.2,56.9,28.5,64.3,73.8,86.5,100.0,Incident
EVT_00253,24,21.2,64.1,19,8.68,2435.4,0.0,0,18.5,86.2,48.6,24.7,66.6,71.9,77.5,92.8,Heavy_Traffic
EVT_00254,18,32.8,36.8,0,17.46,2170.2,0.78,0,45.6,85.8,61.3,36.7,62.3,27.5,82.9,84.1,Pedestrian_Event
EVT_00255,29,44.8,27.4,3,7.29,1868.0,0.0,35,4.3,96.6,65.6,22.9,63.1,31.8,91.7,83.0,Free_Flow
EVT_00256,15,45.6,29.4,5,12.08,2083.0,1.08,20,46.9,62.3,56.2,25.7,60.7,65.9,78.0,96.4,Free_Flow
EVT_00257,33,10.7,64.3,9,20.13,1455.1,1.54,49,38.9,21.8,50.1,24.4,70.9,4.6,92.1,79.5,Incident
EVT_00258,0,17.8,46.0,22,16.58,1359.6,10.04,66,56.0,352.4,56.3,33.9,81.5,71.9,97.4,83.0,Pedestrian_Event
EVT_00259,19,30.7,61.4,24,18.47,2512.2,1.73,71,10.5,337.3,67.8,32.8,63.1,43.3,77.2,86.0,Pedestrian_Event
EVT_00260,12,52.5,0.3,1,4.21,645.6,2.67,21,34.2,106.3,53.2,15.3,70.0,15.6,83.1,79.6,Low_Activity
EVT_00261,43,17.8,87.6,2,21.3,973.1,0.0,62,15.3,283.8,52.2,22.8,74.4,5.8,87.0,94.5,Heavy_Traffic
EVT_00262,19,55.0,37.5,4,14.69,2465.5,0.0,14,7.2,92.3,57.6,35.1,52.4,79.2,84.1,100.0,Free_Flow
EVT_00263,36,26.9,33.0,5,20.07,1054.4,0.0,84,19.5,149.8,57.3,25.2,71.5,19.5,78.2,66.9,Heavy_Traffic
EVT_00264,11,48.9,2.8,0,1.25,963.7,0.0,15,18.0,135.0,51.7,19.7,61.2,11.5,82.0,83.3,Low_Activity
EVT_00265,71,20.9,46.0,2,17.84,2029.3,0.0,48,12.6,244.3,68.8,33.4,62.9,31.6,90.6,100.0,Heavy_Traffic
EVT_00266,30,19.8,66.3,4,18.63,2060.3,1.82,58,37.9,38.6,55.9,34.1,75.2,30.2,85.2,90.2,Heavy_Traffic
EVT_00267,43,9.3,57.7,8,7.93,1687.8,4.69,83,52.6,88.9,65.9,23.9,70.4,44.3,95.7,86.6,Heavy_Traffic
EVT_00268,5,26.8,26.4,4,5.64,603.3,0.0,11,7.8,36.3,49.8,24.9,60.8,33.7,77.6,78.3,Free_Flow
EVT_00269,6,31.5,11.2,0,4.56,617.2,0.0,31,4.3,106.5,41.7,25.0,72.1,15.4,90.2,89.3,Low_Activity
EVT_00270,42,5.8,72.7,6,9.3,2251.3,0.0,94,0.5,35.3,52.1,28.3,57.6,84.9,81.5,100.0,Heavy_Traffic
EVT_00271,36,18.1,68.4,3,7.39,2032.3,0.0,69,5.0,434.3,55.6,22.8,57.5,64.3,86.1,92.9,Incident
EVT_00272,9,42.1,52.6,33,9.01,1394.1,0.0,70,18.8,149.2,50.4,22.5,75.4,65.9,100.0,85.5,Pedestrian_Event
EVT_00273,7,51.3,28.5,4,6.09,688.3,0.0,8,6.0,97.1,43.9,20.3,62.6,23.4,95.3,84.7,Free_Flow
EVT_00274,19,17.9,26.1,4,13.91,1971.9,0.58,15,19.7,76.9,53.4,28.5,64.3,72.7,94.2,86.8,Pedestrian_Event
EVT_00275,11,48.2,14.2,5,11.65,2303.3,0.0,41,38.3,181.0,49.5,39.1,57.2,60.6,81.6,59.6,Free_Flow
EVT_00276,32,7.4,69.1,7,7.89,1880.1,0.0,41,7.4,216.3,63.9,27.0,54.5,28.7,94.1,91.9,Heavy_Traffic
EVT_00277,19,57.7,45.2,0,22.53,1166.8,0.26,7,22.2,160.5,52.6,28.8,58.8,12.9,85.6,85.5,Free_Flow
EVT_00278,37,23.8,68.8,7,16.23,2349.9,0.0,86,0.8,188.2,60.8,21.0,61.7,61.0,89.5,100.0,Heavy_Traffic
EVT_00279,15,23.4,34.5,2,20.58,492.1,7.81,38,48.9,81.5,59.3,26.2,77.6,30.6,85.0,78.7,Heavy_Traffic
EVT_00280,21,38.2,49.6,2,13.57,2317.7,0.0,17,1.5,112.1,48.9,36.4,59.8,84.1,100.0,94.8,Free_Flow
EVT_00281,38,13.9,77.0,8,17.79,1858.9,8.83,71,37.7,75.2,61.3,25.8,73.5,31.8,72.6,71.8,Heavy_Traffic
EVT_00282,17,41.9,29.7,0,5.52,996.4,0.0,21,1.5,471.3,57.9,25.5,58.8,28.2,78.7,74.5,Free_Flow
EVT_00283,17,31.7,26.1,5,18.07,1755.2,2.06,19,39.0,247.3,64.6,29.4,66.4,28.9,94.8,78.9,Free_Flow
EVT_00284,33,20.1,53.9,9,17.97,2086.2,0.0,108,15.5,60.7,56.4,30.7,58.4,44.2,76.0,81.7,Heavy_Traffic
EVT_00285,0,3.0,51.6,4,14.49,1602.9,0.0,56,10.7,4.9,49.8,29.3,54.5,67.8,94.1,89.0,Incident
EVT_00286,17,28.5,28.4,12,9.48,1661.2,6.77,6,62.3,230.3,61.7,28.7,70.6,82.5,82.3,82.1,Free_Flow
EVT_00287,8,24.4,13.4,2,22.95,861.2,10.2,1,43.5,216.1,48.7,26.6,70.3,31.9,80.2,69.6,Low_Activity
EVT_00288,21,8.0,56.0,9,18.87,2280.8,0.93,64,47.3,40.9,50.6,30.4,77.6,21.5,90.2,69.9,Heavy_Traffic
EVT_00289,8,71.5,17.5,3,17.79,2085.4,3.04,18,54.4,325.8,68.0,28.8,75.1,33.5,83.3,76.2,Free_Flow
EVT_00290,14,27.4,36.4,1,4.85,1228.6,4.09,16,37.1,84.8,53.7,17.2,68.0,27.9,81.3,50.3,Incident
EVT_00291,27,29.5,32.9,7,16.25,2572.7,0.0,82,0.0,23.6,50.9,35.5,59.0,54.5,86.1,69.3,Incident
EVT_00292,41,22.5,84.1,15,9.79,1609.7,0.0,58,11.1,425.5,60.4,27.0,58.3,72.0,91.3,86.3,Heavy_Traffic
EVT_00293,8,26.4,23.3,3,13.31,2216.5,6.84,16,50.8,55.4,62.6,27.2,64.4,88.9,84.4,97.1,Heavy_Traffic
EVT_00294,6,31.6,0.0,2,14.79,2593.2,0.0,7,9.5,173.6,47.2,31.9,64.6,96.4,85.8,100.0,Free_Flow
EVT_00295,54,13.2,42.3,11,16.22,1610.7,0.0,21,3.7,74.2,65.0,29.8,70.6,41.7,98.3,91.2,Heavy_Traffic
EVT_00296,4,46.1,15.7,1,23.18,972.6,4.98,6,27.5,187.3,45.2,22.2,66.1,23.9,87.1,76.4,Low_Activity
EVT_00297,15,19.7,69.6,9,13.2,1489.8,3.86,51,47.3,387.3,56.1,34.4,77.0,75.5,87.5,63.2,Pedestrian_Event
EVT_00298,12,38.7,49.2,31,18.17,1811.9,0.0,73,17.5,41.4,60.8,24.7,70.8,26.5,79.0,95.0,Pedestrian_Event
EVT_00299,13,54.3,9.5,1,0.72,849.4,0.0,30,2.1,72.9,48.8,23.3,66.4,13.0,89.2,75.4,Low_Activity
EVT_00300,34,34.4,30.3,6,18.53,2331.8,0.0,20,3.4,46.4,63.4,30.9,56.5,40.1,100.0,98.0,Low_Activity
EVT_00301,33,7.8,85.4,8,17.61,2385.7,0.0,80,6.3,150.0,59.8,26.5,51.7,48.0,87.9,99.8,Pedestrian_Event
EVT_00302,4,66.9,16.6,1,23.27,702.7,8.99,12,45.0,203.7,60.2,22.6,77.7,11.9,91.7,74.0,Low_Activity
EVT_00303,9,33.8,71.6,31,13.71,2554.5,0.0,41,21.5,85.1,45.0,29.8,57.0,70.5,83.6,87.6,Pedestrian_Event
EVT_00304,6,19.6,61.8,9,20.07,1010.8,0.0,33,13.9,47.1,39.4,27.5,65.8,1.3,89.7,76.0,Incident
EVT_00305,16,46.9,18.4,5,18.18,1058.7,18.13,13,90.1,457.6,74.5,29.5,87.5,38.1,73.3,54.9,Pedestrian_Event
EVT_00306,19,48.4,33.5,2,21.32,907.1,0.52,24,34.2,46.9,50.6,26.1,61.3,18.2,82.0,92.5,Free_Flow
EVT_00307,22,25.1,44.6,33,8.47,1756.8,6.63,18,52.6,295.2,62.2,25.7,79.5,89.8,90.6,88.4,Pedestrian_Event
EVT_00308,21,14.5,65.0,10,0.46,978.9,0.0,15,12.6,10.4,48.6,23.2,68.9,0.0,100.0,89.0,Incident
EVT_00309,11,53.0,16.1,3,20.43,1132.8,2.31,36,46.6,35.7,44.2,30.2,67.6,6.5,81.6,59.2,Free_Flow
EVT_00310,8,16.3,7.6,1,16.42,2112.3,6.71,78,45.8,67.5,53.7,27.1,71.9,64.6,82.1,80.9,Pedestrian_Event
EVT_00311,11,68.4,15.6,0,12.2,1993.8,5.34,5,41.1,215.0,53.4,30.8,67.1,74.6,89.7,69.8,Low_Activity
EVT_00312,36,4.2,80.6,17,8.69,2265.5,0.0,66,1.4,348.9,57.4,27.4,61.8,63.3,98.9,100.0,Heavy_Traffic
EVT_00313,23,25.3,64.7,8,18.08,2342.9,0.0,89,24.9,129.2,50.5,31.5,59.7,36.8,91.6,82.6,Heavy_Traffic
EVT_00314,9,26.1,48.9,25,11.12,1911.4,0.61,32,43.6,275.7,58.8,29.5,52.9,82.1,100.0,72.2,Pedestrian_Event
EVT_00315,24,13.0,40.0,1,6.16,1212.7,0.0,43,8.8,4.8,60.1,22.4,66.7,21.2,75.1,73.9,Incident
EVT_00316,21,13.3,40.9,10,17.18,1858.2,0.0,49,1.1,14.9,52.6,32.5,63.7,53.5,88.2,93.7,Free_Flow
EVT_00317,31,42.4,30.2,17,19.29,1255.4,0.0,86,2.4,50.4,67.9,29.2,58.1,30.4,96.2,75.8,Pedestrian_Event
EVT_00318,8,13.3,42.7,21,16.91,1297.5,14.38,23,61.2,56.4,51.8,29.8,67.3,37.9,69.5,73.2,Pedestrian_Event
EVT_00319,9,30.9,29.6,7,18.44,2367.1,0.0,19,8.6,73.7,51.6,31.3,61.3,24.9,89.0,98.5,Free_Flow
EVT_00320,12,29.5,18.1,0,22.86,1215.1,0.0,11,43.8,54.8,58.7,27.0,61.5,22.5,87.6,85.3,Low_Activity
EVT_00321,20,30.6,34.6,19,15.46,1644.4,7.79,40,58.1,445.7,59.6,25.9,68.1,67.0,77.5,60.9,Heavy_Traffic
EVT_00322,0,41.4,37.5,6,12.51,2427.5,0.0,18,7.5,132.2,52.8,29.3,50.3,84.3,87.1,97.4,Free_Flow
EVT_00323,32,7.9,46.6,4,5.87,784.5,0.0,82,0.8,10.9,53.3,20.4,60.9,10.5,81.7,97.1,Heavy_Traffic
EVT_00324,31,24.5,76.2,14,20.15,968.1,3.49,72,24.7,132.7,48.6,23.9,52.8,35.5,88.8,78.6,Heavy_Traffic
EVT_00325,17,54.9,26.7,4,11.94,1346.2,12.28,25,72.4,38.1,64.2,25.9,84.2,77.0,90.7,67.4,Free_Flow
EVT_00326,26,27.6,3.1,18,10.5,2332.2,0.46,51,37.7,323.4,65.6,23.4,65.7,59.7,97.4,95.2,Free_Flow
EVT_00327,14,52.4,41.2,8,18.05,2364.0,0.0,26,2.9,127.3,64.3,28.3,60.4,19.8,84.7,77.4,Free_Flow
EVT_00328,15,67.0,21.9,1,4.62,468.2,5.19,0,25.0,189.1,53.2,21.6,70.1,7.4,100.0,77.1,Low_Activity
EVT_00329,32,15.0,33.4,3,0.73,690.8,0.0,63,8.3,13.7,50.9,19.5,65.2,27.9,76.7,91.4,Incident
EVT_00330,5,27.7,38.1,8,13.31,2633.2,3.02,35,31.3,69.4,54.3,32.3,63.9,68.1,90.2,90.1,Free_Flow
EVT_00331,15,36.4,42.1,2,17.87,2068.2,0.0,35,3.5,116.3,60.9,34.6,48.3,8.4,85.5,100.0,Free_Flow
EVT_00332,4,61.6,10.6,0,0.56,1540.0,0.0,12,5.8,497.1,55.0,20.6,68.6,7.6,88.4,72.4,Low_Activity
EVT_00333,3,65.2,6.8,1,15.95,2143.0,0.45,21,11.9,105.1,51.2,36.1,58.4,70.3,73.7,74.5,Low_Activity
EVT_00334,28,0.0,41.6,8,8.63,1324.7,14.71,71,100.0,392.9,73.3,24.3,100.0,49.5,87.4,55.9,Heavy_Traffic
EVT_00335,43,31.6,45.2,8,8.55,2568.1,0.0,153,17.4,47.3,59.4,20.9,64.3,50.1,89.5,93.5,Heavy_Traffic
EVT_00336,7,37.4,8.6,0,3.94,1229.9,0.0,8,1.2,244.8,48.3,27.0,58.4,23.8,81.7,80.2,Low_Activity
EVT_00337,13,29.0,27.7,4,15.54,1710.0,0.0,23,12.8,85.7,54.7,33.2,48.6,66.6,85.1,95.1,Free_Flow
EVT_00338,20,17.0,46.6,3,14.31,1215.1,0.0,29,13.0,150.4,48.5,32.8,55.4,74.7,90.5,99.0,Pedestrian_Event
EVT_00339,10,5.6,48.3,30,6.77,2159.7,0.0,6,33.8,196.5,54.4,25.0,63.3,27.7,86.6,88.9,Pedestrian_Event
EVT_00340,28,26.9,55.4,5,18.85,2345.9,4.03,91,45.2,412.9,54.4,27.7,72.5,16.6,100.0,83.4,Heavy_Traffic
EVT_00341,7,41.5,0.9,0,1.1,1155.7,0.0,1,24.6,173.8,44.8,27.3,60.5,16.9,78.9,93.0,Low_Activity
EVT_00342,50,3.9,75.2,3,3.31,943.8,0.0,62,2.6,18.0,47.6,20.5,71.8,27.9,84.8,87.2,Incident
EVT_00343,16,56.3,71.4,10,15.86,1413.9,10.04,3,51.2,457.0,54.5,22.7,80.6,48.9,83.2,74.1,Free_Flow
EVT_00344,2,17.9,23.3,2,12.14,1381.1,7.12,13,39.1,177.7,52.6,23.0,63.1,69.7,88.6,79.3,Low_Activity
EVT_00345,17,41.2,29.1,1,22.26,562.0,7.07,18,55.2,147.7,54.3,25.1,57.7,28.8,71.9,57.4,Free_Flow
EVT_00346,5,32.8,8.7,0,12.96,2414.3,0.0,15,8.7,158.0,47.0,29.1,60.1,72.7,86.1,88.0,Low_Activity
EVT_00347,14,30.3,35.8,12,20.0,713.6,0.0,32,19.7,45.4,47.0,34.2,61.9,29.6,90.0,85.4,Free_Flow
EVT_00348,16,40.6,64.5,5,17.77,2235.8,0.0,21,7.2,170.5,59.3,28.3,66.8,22.9,72.4,88.7,Free_Flow
EVT_00349,33,32.7,28.5,3,11.68,1729.5,1.18,10,30.6,51.6,59.3,31.9,54.4,100.0,80.3,86.0,Free_Flow
EVT_00350,24,23.1,54.6,7,18.82,1806.5,0.0,74,52.7,354.6,52.9,26.2,61.1,27.7,83.8,100.0,Heavy_Traffic
EVT_00351,45,19.4,56.7,3,9.7,2049.8,0.0,12,5.2,4.3,54.2,29.2,52.5,73.3,94.5,84.8,Incident
EVT_00352,12,43.5,32.6,4,6.2,2175.5,0.0,22,15.3,44.0,52.6,28.6,71.0,18.4,70.8,82.4,Free_Flow
EVT_00353,17,56.2,34.9,2,9.64,2192.6,0.0,0,5.1,202.2,57.5,27.3,58.7,64.6,83.2,95.6,Free_Flow
EVT_00354,4,42.6,17.1,2,7.4,1802.4,8.32,13,37.0,216.3,52.8,25.6,84.0,28.4,77.4,74.2,Low_Activity
EVT_00355,16,38.5,0.0,4,7.19,1870.7,4.61,0,52.2,48.3,60.4,21.8,83.0,22.1,84.2,75.0,Pedestrian_Event
EVT_00356,18,21.2,67.5,19,17.82,2005.7,4.65,48,32.3,144.7,47.5,29.1,74.5,46.0,86.8,91.7,Heavy_Traffic
EVT_00357,34,29.3,75.1,12,17.06,2260.7,0.11,70,19.3,25.8,60.7,30.7,66.1,47.0,80.1,83.9,Free_Flow
EVT_00358,45,4.2,73.9,5,7.76,1106.1,11.72,0,47.2,274.0,71.5,21.0,93.2,50.7,84.5,71.3,Heavy_Traffic
EVT_00359,6,44.2,12.2,1,23.48,1162.2,2.06,17,26.0,58.4,56.6,25.8,72.4,46.5,81.6,83.8,Free_Flow
EVT_00360,32,15.7,61.8,9,12.21,2553.2,0.0,2,13.8,27.9,59.9,30.3,72.1,73.0,70.6,97.5,Incident
EVT_00361,26,5.6,52.7,2,3.22,857.3,0.0,76,4.6,3.0,45.7,14.1,76.3,2.0,80.0,85.2,Incident
EVT_00362,11,63.1,56.3,1,23.24,1620.3,0.0,33,5.4,79.7,40.8,16.6,76.9,33.0,82.4,90.1,Free_Flow
EVT_00363,33,19.7,56.6,6,8.9,2118.7,0.0,11,16.9,61.9,58.0,25.2,69.1,64.3,90.4,77.5,Heavy_Traffic
EVT_00364,36,16.1,22.4,7,2.65,794.7,8.98,40,58.9,2.7,59.8,17.4,72.4,12.8,80.6,69.2,Incident
EVT_00365,23,6.3,51.7,2,4.06,1162.0,4.97,0,37.6,31.5,58.4,13.1,89.3,24.5,77.0,68.0,Incident
EVT_00366,58,19.4,56.7,6,6.17,1031.6,0.0,43,2.9,36.0,73.8,22.1,76.7,23.6,76.1,87.9,Heavy_Traffic
EVT_00367,40,5.5,47.6,3,16.35,2176.4,0.0,24,0.5,14.6,60.5,29.4,74.9,76.6,100.0,83.0,Incident
EVT_00368,18,22.7,62.2,7,17.84,2169.5,0.0,24,5.7,245.4,55.0,29.7,43.6,32.3,94.8,86.8,Pedestrian_Event
EVT_00369,2,26.1,37.1,14,4.32,674.2,0.0,63,24.3,186.4,48.0,19.7,76.7,33.9,94.1,80.5,Pedestrian_Event
EVT_00370,9,29.9,46.3,12,11.63,2193.6,0.0,22,9.4,85.2,50.4,30.1,68.1,65.2,83.9,98.4,Heavy_Traffic
EVT_00371,43,11.0,55.8,10,9.5,2279.9,0.0,41,8.5,108.2,62.4,28.8,65.9,92.7,80.4,75.3,Heavy_Traffic
EVT_00372,31,4.4,81.3,7,10.13,2561.0,0.0,38,0.4,88.2,52.0,28.9,63.2,65.8,69.4,95.9,Heavy_Traffic
EVT_00373,22,29.9,16.5,11,15.68,2572.9,0.0,0,3.8,232.7,63.4,32.7,59.8,46.2,84.4,100.0,Pedestrian_Event
EVT_00374,10,29.9,29.4,3,15.74,1713.9,0.0,16,0.0,174.5,48.9,28.3,52.5,60.3,73.1,94.8,Free_Flow
EVT_00375,33,11.7,53.4,11,14.72,1841.9,0.0,44,11.3,111.3,63.7,36.2,62.0,71.1,92.0,79.3,Heavy_Traffic
EVT_00376,36,23.1,55.5,9,13.57,2235.3,0.0,56,12.8,12.6,66.1,32.1,59.3,88.9,79.2,83.1,Incident
EVT_00377,20,25.0,34.7,14,6.85,2015.1,1.97,64,39.8,43.7,54.6,21.1,75.0,23.2,82.3,82.9,Pedestrian_Event
EVT_00378,65,14.2,72.5,8,19.45,987.9,0.0,108,0.1,39.7,61.9,27.7,59.8,6.5,73.7,84.4,Heavy_Traffic
EVT_00379,17,27.9,30.4,3,12.33,409.1,28.62,24,99.9,322.4,65.2,27.8,100.0,84.9,77.4,52.1,Free_Flow
EVT_00380,0,43.9,30.0,15,19.72,844.8,2.09,28,38.2,150.8,46.9,25.7,65.6,14.1,94.5,75.3,Free_Flow
EVT_00381,15,42.4,17.3,3,18.49,2213.9,0.0,7,12.6,75.4,47.7,31.0,59.5,20.1,84.1,100.0,Low_Activity
EVT_00382,7,42.2,18.7,0,23.68,1133.5,0.0,18,12.7,153.4,53.4,27.9,51.3,18.0,80.8,74.7,Low_Activity
EVT_00383,19,1.0,39.7,30,10.44,2030.8,0.0,74,5.6,94.5,47.6,25.1,64.3,63.2,98.6,91.5,Pedestrian_Event
EVT_00384,28,26.6,27.3,29,18.16,1897.3,12.12,15,54.3,65.8,61.3,34.2,92.5,27.1,78.4,56.8,Pedestrian_Event
EVT_00385,16,31.1,46.3,22,17.32,2365.3,0.0,58,2.1,131.6,48.5,29.6,48.7,39.2,83.2,100.0,Pedestrian_Event
EVT_00386,17,3.6,61.3,3,17.6,2059.3,0.58,88,50.6,58.9,46.4,27.6,68.8,46.7,94.9,93.3,Heavy_Traffic
EVT_00387,12,33.4,25.2,6,12.92,2032.5,0.0,18,10.3,47.0,56.3,34.0,58.7,72.3,88.0,88.1,Free_Flow
EVT_00388,32,31.1,77.4,24,9.65,1919.1,0.0,56,20.5,76.8,58.8,26.1,66.8,76.7,94.7,91.7,Heavy_Traffic
EVT_00389,16,32.7,18.9,3,23.25,797.5,13.29,19,75.8,37.7,57.4,27.7,70.1,25.5,81.6,55.8,Free_Flow
EVT_00390,31,19.4,37.3,2,4.29,818.4,4.35,62,59.8,23.0,49.3,16.6,88.1,15.5,98.9,52.3,Incident
EVT_00391,19,28.1,29.6,1,23.3,480.9,8.14,4,51.0,45.9,51.7,22.4,85.4,16.4,76.6,79.2,Free_Flow
EVT_00392,33,31.4,49.0,5,19.61,1085.5,0.0,94,0.2,110.8,58.2,29.9,66.0,13.9,97.5,98.5,Heavy_Traffic
EVT_00393,27,49.3,22.5,3,18.41,2061.5,5.43,35,25.7,240.4,63.7,27.2,69.6,38.0,93.3,96.3,Free_Flow
EVT_00394,31,21.8,29.6,8,7.2,2169.7,0.0,46,10.3,3.1,63.2,25.1,52.1,41.3,100.0,90.5,Heavy_Traffic
EVT_00395,50,18.2,56.9,5,20.13,877.8,9.31,98,45.3,231.5,76.0,26.6,79.3,5.9,90.7,47.1,Heavy_Traffic
EVT_00396,13,27.5,39.8,27,14.75,1265.2,12.39,8,75.5,483.8,64.9,27.4,66.8,64.4,87.6,68.1,Free_Flow
EVT_00397,4,47.8,11.0,1,23.24,1030.9,5.26,11,52.1,389.3,61.0,22.5,64.2,5.6,77.0,70.8,Low_Activity
EVT_00398,8,50.1,12.9,2,5.74,320.4,20.99,17,65.0,329.2,69.9,18.6,100.0,18.1,73.5,61.4,Low_Activity
EVT_00399,55,14.9,67.3,2,6.38,1991.1,0.0,32,17.6,62.1,62.6,20.8,62.5,27.4,76.5,86.7,Heavy_Traffic
EVT_00400,58,9.1,52.7,6,12.91,2715.4,0.0,44,2.7,230.4,60.5,35.3,52.5,76.0,77.8,82.8,Heavy_Traffic
EVT_00401,20,36.2,25.3,6,17.55,2544.0,0.0,38,1.3,109.4,67.8,30.1,57.8,26.2,91.2,92.9,Free_Flow
EVT_00402,12,57.1,56.6,4,11.72,2197.4,0.0,4,16.3,74.2,59.6,23.3,62.6,75.9,97.9,93.5,Free_Flow
EVT_00403,15,38.1,9.6,1,11.05,2270.4,0.0,20,4.6,51.6,65.4,28.8,69.7,73.0,84.1,91.4,Free_Flow
EVT_00404,47,18.1,63.6,11,17.26,1880.0,0.0,51,15.8,181.6,71.8,32.7,62.9,39.9,86.3,91.0,Heavy_Traffic
EVT_00405,14,38.4,37.1,2,17.22,1691.8,0.0,26,9.7,47.9,59.0,30.7,60.1,23.6,86.6,98.5,Free_Flow
EVT_00406,6,15.2,46.2,19,10.57,1958.6,3.95,88,44.9,112.4,51.1,20.4,75.0,84.2,85.0,79.5,Heavy_Traffic
EVT_00407,42,31.6,43.8,4,10.94,1907.2,0.0,78,1.4,361.9,59.6,29.6,65.6,81.5,79.4,87.4,Incident
EVT_00408,33,17.7,63.5,4,9.77,2588.3,0.0,83,2.3,451.2,65.3,25.3,74.0,88.2,79.1,97.2,Heavy_Traffic
EVT_00409,23,16.9,79.9,4,17.67,1088.9,15.68,67,68.0,166.3,60.5,28.0,95.3,53.2,96.8,68.2,Heavy_Traffic
EVT_00410,19,34.5,36.1,5,11.5,2805.1,0.0,41,17.0,38.5,39.8,37.6,59.1,84.8,94.2,93.7,Free_Flow
EVT_00411,11,57.4,25.3,2,17.89,2082.9,0.0,14,20.6,139.1,56.2,33.9,74.8,52.5,92.9,87.3,Free_Flow
EVT_00412,30,25.1,29.3,13,8.75,2447.6,2.83,28,50.7,381.4,62.1,20.3,70.3,65.2,79.3,85.5,Pedestrian_Event
EVT_00413,17,5.2,59.9,9,7.4,1912.7,0.0,46,0.9,211.2,44.5,24.1,51.9,41.4,79.2,100.0,Heavy_Traffic
EVT_00414,9,62.4,7.5,2,18.84,2226.5,0.0,14,11.8,347.8,62.0,28.2,59.7,12.7,88.5,87.3,Low_Activity
EVT_00415,0,37.4,16.6,14,17.77,2469.1,0.0,31,16.9,40.4,50.6,32.3,78.1,34.2,78.2,74.7,Free_Flow
EVT_00416,7,22.4,58.1,8,17.93,2517.4,0.0,14,7.4,122.2,40.7,30.5,58.0,20.2,86.5,88.0,Free_Flow
EVT_00417,3,64.4,8.0,4,0.64,1023.6,0.0,20,5.3,314.4,48.3,26.4,76.0,28.7,88.5,97.8,Low_Activity
EVT_00418,36,8.1,67.6,7,7.95,2268.4,0.0,18,7.2,148.7,64.7,25.3,61.3,44.7,75.7,100.0,Pedestrian_Event
EVT_00419,9,36.4,47.4,9,21.89,1129.0,0.0,29,16.3,266.6,47.9,19.4,65.0,46.1,72.5,71.6,Pedestrian_Event
EVT_00420,23,25.8,42.1,2,21.67,777.1,2.84,3,35.1,140.5,55.3,23.4,75.1,17.7,83.8,95.9,Free_Flow
EVT_00421,41,8.2,67.4,9,19.15,1060.3,3.42,1,27.9,168.1,63.8,33.0,58.4,25.5,93.8,82.7,Heavy_Traffic
EVT_00422,12,28.2,42.3,25,9.57,1952.1,1.25,32,21.1,226.4,53.8,23.1,76.1,69.1,83.6,91.9,Heavy_Traffic
EVT_00423,13,33.8,16.7,6,10.48,2236.3,2.82,3,21.0,70.4,57.1,24.6,74.0,71.2,91.2,68.6,Free_Flow
EVT_00424,34,22.7,60.5,3,4.95,917.0,0.0,0,0.3,22.3,52.3,17.8,76.3,17.3,81.3,99.4,Incident
EVT_00425,10,0.0,32.2,4,4.34,541.5,5.33,125,28.1,3.2,50.3,21.4,62.8,7.8,88.6,86.2,Incident
EVT_00426,34,30.2,65.7,12,17.65,2097.5,0.0,44,1.8,39.4,61.4,34.7,53.2,41.2,85.3,92.3,Heavy_Traffic
EVT_00427,38,24.2,74.6,6,4.52,557.2,5.11,90,41.3,14.0,67.8,21.9,77.5,25.9,91.5,67.7,Incident
EVT_00428,30,16.0,57.2,7,16.48,1891.9,8.1,80,37.0,189.6,63.7,26.3,95.6,51.2,85.0,84.2,Free_Flow
EVT_00429,31,52.7,39.0,10,9.65,1716.3,0.0,5,16.8,176.7,66.2,26.7,64.4,70.8,77.6,82.9,Pedestrian_Event
EVT_00430,11,29.9,42.5,31,15.48,2449.3,4.09,48,40.4,172.1,56.3,29.3,70.1,66.2,85.3,69.3,Pedestrian_Event
EVT_00431,28,14.6,45.1,15,17.91,1628.9,0.0,26,29.3,235.1,54.1,27.8,58.4,38.5,86.3,89.2,Heavy_Traffic
EVT_00432,3,40.5,10.1,2,11.47,2641.9,4.34,10,39.8,220.5,52.6,28.7,71.2,71.7,93.0,83.7,Low_Activity
EVT_00433,19,64.7,38.1,3,9.68,2059.2,0.0,11,8.6,121.7,58.6,27.7,60.1,64.7,98.2,80.2,Free_Flow
EVT_00434,61,16.0,73.2,6,17.44,1152.9,10.16,33,56.3,69.0,58.2,27.5,78.4,27.1,94.8,68.2,Heavy_Traffic
EVT_00435,19,61.3,40.9,2,12.24,2757.6,0.0,1,6.0,87.5,59.2,26.3,62.5,83.5,87.4,82.5,Free_Flow
EVT_00436,13,20.0,27.2,15,6.52,2592.5,0.0,14,0.7,96.8,54.8,20.0,64.7,32.2,93.9,86.1,Pedestrian_Event
EVT_00437,4,33.1,44.2,17,17.41,2621.0,0.0,49,0.3,455.0,57.3,32.2,51.7,36.0,73.2,89.0,Pedestrian_Event
EVT_00438,5,46.1,32.4,0,22.51,1113.3,0.0,15,26.7,114.3,56.8,25.3,61.8,17.9,75.3,94.5,Low_Activity
EVT_00439,0,21.9,50.2,3,2.48,1037.1,0.0,71,0.5,104.4,53.1,19.1,57.0,4.1,88.0,78.9,Incident
EVT_00440,26,17.0,55.7,3,20.89,1327.6,0.0,42,5.7,2.3,55.7,31.8,75.7,29.6,97.6,70.5,Incident
EVT_00441,34,58.1,44.6,7,16.63,2563.2,0.0,18,10.3,84.7,63.3,34.8,52.0,64.5,86.8,100.0,Free_Flow
EVT_00442,15,26.5,30.1,2,8.22,2193.5,0.0,16,2.6,262.8,49.1,24.9,63.4,46.8,88.0,94.1,Free_Flow
EVT_00443,27,13.0,58.2,18,8.14,2354.9,0.0,102,37.3,132.4,52.4,26.8,59.5,61.6,89.1,84.2,Heavy_Traffic
EVT_00444,11,33.7,10.8,2,17.13,2156.8,0.0,30,5.1,57.7,52.9,29.3,58.7,49.5,76.3,80.7,Low_Activity
EVT_00445,19,42.6,41.5,8,18.61,2089.6,0.0,13,11.3,63.0,56.3,30.2,59.3,0.0,77.5,89.0,Free_Flow
EVT_00446,40,22.7,60.9,9,13.18,1823.6,8.58,94,62.8,91.8,67.1,27.4,82.8,84.0,86.2,64.2,Heavy_Traffic
EVT_00447,22,54.7,64.0,0,9.59,1744.1,0.0,43,11.0,293.9,57.6,25.3,61.6,76.6,77.4,100.0,Pedestrian_Event
EVT_00448,29,20.7,77.4,16,7.78,1337.5,2.43,26,32.1,351.7,59.5,24.1,65.1,46.2,88.9,97.9,Heavy_Traffic
EVT_00449,35,20.2,48.8,5,7.49,1643.8,8.88,47,38.8,100.4,60.1,16.5,78.9,55.6,85.7,81.6,Heavy_Traffic
EVT_00450,26,12.1,44.2,8,21.96,906.3,10.36,39,78.7,11.3,58.2,16.5,98.3,17.3,78.0,53.4,Incident
EVT_00451,26,16.3,78.9,12,7.82,1970.5,2.45,8,40.5,62.1,59.9,22.9,83.3,58.7,88.2,73.6,Heavy_Traffic
EVT_00452,33,21.9,59.7,2,16.34,2677.6,0.0,109,13.9,310.9,57.2,35.5,56.5,54.1,79.8,80.9,Heavy_Traffic
EVT_00453,17,37.8,17.7,0,9.49,2040.5,2.08,23,33.8,226.5,55.5,19.4,70.9,65.2,79.0,77.6,Free_Flow
EVT_00454,22,31.5,32.7,33,9.84,2169.5,1.96,42,49.0,122.6,55.9,31.0,63.9,82.9,81.3,75.1,Pedestrian_Event
EVT_00455,25,46.8,35.8,26,18.09,2072.8,0.0,42,27.1,186.2,57.8,26.9,67.4,29.9,79.2,97.3,Pedestrian_Event
EVT_00456,49,32.3,62.8,9,19.95,805.6,0.0,92,2.9,257.9,64.2,25.1,70.1,20.7,88.8,86.8,Heavy_Traffic
EVT_00457,20,14.8,74.0,10,8.78,1377.2,11.82,68,46.3,3.9,55.8,24.8,96.6,65.6,90.3,80.5,Incident
EVT_00458,20,25.6,38.8,5,14.02,1697.5,7.32,38,54.1,15.4,52.7,29.1,64.7,80.2,82.5,78.5,Incident
EVT_00459,42,18.7,74.2,8,17.85,1372.4,0.0,86,3.9,223.4,65.6,29.3,59.0,29.3,87.3,86.4,Heavy_Traffic
EVT_00460,23,35.4,27.6,4,6.74,1664.5,0.58,37,27.8,161.6,48.9,24.9,67.5,36.6,85.8,89.0,Free_Flow
EVT_00461,17,40.4,40.5,23,17.16,1308.7,7.5,0,37.9,200.6,59.8,27.0,75.7,47.6,78.1,82.3,Pedestrian_Event
EVT_00462,28,19.4,57.8,8,19.41,1345.2,0.0,66,1.6,60.5,48.8,27.6,77.2,9.7,78.7,75.0,Heavy_Traffic
EVT_00463,38,50.1,29.8,12,15.62,2365.3,0.0,27,41.3,40.2,67.3,32.5,53.8,61.4,93.0,73.4,Free_Flow
EVT_00464,16,19.8,17.7,21,7.26,1578.1,11.19,60,52.6,187.8,64.2,23.5,81.5,37.8,79.9,59.5,Pedestrian_Event
EVT_00465,27,22.9,51.0,7,6.99,1773.6,5.35,74,56.5,331.6,63.6,21.3,76.3,38.4,87.9,82.5,Pedestrian_Event
EVT_00466,3,1.8,25.4,1,22.53,741.7,0.0,7,6.0,125.9,46.2,26.6,71.3,15.8,86.8,89.1,Low_Activity
EVT_00467,21,3.7,53.4,14,13.62,1806.3,0.0,114,9.1,92.7,63.2,33.8,69.5,75.4,92.3,100.0,Incident
EVT_00468,67,31.2,45.1,7,9.78,2137.9,0.0,41,7.3,75.6,66.7,30.1,60.0,89.9,80.8,92.7,Heavy_Traffic
EVT_00469,7,42.7,0.0,1,23.91,909.7,0.0,9,6.0,155.9,46.7,22.0,55.8,16.8,90.3,90.5,Low_Activity
EVT_00470,52,15.2,98.4,2,19.52,1050.7,0.0,38,10.5,330.5,65.2,26.5,58.4,31.3,73.4,73.5,Heavy_Traffic
EVT_00471,34,14.3,68.6,5,21.87,605.3,0.0,52,16.6,10.6,62.3,25.3,85.1,12.5,76.6,76.6,Incident
EVT_00472,13,23.4,16.9,1,21.49,891.0,0.0,46,7.5,49.2,45.3,20.2,54.1,1.1,94.1,70.0,Free_Flow
EVT_00473,21,5.5,49.8,1,23.08,678.8,13.98,44,81.2,20.0,54.8,16.8,98.0,20.5,85.3,53.5,Heavy_Traffic
EVT_00474,33,23.8,69.2,34,13.64,1538.6,0.0,32,0.5,109.1,55.9,31.2,64.6,91.0,92.7,92.6,Pedestrian_Event
EVT_00475,2,39.6,0.3,1,3.59,679.8,0.0,13,7.5,122.3,46.4,23.4,56.6,16.5,91.6,79.4,Low_Activity
EVT_00476,8,26.8,29.6,11,15.0,2096.9,0.0,14,19.6,257.3,47.8,30.7,52.3,75.1,87.3,73.5,Free_Flow
EVT_00477,37,16.1,61.1,3,9.53,1756.2,4.75,49,59.4,4.3,56.7,18.7,66.0,91.8,81.1,96.3,Incident
EVT_00478,19,31.4,19.0,3,7.19,2823.4,0.0,41,6.5,42.9,55.2,25.1,56.4,36.8,80.6,100.0,Free_Flow
EVT_00479,20,39.5,28.6,8,12.57,2238.8,0.1,9,28.6,178.1,55.0,32.8,57.1,88.5,68.2,83.7,Free_Flow
EVT_00480,16,0.0,18.2,32,16.68,1784.8,5.43,54,59.6,65.6,50.3,29.9,63.4,29.8,84.8,83.0,Pedestrian_Event
EVT_00481,1,39.3,8.6,0,4.58,1041.6,0.0,1,6.0,72.6,46.9,18.7,63.0,23.4,74.4,87.1,Low_Activity
EVT_00482,21,0.0,19.4,32,14.48,1744.5,3.27,49,53.7,387.3,49.4,27.2,73.0,70.1,97.6,78.7,Pedestrian_Event
EVT_00483,37,23.3,75.0,6,18.53,1233.7,16.99,45,76.3,77.0,74.6,28.6,89.5,34.6,76.8,66.4,Heavy_Traffic
EVT_00484,4,28.4,4.1,1,3.07,808.3,0.0,20,1.1,330.6,58.4,17.7,64.6,44.9,99.5,98.1,Low_Activity
EVT_00485,16,52.5,10.2,3,6.56,2275.5,0.0,24,2.7,37.6,55.1,24.0,56.5,42.6,84.5,87.0,Free_Flow
EVT_00486,28,10.9,75.1,3,20.74,718.9,0.0,101,20.5,4.8,60.8,23.7,72.2,2.3,90.5,87.7,Incident
EVT_00487,12,43.6,33.2,6,19.87,734.0,0.0,30,11.2,126.5,54.3,22.4,69.8,34.2,93.6,64.3,Free_Flow
EVT_00488,37,18.7,60.7,6,9.04,2377.4,0.0,21,29.0,158.9,60.3,27.7,54.4,85.2,91.3,84.6,Heavy_Traffic
EVT_00489,30,35.7,31.2,7,8.86,2125.9,1.22,24,58.3,99.9,55.9,24.7,72.2,62.6,97.8,91.2,Free_Flow
EVT_00490,3,47.6,17.3,1,3.22,1089.2,0.0,13,0.5,153.8,43.4,17.9,71.2,9.4,74.4,77.3,Low_Activity
EVT_00491,4,34.6,39.7,3,9.84,2785.6,0.0,35,12.2,385.8,49.7,26.2,51.3,88.7,91.6,86.8,Free_Flow
EVT_00492,30,23.2,62.5,7,23.62,853.1,0.0,32,2.6,34.3,50.6,19.5,76.3,25.8,77.5,80.6,Incident
EVT_00493,22,29.0,32.3,23,6.6,2351.1,0.0,93,14.1,82.9,54.2,21.0,43.6,47.5,91.9,84.6,Pedestrian_Event
EVT_00494,25,48.1,41.4,4,17.12,2248.0,0.0,19,15.1,230.1,49.0,33.6,55.2,78.8,80.5,100.0,Free_Flow
EVT_00495,42,17.4,49.0,2,13.31,2438.3,0.0,57,13.4,249.8,59.5,29.9,76.9,82.5,93.8,88.7,Heavy_Traffic
EVT_00496,45,30.2,91.1,8,10.25,2305.7,0.0,60,6.3,231.9,63.5,25.1,46.1,85.9,80.5,80.1,Heavy_Traffic
EVT_00497,16,18.8,68.5,3,16.73,2630.1,0.0,1,0.2,62.7,59.9,34.0,61.9,64.8,71.6,99.5,Heavy_Traffic
EVT_00498,48,21.9,57.3,7,8.76,1935.5,0.0,0,3.5,141.4,53.8,22.3,50.3,44.5,89.2,89.3,Heavy_Traffic
EVT_00499,13,22.2,30.1,12,12.93,1005.0,13.41,43,61.5,233.1,56.8,28.3,72.4,94.9,90.1,77.7,Pedestrian_Event
EVT_00500,15,35.9,46.7,5,7.49,2338.2,0.0,47,7.1,72.6,55.9,25.8,74.9,52.2,86.2,100.0,Pedestrian_Event
EVT_00501,4,67.3,20.7,0,3.15,1148.4,3.73,21,34.2,358.3,53.6,20.3,69.8,17.3,88.7,89.3,Low_Activity
EVT_00502,29,7.0,75.3,4,2.75,689.3,0.0,63,11.5,33.9,54.7,20.0,80.1,12.2,83.6,72.4,Incident
EVT_00503,0,19.9,14.0,7,19.37,892.9,0.0,96,12.6,4.3,40.9,31.6,59.8,48.9,82.1,93.5,Incident
EVT_00504,42,19.5,65.1,6,16.76,1569.7,1.3,115,41.9,89.3,62.3,33.7,48.4,48.3,81.7,86.1,Heavy_Traffic
EVT_00505,12,17.4,0.2,2,13.62,2448.8,0.0,4,12.1,446.5,51.2,31.3,54.3,100.0,84.0,91.1,Low_Activity
EVT_00506,34,14.1,79.6,7,10.66,1659.0,9.67,25,62.9,37.2,61.1,30.7,72.7,82.8,85.0,81.8,Heavy_Traffic
EVT_00507,21,15.9,34.6,38,8.17,2610.0,0.0,55,6.7,223.1,48.7,22.5,59.3,58.1,84.7,86.3,Pedestrian_Event
EVT_00508,23,6.5,68.6,2,6.27,614.2,25.18,100,94.5,9.8,66.5,16.6,90.8,48.9,75.6,67.4,Incident
EVT_00509,16,54.5,40.2,2,5.73,818.5,13.43,20,58.4,154.3,60.2,13.6,90.4,22.7,85.7,55.4,Free_Flow
EVT_00510,25,37.7,55.2,9,11.62,1939.3,0.0,28,4.3,73.0,67.3,26.9,58.1,86.0,90.6,97.8,Pedestrian_Event
EVT_00511,10,56.1,13.5,0,0.29,940.5,0.0,27,3.2,150.0,54.7,26.5,64.4,18.9,96.3,97.4,Low_Activity
EVT_00512,38,22.9,62.1,7,7.92,2306.8,0.1,112,34.8,460.3,57.4,32.4,46.0,60.1,80.8,100.0,Pedestrian_Event
EVT_00513,39,9.5,42.0,13,17.9,2302.4,0.0,41,7.7,158.8,58.3,32.9,55.3,32.5,90.3,88.9,Heavy_Traffic
EVT_00514,4,41.9,26.6,1,23.63,605.2,4.51,0,37.4,168.6,60.4,14.6,67.2,8.9,93.0,83.6,Low_Activity
EVT_00515,36,20.8,46.7,10,16.83,2079.7,3.46,68,39.3,139.5,59.2,30.8,62.2,55.6,86.4,76.7,Heavy_Traffic
EVT_00516,15,28.3,33.6,6,12.91,2437.9,0.0,12,14.7,431.9,46.9,30.5,60.0,72.2,88.3,100.0,Free_Flow
EVT_00517,36,21.8,80.3,1,18.52,2566.4,0.0,44,15.3,147.4,67.5,32.1,56.2,17.4,96.4,93.0,Heavy_Traffic
EVT_00518,29,35.5,50.3,20,13.42,1833.0,7.15,73,36.5,116.0,69.6,34.7,68.5,84.0,91.8,68.8,Pedestrian_Event
EVT_00519,37,16.7,83.1,8,12.65,1907.1,0.0,74,3.9,94.0,62.8,31.9,56.8,70.3,81.7,84.7,Heavy_Traffic
EVT_00520,2,18.4,75.0,14,14.91,2191.8,0.0,64,11.1,10.0,49.1,31.1,61.3,68.5,94.0,100.0,Heavy_Traffic
EVT_00521,11,29.5,44.3,30,18.67,2087.8,1.91,59,50.0,69.7,50.7,28.8,71.5,30.1,88.3,81.4,Pedestrian_Event
EVT_00522,3,35.6,8.0,1,23.04,924.0,0.0,7,19.1,131.5,45.1,24.4,65.8,14.3,78.2,83.1,Low_Activity
EVT_00523,12,13.5,0.0,0,21.73,1025.0,4.73,24,46.0,101.8,54.4,23.1,75.4,15.4,95.0,92.2,Low_Activity
EVT_00524,3,58.4,24.0,7,16.93,1741.0,0.0,17,0.5,160.3,59.8,32.8,67.5,42.3,86.4,95.7,Free_Flow
EVT_00525,19,41.8,36.6,4,8.7,2421.4,0.0,19,22.3,210.5,63.7,26.6,64.4,51.8,91.5,82.6,Free_Flow
EVT_00526,3,10.6,18.8,8,19.17,609.0,11.33,18,61.4,444.9,53.0,26.0,79.0,30.1,81.0,77.7,Free_Flow
EVT_00527,34,21.3,73.5,6,7.24,866.7,18.45,40,76.0,277.5,67.4,24.5,100.0,44.8,88.6,71.1,Heavy_Traffic
EVT_00528,15,36.2,12.6,3,6.61,2123.0,0.0,23,4.2,415.1,47.3,24.5,51.0,33.3,83.6,90.2,Free_Flow
EVT_00529,12,38.6,24.3,2,10.81,1638.6,0.0,2,3.9,87.7,54.6,22.4,78.8,94.6,80.0,80.7,Low_Activity
EVT_00530,3,51.8,20.5,2,23.55,982.7,0.0,16,3.6,250.2,59.8,20.0,55.9,14.3,83.6,100.0,Low_Activity
EVT_00531,26,12.5,41.9,14,16.28,2002.1,3.83,54,57.9,123.1,59.1,29.8,69.2,74.5,85.1,91.9,Heavy_Traffic
EVT_00532,24,53.6,22.1,7,13.51,2144.1,0.0,0,6.2,165.3,60.5,34.9,59.5,95.4,92.5,86.4,Free_Flow
EVT_00533,19,15.0,66.6,2,4.35,1166.3,1.82,80,42.8,4.3,49.0,15.7,72.5,26.0,85.5,67.1,Incident
EVT_00534,0,55.2,15.1,19,16.45,2537.6,0.0,19,2.1,210.0,52.5,24.1,62.6,67.3,79.7,78.5,Pedestrian_Event
EVT_00535,14,16.3,34.6,7,13.08,1679.0,4.1,51,51.2,18.7,55.4,37.1,76.2,90.0,87.0,70.6,Incident
EVT_00536,28,0.3,45.5,11,7.24,2141.0,0.75,15,38.8,47.9,60.4,16.4,83.5,49.9,80.4,77.2,Heavy_Traffic
EVT_00537,17,15.3,84.6,2,12.41,2072.9,0.0,29,11.5,17.6,44.4,32.6,51.3,82.5,83.5,100.0,Incident
EVT_00538,10,24.1,25.3,1,2.29,1425.9,0.0,24,6.3,87.5,40.6,17.5,57.3,22.9,73.7,75.7,Low_Activity
EVT_00539,11,37.6,23.4,7,7.8,2279.0,0.0,22,2.5,267.4,50.6,28.2,64.7,60.9,90.4,100.0,Free_Flow
EVT_00540,56,9.8,74.1,16,11.72,2286.8,0.0,63,13.5,103.3,75.9,29.8,57.0,100.0,83.7,74.6,Heavy_Traffic
EVT_00541,25,24.6,86.2,6,18.21,2193.4,0.0,49,1.6,278.3,59.4,30.6,67.7,35.4,79.5,87.0,Heavy_Traffic
EVT_00542,19,34.5,51.4,4,14.01,1539.5,4.22,20,45.7,40.5,54.3,31.4,77.2,80.5,82.0,78.2,Free_Flow
EVT_00543,41,6.7,48.4,9,17.08,1745.2,0.0,63,4.6,3.7,61.8,32.6,61.3,36.2,92.1,97.5,Incident
EVT_00544,15,39.0,40.6,6,10.59,2251.0,1.13,18,25.3,88.1,62.0,29.5,63.3,72.6,78.9,100.0,Free_Flow
EVT_00545,34,3.4,71.6,8,19.87,842.9,3.28,54,30.3,474.0,62.3,26.3,75.8,40.7,99.4,70.6,Heavy_Traffic
EVT_00546,3,37.6,12.0,2,23.96,927.9,0.0,24,6.1,98.5,51.1,22.8,62.5,15.4,89.2,98.3,Low_Activity
EVT_00547,11,68.1,30.0,2,19.72,1479.8,0.0,26,18.1,119.1,63.1,35.6,50.7,37.0,72.5,85.1,Low_Activity
EVT_00548,24,38.8,20.3,17,15.84,2689.0,0.0,56,4.2,57.3,53.1,34.5,53.6,53.0,89.7,91.4,Pedestrian_Event
EVT_00549,15,7.9,28.0,15,17.05,2443.7,0.0,27,60.0,433.9,55.8,38.2,56.4,64.8,97.9,80.2,Pedestrian_Event
EVT_00550,23,20.9,45.0,18,7.68,1986.4,0.0,86,4.8,295.6,52.4,25.5,72.9,62.6,81.8,77.1,Heavy_Traffic
EVT_00551,13,43.9,15.0,8,6.3,2133.5,0.0,13,6.5,111.5,54.2,22.4,71.2,34.0,91.3,90.9,Free_Flow
EVT_00552,34,12.6,77.1,11,8.92,1947.1,2.07,35,38.2,260.0,57.2,28.3,74.4,44.1,93.8,78.2,Heavy_Traffic
EVT_00553,19,29.1,70.5,4,13.79,2027.3,0.0,58,3.5,57.1,52.3,37.2,45.2,70.0,93.1,93.5,Heavy_Traffic
EVT_00554,7,58.4,52.3,3,8.06,2175.2,1.26,0,32.3,474.3,57.0,22.8,83.3,72.7,79.9,84.2,Free_Flow
EVT_00555,14,28.1,25.9,10,6.96,1958.7,0.0,23,5.4,176.2,50.1,21.2,70.8,29.8,83.3,86.0,Pedestrian_Event
EVT_00556,34,31.4,53.6,9,16.92,1796.2,0.0,50,11.4,53.8,56.1,32.0,47.9,58.6,88.7,90.7,Heavy_Traffic
EVT_00557,32,25.1,49.3,28,14.92,2152.2,0.0,31,9.4,77.3,58.6,27.4,54.5,63.2,93.0,99.6,Pedestrian_Event
EVT_00558,21,27.6,21.1,3,11.54,2104.3,4.59,22,48.4,339.1,60.2,33.5,70.4,66.2,85.2,85.0,Free_Flow
EVT_00559,26,1.5,57.1,9,7.09,1562.6,0.0,90,23.7,148.2,55.0,23.9,64.9,41.6,79.6,90.9,Heavy_Traffic
EVT_00560,14,15.3,35.7,10,15.92,1757.6,7.6,57,39.2,81.0,51.1,35.2,57.7,54.3,79.3,58.0,Incident
EVT_00561,22,36.1,40.3,15,8.74,1987.7,0.0,18,27.9,101.9,53.7,25.4,63.8,57.6,88.2,92.8,Pedestrian_Event
EVT_00562,48,0.0,84.2,5,6.42,2236.1,0.0,78,0.2,169.6,58.0,19.6,61.9,37.7,82.7,98.2,Heavy_Traffic
EVT_00563,27,8.5,50.0,5,10.3,1766.1,5.77,80,40.3,292.2,59.0,28.0,77.0,82.4,79.7,88.9,Heavy_Traffic
EVT_00564,28,44.3,24.7,6,14.61,1957.4,0.0,20,9.9,172.3,58.9,29.5,59.5,46.7,77.4,99.4,Free_Flow
EVT_00565,28,41.4,14.7,0,21.7,1378.6,0.0,41,40.0,72.8,57.9,27.1,60.4,8.4,96.3,64.0,Free_Flow
EVT_00566,18,15.6,41.5,1,2.6,733.3,0.33,6,40.8,32.3,43.0,21.5,62.8,22.9,99.0,80.8,Incident
EVT_00567,9,38.7,58.7,23,13.21,2145.3,0.0,37,6.6,103.3,51.3,23.9,68.4,90.3,96.8,84.0,Pedestrian_Event
EVT_00568,13,23.2,35.1,16,13.16,2282.8,4.43,10,53.6,35.4,56.8,29.5,71.3,85.2,96.6,75.4,Pedestrian_Event
EVT_00569,30,21.1,47.2,3,20.51,726.4,0.0,56,1.1,4.0,52.2,19.2,75.3,18.1,91.0,90.4,Incident
EVT_00570,28,47.6,22.0,4,10.19,1930.2,2.48,0,39.3,394.0,63.9,26.0,79.3,74.5,96.2,94.4,Free_Flow
EVT_00571,26,1.5,60.9,7,18.65,2671.1,0.0,67,10.0,410.5,67.0,30.9,59.3,21.8,81.8,83.2,Heavy_Traffic
EVT_00572,34,26.9,54.7,5,7.93,2087.2,0.0,80,10.0,70.9,57.2,29.9,65.8,48.9,81.1,100.0,Heavy_Traffic
EVT_00573,27,41.1,41.1,27,18.07,2614.2,0.0,62,2.7,118.3,63.3,32.0,74.7,27.4,84.8,89.5,Pedestrian_Event
EVT_00574,23,18.9,55.8,5,8.72,1883.1,0.67,99,43.9,157.5,53.7,29.5,81.9,51.3,80.5,88.0,Incident
EVT_00575,20,61.2,35.1,3,17.12,1979.2,1.42,32,56.1,93.0,54.2,25.6,70.0,29.4,80.8,71.2,Free_Flow
EVT_00576,3,51.4,0.0,1,0.14,855.8,5.83,10,58.4,462.7,55.2,15.3,71.5,1.5,86.6,75.1,Low_Activity
EVT_00577,35,3.9,61.7,16,10.94,2353.9,0.0,31,4.9,199.3,58.9,24.9,60.9,84.9,87.6,94.8,Pedestrian_Event
EVT_00578,5,43.9,5.3,1,3.19,1031.2,0.29,7,50.3,111.2,56.3,21.2,69.5,25.3,88.9,90.3,Low_Activity
EVT_00579,11,24.7,41.7,3,21.63,810.1,0.0,13,25.8,35.2,51.6,26.0,69.6,23.0,86.1,69.6,Free_Flow
EVT_00580,8,37.1,17.0,3,5.22,1111.8,0.0,45,1.7,183.4,56.8,20.3,76.8,16.5,80.7,82.0,Free_Flow
EVT_00581,25,6.2,30.8,3,10.93,1808.7,0.0,41,5.1,41.0,51.4,31.5,69.5,69.8,80.8,86.0,Incident
EVT_00582,30,34.4,56.1,5,7.14,1946.7,0.0,24,24.6,112.8,54.1,18.9,70.8,45.6,86.4,94.9,Heavy_Traffic
EVT_00583,4,29.0,5.0,0,3.85,988.9,3.28,23,36.1,207.1,41.9,19.3,80.8,12.1,90.6,92.9,Low_Activity
EVT_00584,5,32.8,15.0,2,18.32,1659.5,6.76,2,49.4,53.8,60.3,21.0,87.5,19.7,88.0,71.6,Low_Activity
EVT_00585,30,16.0,27.2,17,12.85,2339.3,0.0,64,0.1,95.6,55.3,28.9,50.9,63.2,82.8,89.5,Incident
EVT_00586,2,51.4,24.4,1,23.35,787.7,3.34,8,37.1,108.6,42.8,18.0,78.0,10.3,94.5,89.1,Low_Activity
EVT_00587,18,42.3,27.9,12,11.99,1992.1,0.0,35,7.3,252.3,58.0,33.3,55.4,73.2,90.0,76.8,Free_Flow
EVT_00588,21,35.2,23.5,2,5.52,1102.2,0.0,9,1.7,154.2,62.8,20.0,58.3,6.3,86.7,85.7,Free_Flow
EVT_00589,27,30.5,39.6,23,14.78,2034.1,3.2,16,35.7,110.8,62.8,33.8,66.3,87.8,89.8,81.2,Pedestrian_Event
EVT_00590,0,53.9,39.2,3,12.87,1774.1,1.01,25,21.8,42.4,50.9,34.5,66.1,68.3,96.4,99.2,Free_Flow
EVT_00591,26,45.3,15.5,3,16.46,2177.5,0.0,29,14.9,328.4,48.1,40.6,57.4,60.9,82.7,89.6,Free_Flow
EVT_00592,2,47.7,13.9,1,0.26,971.5,3.34,8,30.8,77.2,55.3,25.6,75.1,20.0,85.5,75.7,Low_Activity
EVT_00593,7,44.9,3.3,10,17.69,1838.2,2.62,0,24.2,163.2,59.2,32.8,63.4,57.3,83.1,79.0,Low_Activity
EVT_00594,16,51.9,9.4,1,23.14,893.4,5.9,0,52.5,136.1,63.5,21.2,89.1,27.8,83.5,53.8,Low_Activity
EVT_00595,7,48.5,25.8,5,10.11,2379.4,0.0,33,4.9,52.7,53.0,25.9,70.3,77.7,81.8,77.1,Free_Flow
EVT_00596,35,19.2,95.3,5,11.56,1879.5,5.93,75,41.6,403.1,65.9,28.3,68.0,77.0,79.6,88.0,Heavy_Traffic
EVT_00597,8,21.9,31.0,7,8.19,1608.3,0.0,59,8.3,376.7,50.8,22.5,65.6,62.0,84.0,94.9,Pedestrian_Event
EVT_00598,20,0.0,27.8,15,16.66,2059.5,3.35,40,45.8,19.8,51.5,32.8,67.7,63.8,87.4,72.8,Incident
EVT_00599,3,43.1,0.0,2,0.68,1032.8,0.0,23,8.9,66.5,53.8,21.0,62.2,4.7,75.1,76.9,Low_Activity
EVT_00600,13,64.3,1.9,6,19.96,920.1,2.96,37,38.3,64.4,46.7,22.1,82.3,24.6,86.6,79.4,Free_Flow
EVT_00601,45,19.1,53.2,5,16.74,2092.8,0.62,57,39.1,278.2,70.0,30.3,69.9,31.7,83.4,77.1,Heavy_Traffic
EVT_00602,26,0.0,41.8,6,12.13,1941.5,5.74,0,41.3,110.1,54.8,27.7,60.7,99.8,82.1,95.2,Incident
EVT_00603,21,10.6,59.9,2,16.09,1391.7,12.89,134,57.9,37.2,59.4,27.7,80.0,59.7,90.4,75.0,Heavy_Traffic
EVT_00604,19,13.0,30.2,3,3.52,1274.0,0.0,49,8.0,12.4,57.3,19.8,68.4,33.2,73.2,80.5,Incident
EVT_00605,4,26.9,39.1,8,20.57,984.1,0.0,35,5.4,177.2,42.0,27.4,61.3,8.6,83.2,92.1,Pedestrian_Event
EVT_00606,24,43.6,43.4,1,21.06,755.7,0.0,38,2.2,193.8,53.6,22.3,66.4,39.9,89.1,82.1,Free_Flow
EVT_00607,17,16.0,55.5,21,14.73,2078.3,3.34,61,45.9,46.1,57.0,32.1,93.4,74.2,77.8,79.0,Pedestrian_Event
EVT_00608,5,59.2,5.3,2,18.06,992.5,17.86,17,87.2,349.5,64.1,26.4,98.8,41.1,79.2,83.8,Low_Activity
EVT_00609,21,22.2,58.4,3,10.2,2083.1,0.0,60,4.5,20.8,46.6,29.0,66.1,49.2,87.5,97.9,Incident
EVT_00610,13,34.8,20.0,13,15.08,2692.1,0.0,45,1.6,392.2,61.6,30.7,52.7,58.9,80.8,100.0,Pedestrian_Event
EVT_00611,1,49.8,14.3,1,22.57,1196.9,2.2,25,31.7,362.3,49.8,20.8,80.2,18.6,83.0,73.5,Low_Activity
EVT_00612,31,21.6,66.3,1,3.94,694.5,0.0,35,2.0,81.4,50.8,15.2,66.7,7.2,80.4,83.8,Incident
EVT_00613,30,45.3,56.0,29,14.43,2299.3,0.0,95,3.7,74.9,58.7,32.0,51.8,74.9,73.0,86.4,Pedestrian_Event
EVT_00614,17,12.5,81.2,1,17.05,2118.1,0.0,21,7.0,71.4,59.2,34.4,57.2,64.4,76.6,81.6,Heavy_Traffic
EVT_00615,22,19.6,58.3,9,17.25,2154.1,0.0,52,0.5,178.9,50.4,29.8,64.7,61.3,76.3,78.9,Heavy_Traffic
EVT_00616,22,62.0,19.9,2,23.09,512.9,13.14,28,60.2,399.4,58.1,30.6,61.1,22.6,85.5,62.4,Free_Flow
EVT_00617,17,23.8,65.2,2,23.25,781.9,0.57,24,60.5,40.9,46.1,21.0,75.9,20.8,77.8,75.5,Incident
EVT_00618,11,32.4,25.1,19,17.57,2241.0,0.0,30,4.8,40.8,51.1,33.4,67.4,50.4,88.5,88.8,Pedestrian_Event
EVT_00619,26,23.3,60.4,35,7.97,2598.9,0.0,52,29.0,155.6,53.7,19.6,68.7,42.2,83.5,89.8,Pedestrian_Event
EVT_00620,19,13.2,62.9,4,8.26,1917.8,0.0,94,13.3,316.6,48.1,25.9,72.2,76.2,87.9,99.9,Heavy_Traffic
EVT_00621,1,50.0,4.1,2,22.85,1812.2,0.0,9,2.5,429.0,48.6,24.5,65.8,25.5,92.5,89.9,Low_Activity
EVT_00622,11,48.8,15.0,2,21.08,1307.6,5.59,36,49.9,141.9,48.8,24.0,79.2,24.1,91.4,75.5,Free_Flow
EVT_00623,36,20.9,55.3,2,6.32,2380.8,0.0,35,2.3,358.1,61.5,19.4,70.9,42.2,94.4,100.0,Heavy_Traffic
EVT_00624,18,57.5,24.1,2,21.16,1291.7,0.0,30,4.1,47.7,60.0,21.4,79.6,28.1,85.8,70.0,Free_Flow
EVT_00625,35,28.3,34.5,30,19.79,703.6,0.0,49,10.6,46.5,57.7,26.7,65.0,38.7,82.2,90.5,Pedestrian_Event
EVT_00626,19,33.0,14.1,8,12.28,1985.7,6.19,38,30.7,311.8,64.3,34.6,66.0,78.2,93.7,79.7,Free_Flow
EVT_00627,49,15.3,81.8,3,19.26,866.7,2.5,0,52.2,47.2,62.6,31.1,73.0,16.5,89.7,89.0,Heavy_Traffic
EVT_00628,4,67.9,17.4,0,8.65,1992.4,9.27,18,79.9,269.0,58.3,28.7,91.4,63.2,79.0,83.3,Low_Activity
EVT_00629,8,52.5,6.2,2,6.06,1339.3,5.15,28,46.0,101.0,52.5,22.1,73.9,40.3,86.7,77.6,Free_Flow
EVT_00630,5,19.6,0.0,1,21.7,1278.8,2.87,22,53.0,61.1,46.3,19.3,77.6,18.0,91.9,74.7,Low_Activity
EVT_00631,17,42.4,38.1,2,15.51,2320.6,0.0,26,2.6,145.0,55.9,36.8,59.8,93.7,86.4,100.0,Low_Activity
EVT_00632,15,61.0,36.8,11,19.29,611.1,0.0,25,4.0,251.0,57.0,32.8,62.9,41.0,91.0,82.5,Free_Flow
EVT_00633,3,24.4,6.9,1,4.4,1614.9,0.0,12,14.5,129.3,46.8,22.5,71.6,21.2,93.5,81.8,Low_Activity
EVT_00634,4,56.4,27.4,1,23.29,903.7,0.0,25,0.6,104.2,48.0,20.1,64.0,9.2,99.2,73.5,Low_Activity
EVT_00635,13,42.5,55.5,6,19.96,808.3,0.0,10,5.2,181.5,47.5,29.5,73.8,16.2,68.3,74.6,Heavy_Traffic
EVT_00636,12,21.2,67.2,31,18.92,1979.9,0.35,62,38.1,453.0,44.4,32.5,70.6,22.7,83.2,71.7,Pedestrian_Event
EVT_00637,16,39.7,31.6,7,20.14,1162.4,0.0,21,6.1,107.2,59.3,26.9,54.8,36.9,87.0,83.8,Free_Flow
EVT_00638,12,30.7,23.7,3,14.93,337.5,27.85,19,100.0,47.2,67.1,26.3,100.0,70.6,85.0,45.4,Free_Flow
EVT_00639,15,63.5,14.8,1,22.93,875.3,0.0,9,13.6,102.3,59.1,20.2,63.3,0.2,81.6,69.9,Free_Flow
EVT_00640,20,8.9,50.8,16,8.03,1817.4,1.94,50,35.5,67.1,55.5,27.0,51.3,49.0,94.3,89.4,Pedestrian_Event
EVT_00641,18,6.0,59.2,10,9.9,1341.5,11.22,54,54.0,8.0,54.1,26.3,84.1,69.5,75.0,85.1,Incident
EVT_00642,45,24.5,56.3,8,14.21,2500.4,0.0,44,2.6,38.7,55.8,33.2,49.9,73.9,87.1,99.6,Incident
EVT_00643,34,16.0,83.0,10,15.68,2165.8,0.0,54,3.0,148.9,66.9,34.0,51.8,51.8,80.2,86.2,Heavy_Traffic
EVT_00644,19,30.2,46.7,22,16.28,2604.8,0.0,16,1.5,62.0,50.6,37.4,70.8,53.8,78.8,94.4,Pedestrian_Event
EVT_00645,8,20.6,5.6,1,7.2,1677.0,7.17,27,48.4,380.5,44.8,20.8,79.0,44.3,90.2,82.3,Low_Activity
EVT_00646,44,14.4,87.9,5,7.69,2134.6,0.0,62,5.7,71.0,57.3,17.5,78.8,48.0,82.8,84.7,Heavy_Traffic
EVT_00647,7,26.9,15.0,2,22.54,1080.0,0.0,33,6.5,79.4,40.7,29.3,59.5,31.5,79.7,88.5,Low_Activity
EVT_00648,36,22.4,61.0,8,17.83,1805.7,4.82,90,49.6,44.6,64.5,22.0,74.0,52.7,75.4,64.5,Heavy_Traffic
EVT_00649,11,17.2,55.5,17,15.38,2189.8,0.0,47,16.7,14.8,48.5,33.5,68.1,66.5,86.4,85.9,Incident
EVT_00650,14,54.8,19.4,1,8.23,1245.9,14.49,24,61.8,259.7,67.7,22.2,100.0,57.3,70.7,75.1,Free_Flow
EVT_00651,10,33.5,39.6,10,5.47,1031.9,0.0,42,12.0,104.9,42.2,26.9,54.6,7.9,83.4,87.3,Pedestrian_Event
EVT_00652,36,31.5,14.0,21,12.84,2876.6,0.0,32,4.0,259.2,55.4,33.2,66.4,94.3,83.1,81.3,Pedestrian_Event
EVT_00653,26,29.7,48.8,13,7.87,2259.6,0.77,24,35.4,70.4,57.4,22.5,71.0,62.5,94.9,99.1,Pedestrian_Event
EVT_00654,7,50.5,41.3,30,18.17,1927.3,6.25,30,45.1,74.4,56.9,31.5,69.7,49.0,74.8,88.2,Pedestrian_Event
EVT_00655,30,28.9,75.5,2,23.72,1239.6,0.0,39,44.1,30.2,54.0,26.4,63.9,42.2,88.3,91.0,Incident
EVT_00656,21,31.3,41.6,2,17.93,2358.4,1.47,38,35.0,45.0,52.6,32.8,65.5,33.2,92.8,91.5,Pedestrian_Event
EVT_00657,30,36.3,47.8,30,13.28,2384.1,0.16,10,13.7,35.7,52.2,29.7,74.7,92.3,91.0,87.9,Pedestrian_Event
EVT_00658,44,12.0,48.3,10,18.83,1604.3,0.0,62,3.6,187.1,56.2,28.2,64.7,22.4,75.4,88.8,Heavy_Traffic
EVT_00659,51,26.6,87.7,7,17.71,2100.0,0.0,110,3.5,226.7,61.4,24.0,64.7,63.2,85.7,92.4,Heavy_Traffic
EVT_00660,24,58.3,35.2,4,23.12,750.6,0.0,27,24.0,299.0,66.3,18.8,70.6,23.0,91.0,100.0,Free_Flow
EVT_00661,35,14.1,41.5,23,17.34,1227.3,17.42,109,66.2,5.1,68.6,26.4,86.3,38.4,77.7,77.0,Incident
EVT_00662,1,43.1,9.4,1,22.47,1461.3,0.0,14,13.2,79.5,45.8,24.8,49.1,26.6,87.9,63.8,Free_Flow
EVT_00663,0,18.4,48.5,2,1.91,1226.0,0.0,0,21.9,4.2,42.0,22.7,70.2,22.2,92.1,76.3,Incident
EVT_00664,4,32.7,5.1,1,23.2,894.9,3.51,10,44.3,97.8,55.4,17.1,69.6,8.4,86.3,70.9,Low_Activity
EVT_00665,50,31.8,60.0,3,6.43,1814.9,3.99,60,23.0,254.4,58.6,20.6,69.9,13.3,87.7,89.5,Heavy_Traffic
EVT_00666,18,37.8,47.1,2,5.79,914.8,0.1,7,23.1,279.6,44.1,26.1,74.6,31.4,91.1,72.3,Free_Flow
EVT_00667,46,19.7,40.9,3,4.59,910.4,0.0,33,8.6,3.7,68.7,22.3,75.5,13.0,94.0,93.2,Incident
EVT_00668,15,46.9,37.1,7,15.0,1697.0,9.31,30,44.5,403.8,64.7,31.9,87.6,57.8,82.3,68.4,Free_Flow
EVT_00669,56,36.4,70.7,3,8.27,2618.2,0.0,64,22.7,217.2,65.4,20.3,70.8,49.6,81.6,87.0,Heavy_Traffic
EVT_00670,20,52.4,43.4,2,22.34,782.2,4.74,2,44.4,45.7,64.1,19.7,82.0,27.2,77.2,73.8,Free_Flow
EVT_00671,24,26.2,49.5,11,20.5,1047.3,4.23,50,36.3,127.1,56.8,21.2,71.4,6.0,87.1,86.3,Pedestrian_Event
EVT_00672,12,41.3,35.8,38,18.75,1655.1,4.4,14,43.8,62.7,59.9,27.1,73.9,22.4,84.9,78.1,Pedestrian_Event
EVT_00673,2,0.0,37.1,4,2.2,695.2,10.65,43,52.2,7.4,53.7,18.5,89.5,17.8,84.6,75.6,Incident
EVT_00674,21,49.1,38.7,3,22.87,833.6,0.5,29,64.0,228.2,61.2,19.8,80.3,40.4,85.8,89.6,Free_Flow
EVT_00675,45,15.1,54.3,9,9.86,2275.1,3.24,69,40.9,5.1,62.3,23.1,86.2,74.2,92.7,75.3,Free_Flow
EVT_00676,8,52.6,35.3,1,5.09,667.8,0.0,20,4.3,129.1,51.6,18.0,54.1,13.4,91.7,82.1,Free_Flow
EVT_00677,9,23.9,23.1,19,10.88,2556.4,0.0,72,60.0,110.8,43.9,26.3,56.2,64.6,91.0,68.7,Free_Flow
EVT_00678,6,53.3,17.8,3,19.33,750.7,0.9,28,28.6,106.3,49.2,35.0,57.2,14.7,78.3,80.7,Low_Activity
EVT_00679,6,51.4,0.0,0,2.87,1482.3,0.0,13,13.8,50.5,43.9,16.7,74.8,25.3,87.1,80.9,Low_Activity
EVT_00680,28,25.3,68.4,7,18.62,1780.2,2.7,84,56.1,53.5,63.2,30.3,73.8,17.4,99.6,68.9,Heavy_Traffic
EVT_00681,20,31.6,30.6,3,14.08,1649.3,9.54,23,49.1,114.6,56.6,27.9,72.2,72.6,93.5,59.4,Free_Flow
EVT_00682,38,16.6,43.3,2,20.72,1255.2,0.0,80,1.4,367.0,67.8,29.0,70.9,9.3,81.7,80.2,Heavy_Traffic
EVT_00683,41,27.6,65.3,11,15.84,1655.8,2.74,37,47.7,52.0,66.4,31.4,70.1,65.8,87.0,74.7,Heavy_Traffic
EVT_00684,0,9.2,27.8,10,18.17,1935.4,1.41,33,42.2,57.5,48.9,26.0,56.3,19.6,84.2,74.6,Incident
EVT_00685,33,23.6,58.4,10,10.06,1974.6,0.0,106,0.8,3.6,63.1,32.6,60.2,73.8,84.2,97.0,Incident
EVT_00686,7,50.8,40.4,3,12.41,2505.1,0.0,20,5.6,166.7,57.0,27.7,46.4,87.7,79.1,94.2,Heavy_Traffic
EVT_00687,29,17.9,29.9,21,7.83,2299.0,1.36,35,55.0,336.2,56.8,19.9,66.8,62.6,84.7,79.9,Pedestrian_Event
EVT_00688,37,20.4,72.1,4,18.71,2305.5,1.12,13,18.7,257.7,55.7,33.3,70.5,13.7,85.7,90.4,Heavy_Traffic
EVT_00689,12,45.8,39.1,2,21.03,885.6,0.0,13,23.5,108.4,47.9,28.0,57.6,22.4,80.2,67.0,Free_Flow
EVT_00690,20,30.0,17.2,6,13.13,2006.2,0.0,34,3.1,2.0,58.8,39.1,60.8,69.6,85.3,93.2,Incident
EVT_00691,29,26.9,18.4,33,16.93,2074.7,4.63,38,30.0,154.6,58.8,28.7,59.7,50.5,81.5,89.4,Pedestrian_Event
EVT_00692,14,44.6,60.0,9,16.48,2339.3,0.0,27,11.3,137.6,49.3,30.8,66.4,39.2,88.2,100.0,Pedestrian_Event
EVT_00693,18,7.7,29.6,8,17.16,1017.3,20.44,40,80.3,2.0,63.7,31.7,100.0,58.4,78.8,51.4,Incident
EVT_00694,36,10.1,56.1,3,12.02,1857.5,5.39,94,48.6,42.5,68.4,26.4,62.1,92.1,96.4,94.2,Heavy_Traffic
EVT_00695,27,15.4,61.7,6,9.95,1312.3,9.38,53,48.6,72.2,60.0,22.5,63.6,67.5,79.6,86.3,Pedestrian_Event
EVT_00696,0,18.1,28.7,15,9.28,2231.1,0.0,35,4.0,207.6,42.9,22.5,71.0,81.0,84.1,91.2,Pedestrian_Event
EVT_00697,27,41.7,51.9,7,10.19,1854.7,0.0,32,0.7,362.2,63.0,24.4,71.0,80.5,95.0,100.0,Free_Flow
EVT_00698,28,28.7,57.0,25,20.32,767.6,8.87,26,32.2,332.2,60.2,27.0,75.7,13.3,82.2,86.3,Pedestrian_Event
EVT_00699,23,19.0,31.5,11,18.97,2592.4,0.0,0,10.9,94.5,65.7,30.3,67.6,20.0,84.4,84.5,Heavy_Traffic
EVT_00700,10,11.0,56.9,5,7.36,2552.2,1.23,77,19.8,22.5,47.0,16.7,62.2,39.5,97.6,86.6,Incident
EVT_00701,5,16.6,1.3,0,5.62,1441.8,2.6,17,45.2,73.1,44.1,23.6,79.8,20.1,79.0,79.6,Low_Activity
EVT_00702,6,66.5,23.3,7,22.05,815.6,0.81,23,31.9,38.7,43.2,23.5,66.4,21.6,84.0,82.0,Free_Flow
EVT_00703,35,12.3,72.5,3,21.86,374.0,19.97,21,100.0,5.6,62.7,25.5,95.6,25.5,83.4,40.7,Incident
EVT_00704,29,11.6,25.8,9,15.47,1782.9,7.72,99,43.7,2.3,65.9,31.7,57.4,63.7,79.5,80.3,Incident
EVT_00705,32,28.5,41.4,11,21.4,1032.3,0.0,3,10.8,438.7,53.4,34.1,56.8,23.1,87.8,89.9,Heavy_Traffic
EVT_00706,41,19.8,67.2,7,18.16,2153.8,2.08,86,45.7,269.4,64.3,27.2,78.0,14.3,92.1,83.0,Heavy_Traffic
EVT_00707,33,0.3,40.0,6,2.99,983.4,0.0,57,0.3,29.2,62.7,19.7,63.8,11.4,87.8,85.5,Incident
EVT_00708,29,16.6,64.6,25,6.76,1823.8,0.52,104,28.5,214.2,64.9,22.3,70.6,30.0,93.5,94.9,Heavy_Traffic
EVT_00709,13,3.0,26.0,9,12.02,2460.8,0.0,93,4.9,2.6,44.8,32.8,59.3,86.4,77.1,98.9,Incident
EVT_00710,4,39.4,19.4,1,23.33,811.7,0.0,26,10.6,289.3,39.6,22.3,64.5,8.1,79.5,98.8,Low_Activity
EVT_00711,12,43.8,11.5,4,10.21,2239.0,0.0,23,11.9,498.0,55.4,25.2,80.9,96.8,82.2,100.0,Low_Activity
EVT_00712,3,59.8,6.1,0,3.86,1120.8,0.0,10,8.7,89.9,41.6,24.0,68.3,0.0,84.1,72.5,Low_Activity
EVT_00713,26,19.0,60.7,26,6.52,1557.5,9.92,71,78.5,72.8,61.2,22.9,95.6,45.8,84.5,52.9,Pedestrian_Event
EVT_00714,14,52.4,60.4,2,5.04,1667.9,0.0,20,16.2,114.7,53.6,18.8,67.9,14.2,78.5,83.8,Free_Flow
EVT_00715,26,21.7,67.4,7,8.43,2228.6,2.86,19,38.7,384.7,54.6,19.5,70.5,73.2,95.1,92.2,Heavy_Traffic
EVT_00716,26,32.1,31.7,6,21.4,1170.2,0.0,19,1.4,177.2,63.7,20.3,68.3,40.5,89.6,97.0,Free_Flow
EVT_00717,18,28.9,49.7,10,15.8,2044.1,0.0,18,0.4,190.1,53.0,35.1,62.2,62.3,89.8,96.5,Heavy_Traffic
EVT_00718,6,60.3,9.9,0,3.34,1266.9,1.02,0,40.8,91.4,47.3,17.0,80.1,21.1,73.6,91.5,Low_Activity
EVT_00719,3,30.0,20.8,4,13.62,2430.2,0.0,10,20.4,229.7,61.4,34.5,61.7,100.0,86.9,94.3,Low_Activity
EVT_00720,22,34.9,38.6,5,10.29,1789.4,0.0,23,13.1,423.5,56.7,25.7,55.7,74.5,91.8,100.0,Free_Flow
EVT_00721,40,13.8,91.0,20,7.48,1451.3,14.52,106,51.7,342.6,79.9,13.9,81.1,43.7,94.7,69.6,Heavy_Traffic
EVT_00722,24,13.9,36.9,1,5.76,1388.0,0.0,63,13.4,6.7,54.4,23.5,58.1,45.7,71.5,89.3,Incident
EVT_00723,8,45.4,11.0,4,10.37,1961.8,0.0,0,2.2,308.9,61.5,25.1,61.1,70.1,88.8,100.0,Free_Flow
EVT_00724,6,64.3,4.3,0,15.7,1926.4,0.0,14,2.5,495.9,49.9,34.1,53.8,56.7,91.3,83.7,Free_Flow
EVT_00725,45,10.6,48.0,6,19.23,879.0,0.0,48,9.2,35.4,62.4,25.8,51.8,22.6,86.6,78.3,Heavy_Traffic
EVT_00726,16,13.7,54.6,8,7.76,2028.8,3.07,38,32.2,18.1,47.3,22.7,72.8,31.0,83.0,67.5,Incident
EVT_00727,49,17.0,64.3,8,9.29,2511.5,0.0,30,10.6,88.1,61.4,23.8,61.5,76.6,85.7,90.2,Heavy_Traffic
EVT_00728,42,15.4,28.2,6,11.09,2204.2,0.0,35,12.4,29.5,57.8,25.0,75.0,89.5,83.9,93.4,Incident
EVT_00729,3,76.8,4.6,1,5.8,1154.9,0.0,18,1.2,52.8,52.0,17.5,63.8,32.1,91.6,88.3,Low_Activity
EVT_00730,24,14.9,39.0,7,20.08,882.8,0.0,55,0.5,36.0,51.3,23.1,65.5,30.0,86.1,100.0,Heavy_Traffic
EVT_00731,30,58.1,20.3,0,20.83,1209.5,0.0,24,8.7,319.6,51.0,26.7,54.7,32.6,100.0,82.7,Pedestrian_Event
EVT_00732,1,16.6,96.3,4,1.65,553.4,7.71,53,41.9,16.2,51.9,21.1,76.8,10.8,82.5,74.8,Incident
EVT_00733,19,32.1,50.3,10,16.77,1701.6,7.81,70,65.8,214.9,67.8,25.0,81.6,48.7,71.2,80.7,Pedestrian_Event
EVT_00734,49,7.2,59.3,6,17.61,1721.0,4.96,59,42.9,101.9,60.2,25.3,84.9,31.6,88.7,78.8,Heavy_Traffic
EVT_00735,8,36.0,8.8,2,19.92,1141.4,2.96,16,33.5,52.3,47.6,31.7,75.8,23.9,85.3,94.5,Low_Activity
EVT_00736,40,35.2,72.3,5,7.2,2295.0,0.0,49,6.1,49.0,57.9,21.8,59.1,36.0,78.4,86.4,Heavy_Traffic
EVT_00737,21,52.1,36.8,3,16.72,2453.5,0.0,40,4.3,412.4,54.7,35.2,37.0,72.6,76.0,96.0,Free_Flow
EVT_00738,17,32.2,39.1,3,21.86,612.8,0.0,31,0.4,392.6,44.4,26.2,68.7,17.0,73.4,91.0,Free_Flow
EVT_00739,12,42.9,19.5,7,16.63,2122.2,0.0,47,2.7,87.9,61.1,30.0,55.6,58.3,78.4,96.3,Free_Flow
EVT_00740,10,38.6,40.8,3,10.95,1600.7,3.46,12,49.1,76.3,54.0,30.0,64.7,90.8,96.3,90.4,Free_Flow
EVT_00741,5,73.6,4.2,0,23.92,1035.9,0.0,19,2.2,408.1,59.1,21.0,66.0,37.5,79.6,88.4,Low_Activity
EVT_00742,22,26.9,40.6,9,19.84,986.7,2.97,9,34.9,48.1,56.3,26.8,66.1,29.6,90.0,91.0,Incident
EVT_00743,10,31.0,35.6,9,8.9,2608.4,3.69,34,46.4,63.5,57.1,26.4,91.4,49.5,82.9,78.1,Free_Flow
EVT_00744,43,11.3,61.5,3,22.89,362.9,21.52,43,89.1,43.2,67.3,15.9,100.0,5.9,82.6,77.8,Incident
EVT_00745,37,46.0,59.2,7,11.26,2496.5,0.0,50,0.1,331.0,62.3,30.0,68.8,66.8,79.7,89.9,Heavy_Traffic
EVT_00746,55,17.8,62.2,6,10.1,2433.2,0.0,63,0.1,156.2,66.8,28.5,56.8,96.8,89.2,100.0,Heavy_Traffic
EVT_00747,11,70.3,21.1,0,23.71,1152.1,0.0,21,24.7,48.7,68.9,32.4,65.4,11.8,80.0,100.0,Low_Activity
EVT_00748,20,20.3,56.0,8,12.99,2275.0,1.1,0,23.9,75.8,53.9,26.0,52.4,100.0,89.5,87.4,Pedestrian_Event
EVT_00749,17,22.9,80.3,7,16.77,2313.6,1.36,47,43.0,330.7,47.5,37.3,58.4,54.4,72.8,96.8,Heavy_Traffic
EVT_00750,17,34.4,66.4,27,13.47,1767.8,12.69,29,61.3,83.2,65.3,34.4,83.1,93.1,100.0,78.7,Pedestrian_Event
EVT_00751,37,19.2,42.7,6,8.18,2094.0,0.2,75,39.5,182.9,59.3,20.2,69.0,63.3,93.4,90.0,Heavy_Traffic
EVT_00752,21,17.5,43.7,9,19.48,702.9,13.18,54,60.5,70.8,51.7,27.3,80.4,26.8,86.7,51.9,Heavy_Traffic
EVT_00753,42,26.3,60.1,5,10.59,1968.2,3.34,52,44.1,58.0,69.3,27.3,75.1,61.4,84.6,100.0,Heavy_Traffic
EVT_00754,31,17.5,59.5,4,14.85,1408.4,0.0,35,0.1,70.3,62.3,29.5,61.2,74.5,77.7,89.4,Heavy_Traffic
EVT_00755,22,17.5,58.6,9,16.31,1791.6,0.0,43,13.1,2.6,45.3,28.8,54.3,74.8,100.0,89.4,Incident
EVT_00756,6,35.5,43.7,6,8.21,1842.0,4.11,0,38.0,92.2,57.2,27.1,85.0,59.0,96.1,77.7,Free_Flow
EVT_00757,1,9.7,45.8,15,13.19,1350.6,11.96,20,65.3,3.4,51.7,31.9,78.3,76.4,75.4,58.0,Incident
EVT_00758,40,25.1,59.5,4,16.35,2250.2,0.0,75,27.9,170.5,71.1,33.7,72.3,74.1,97.0,95.9,Heavy_Traffic
EVT_00759,24,16.6,25.9,6,8.15,2544.1,0.0,52,8.9,35.5,50.9,18.4,70.7,53.9,80.6,81.4,Heavy_Traffic
EVT_00760,17,44.8,26.9,4,12.62,2618.1,0.0,25,0.2,435.0,52.0,29.4,56.4,100.0,93.7,93.6,Free_Flow
EVT_00761,16,35.8,20.8,17,18.32,1698.0,8.49,5,51.0,41.3,60.6,29.2,73.2,42.1,93.7,75.5,Pedestrian_Event
EVT_00762,31,21.9,60.8,4,20.63,996.2,0.0,71,4.1,256.8,57.2,31.7,58.7,17.6,87.1,62.4,Heavy_Traffic
EVT_00763,7,31.0,12.6,2,19.87,1189.1,0.0,23,5.2,90.6,43.7,27.9,69.7,23.9,88.3,88.1,Low_Activity
EVT_00764,6,41.1,2.6,1,6.2,1840.1,0.94,19,49.2,77.3,48.4,19.6,59.1,52.1,82.6,75.1,Low_Activity
EVT_00765,14,41.1,11.9,3,2.56,891.2,0.0,21,0.7,251.8,49.6,19.6,60.7,10.0,82.2,94.2,Low_Activity
EVT_00766,29,28.1,66.4,5,18.11,1981.7,0.0,62,19.3,140.7,55.0,32.9,38.7,50.1,93.9,82.9,Heavy_Traffic
EVT_00767,37,18.9,75.0,7,7.44,2353.9,0.0,64,4.0,114.5,67.8,22.8,70.9,54.9,90.1,91.1,Heavy_Traffic
EVT_00768,25,15.3,77.9,3,8.66,1995.5,0.17,18,43.3,263.5,48.5,29.1,64.9,55.3,94.7,75.1,Heavy_Traffic
EVT_00769,18,38.3,30.6,7,13.48,2008.8,0.0,33,55.9,68.9,55.9,31.0,48.9,57.5,83.6,85.7,Free_Flow
EVT_00770,13,43.5,34.5,10,10.18,2478.8,0.0,5,9.0,58.6,54.3,29.7,60.0,79.1,94.3,88.6,Free_Flow
EVT_00771,23,16.8,23.1,3,14.4,2134.6,7.13,50,67.9,112.4,54.8,33.0,81.5,81.5,80.2,79.5,Free_Flow
EVT_00772,25,25.8,56.3,6,17.23,2090.2,0.0,61,12.1,122.9,56.0,32.8,60.8,55.3,83.2,85.7,Heavy_Traffic
EVT_00773,30,8.3,53.7,10,7.74,1856.3,7.54,69,41.6,57.4,57.0,25.0,81.6,52.4,87.0,79.0,Heavy_Traffic
EVT_00774,11,49.1,22.1,3,23.1,830.9,4.23,43,43.7,168.0,59.9,21.3,73.6,30.6,78.7,65.1,Free_Flow
EVT_00775,13,15.8,60.8,8,17.35,896.1,12.11,79,49.5,25.9,58.1,30.0,71.6,53.1,92.0,68.5,Incident
EVT_00776,47,13.1,66.0,14,9.56,2361.6,0.0,76,8.8,277.9,60.3,26.9,60.8,82.8,82.7,96.6,Heavy_Traffic
EVT_00777,4,19.3,3.2,1,15.57,2799.8,0.0,0,12.9,62.6,48.6,25.1,58.3,63.6,83.3,86.8,Low_Activity
EVT_00778,6,19.8,6.4,0,23.63,890.6,0.0,18,0.1,346.3,51.8,21.2,58.1,0.0,91.2,83.3,Low_Activity
EVT_00779,17,36.2,31.7,2,23.5,1261.7,0.0,15,6.5,54.7,44.0,26.6,64.0,17.4,88.9,78.9,Free_Flow
EVT_00780,36,15.5,55.1,6,21.33,1177.5,2.12,9,39.3,118.3,62.4,29.7,63.6,2.4,87.8,75.4,Heavy_Traffic
EVT_00781,12,47.4,33.1,1,5.89,641.5,5.15,25,42.2,312.4,58.2,18.8,64.0,24.1,84.3,88.5,Free_Flow
EVT_00782,35,11.0,88.3,6,18.08,2452.5,0.0,69,4.6,105.8,56.5,31.9,58.0,19.8,92.6,96.2,Heavy_Traffic
EVT_00783,26,21.6,29.0,31,11.82,1678.1,0.0,60,2.8,125.1,59.8,31.7,53.4,72.5,74.1,88.3,Free_Flow
EVT_00784,42,21.1,74.1,4,18.61,1617.0,0.0,16,3.4,77.7,59.8,32.5,52.3,27.2,87.8,89.1,Heavy_Traffic
EVT_00785,2,15.6,36.6,43,15.01,2587.2,0.0,36,21.7,334.2,49.3,32.7,60.7,56.4,65.7,100.0,Pedestrian_Event
EVT_00786,30,2.4,42.8,29,18.68,1964.2,2.4,60,29.8,297.9,62.1,19.4,84.8,28.2,96.0,73.9,Pedestrian_Event
EVT_00787,23,23.9,48.7,1,22.95,1077.9,0.8,27,39.4,139.7,63.9,12.3,71.8,14.7,83.2,70.2,Free_Flow
EVT_00788,36,14.7,73.1,3,9.33,2361.2,0.0,75,4.5,214.7,57.5,24.0,68.4,66.8,96.7,100.0,Heavy_Traffic
EVT_00789,11,43.9,36.8,9,7.01,2029.2,0.0,10,5.4,382.5,61.1,25.1,61.8,30.1,80.6,91.2,Free_Flow
EVT_00790,18,5.0,22.5,4,9.71,2878.5,0.0,30,3.9,12.4,52.1,28.7,59.6,74.7,90.4,77.9,Incident
EVT_00791,40,23.9,34.5,3,21.07,1043.3,0.0,114,3.9,131.6,52.5,25.5,66.6,23.3,86.7,95.1,Heavy_Traffic
EVT_00792,22,22.8,59.2,1,4.51,714.7,0.38,71,22.7,6.0,57.2,24.9,78.1,42.8,99.0,85.3,Incident
EVT_00793,22,21.5,33.5,6,18.11,1659.1,0.0,65,1.4,75.0,43.2,31.2,63.2,30.2,69.0,91.2,Incident
EVT_00794,42,14.7,81.5,6,20.96,719.4,0.0,110,8.4,39.2,61.6,24.7,70.5,10.8,86.2,73.6,Heavy_Traffic
EVT_00795,2,50.9,14.0,1,2.4,1413.7,0.3,4,38.1,163.6,47.2,20.1,77.6,22.3,84.2,82.6,Low_Activity
EVT_00796,5,47.8,35.3,7,19.9,636.4,0.0,34,0.9,57.4,45.5,30.9,43.3,23.1,69.5,80.6,Free_Flow
EVT_00797,10,39.3,35.9,1,5.32,1019.5,0.0,8,4.0,54.5,50.3,25.0,66.4,4.8,83.3,77.8,Free_Flow
EVT_00798,22,35.8,33.4,6,7.56,2699.5,0.0,37,4.2,37.6,60.8,27.6,53.0,38.4,99.1,90.7,Free_Flow
EVT_00799,50,20.2,100.0,2,10.46,2405.6,0.0,53,15.7,57.2,76.2,31.3,64.8,68.2,87.4,79.9,Heavy_Traffic
EVT_00800,30,15.4,41.9,6,20.28,649.5,6.36,0,41.9,408.5,60.7,23.2,91.8,24.2,93.0,78.3,Heavy_Traffic
EVT_00801,14,54.8,34.2,6,18.81,2238.6,0.0,9,10.3,238.9,69.6,28.5,66.1,10.2,93.2,73.5,Free_Flow
EVT_00802,37,11.6,41.4,6,15.65,1694.7,5.18,58,52.4,2.6,60.5,29.5,84.3,73.8,82.3,69.0,Incident
EVT_00803,18,64.4,14.5,2,13.33,2204.1,6.75,44,58.9,289.4,59.9,28.1,73.3,74.4,96.1,88.6,Free_Flow
EVT_00804,24,58.8,22.0,2,19.0,2776.3,0.0,33,5.3,325.8,63.1,25.8,51.9,25.7,97.3,90.9,Free_Flow
EVT_00805,22,49.5,22.5,15,17.49,2308.0,0.0,16,4.3,40.6,59.3,23.6,55.7,33.9,89.3,81.3,Low_Activity
EVT_00806,16,52.3,23.3,2,5.01,884.5,1.16,10,40.5,329.2,55.3,22.8,75.2,18.2,77.6,72.4,Free_Flow
EVT_00807,18,36.4,42.9,23,13.86,2487.4,0.0,0,1.9,181.1,50.5,30.2,60.8,79.4,88.1,85.2,Pedestrian_Event
EVT_00808,6,36.4,58.9,35,7.27,1424.7,4.12,47,37.8,302.6,51.1,17.8,63.3,47.6,90.0,100.0,Pedestrian_Event
EVT_00809,3,60.6,8.4,3,18.96,2044.8,5.02,11,31.5,399.4,54.1,28.3,78.7,30.7,86.1,92.8,Free_Flow
EVT_00810,15,70.2,20.3,2,22.64,1306.3,0.0,8,4.1,202.7,41.8,20.0,60.0,29.4,78.3,76.5,Low_Activity
EVT_00811,4,29.7,27.3,8,15.05,1790.3,0.0,50,1.7,237.6,54.9,34.5,50.2,72.3,89.7,87.2,Pedestrian_Event
EVT_00812,4,47.1,4.1,0,3.49,1103.8,0.0,20,8.0,87.7,51.6,23.8,53.4,23.4,85.3,92.6,Low_Activity
EVT_00813,5,49.4,8.5,2,23.38,948.6,0.0,0,8.2,127.6,54.5,28.5,48.5,6.8,88.2,90.6,Low_Activity
EVT_00814,32,6.8,32.0,32,7.78,545.0,25.17,48,90.1,217.2,69.9,21.3,100.0,52.4,75.9,61.0,Free_Flow
EVT_00815,2,45.6,22.8,0,23.06,672.1,0.0,12,22.3,491.5,49.5,31.6,63.9,26.9,94.7,87.6,Low_Activity
EVT_00816,10,27.6,62.7,19,7.71,2315.4,0.0,79,1.9,382.8,51.2,24.6,60.5,28.7,92.6,100.0,Pedestrian_Event
EVT_00817,19,19.1,68.3,7,18.45,1638.8,0.1,63,38.4,58.8,43.8,30.0,68.7,39.0,83.3,93.1,Incident
EVT_00818,21,27.1,27.1,5,16.63,2311.2,0.0,18,1.4,260.2,54.9,31.6,54.3,47.8,83.3,88.7,Free_Flow
EVT_00819,6,45.4,0.0,2,4.08,1026.1,0.0,0,7.3,51.0,53.9,17.0,83.4,19.9,86.7,77.8,Low_Activity
EVT_00820,9,28.4,58.1,22,9.69,1943.4,0.0,36,17.9,317.1,53.0,22.8,56.8,81.2,83.9,86.3,Pedestrian_Event
EVT_00821,16,42.0,30.5,5,5.32,776.4,12.46,24,60.1,36.2,59.7,25.2,73.7,32.6,80.7,77.2,Free_Flow
EVT_00822,33,12.8,49.1,4,20.56,999.1,0.0,72,0.7,314.8,60.1,25.9,71.3,10.6,89.4,75.6,Heavy_Traffic
EVT_00823,8,50.9,27.0,2,21.1,900.4,0.0,38,7.3,211.1,65.1,26.7,62.3,7.6,95.7,79.4,Free_Flow
EVT_00824,35,13.9,41.4,7,16.36,2166.7,0.28,107,5.0,116.7,66.2,31.5,66.6,42.3,88.6,80.8,Incident
EVT_00825,40,30.1,52.0,5,9.92,1597.2,0.0,28,10.2,70.6,61.9,26.8,59.7,69.1,87.3,93.2,Heavy_Traffic
EVT_00826,19,12.5,75.4,20,9.82,1766.3,2.19,57,32.5,94.4,56.1,34.1,66.1,65.2,81.6,85.4,Heavy_Traffic
EVT_00827,10,46.2,32.2,3,11.32,1470.7,3.66,9,43.7,62.2,54.1,23.6,77.4,95.9,83.0,96.6,Free_Flow
EVT_00828,7,51.0,6.9,7,10.28,2194.8,0.0,18,15.6,397.1,55.0,28.1,65.1,62.7,85.8,81.9,Low_Activity
EVT_00829,5,32.3,21.5,11,15.4,1648.3,2.63,40,36.5,47.0,56.1,31.2,60.0,76.8,91.5,70.4,Heavy_Traffic
EVT_00830,29,22.0,44.0,7,8.66,1772.5,3.68,32,53.6,140.5,62.9,22.1,70.0,49.1,98.4,75.6,Heavy_Traffic
EVT_00831,20,43.9,50.8,25,14.64,1656.9,0.0,21,1.9,152.1,63.4,33.1,65.5,73.5,83.9,99.0,Pedestrian_Event
EVT_00832,5,44.3,15.6,0,6.19,806.6,2.06,20,53.7,161.0,57.3,20.5,82.6,20.8,85.8,71.5,Low_Activity
EVT_00833,6,35.4,10.9,34,13.83,2107.4,0.0,44,3.0,153.3,46.2,25.7,65.6,63.3,89.8,88.6,Free_Flow
EVT_00834,18,35.4,25.7,5,11.59,2085.4,0.0,9,16.8,37.1,53.6,30.1,63.5,98.9,88.9,90.0,Low_Activity
EVT_00835,10,42.7,30.1,0,12.32,2330.8,0.0,4,10.4,240.5,52.9,32.2,60.9,63.0,78.1,85.4,Free_Flow
EVT_00836,41,29.0,61.0,9,9.11,1658.5,0.0,65,5.9,73.9,53.8,28.9,61.2,70.1,91.6,83.8,Heavy_Traffic
EVT_00837,11,37.6,35.9,27,16.35,2806.1,0.0,41,2.9,298.1,38.9,39.7,55.4,23.5,88.3,98.1,Pedestrian_Event
EVT_00838,18,15.7,73.6,10,18.43,2015.3,0.0,91,22.9,88.3,56.4,28.5,62.9,24.6,95.8,87.3,Heavy_Traffic
EVT_00839,30,26.2,56.3,14,9.75,2192.3,0.0,63,3.3,77.3,45.7,28.4,71.7,80.5,70.1,100.0,Incident
EVT_00840,17,26.8,46.4,16,10.95,2609.4,0.0,21,0.2,276.9,60.9,29.4,66.9,80.8,82.2,90.6,Free_Flow
EVT_00841,35,32.0,85.6,6,17.27,1977.8,0.0,69,2.6,180.5,64.5,34.6,49.2,38.7,89.4,91.8,Heavy_Traffic
EVT_00842,34,35.2,26.4,29,12.5,2857.4,0.0,54,4.1,65.5,53.4,31.6,58.4,76.2,94.1,82.9,Pedestrian_Event
EVT_00843,6,39.1,9.8,0,19.78,1216.5,0.0,14,8.5,92.1,52.0,31.1,52.2,13.1,85.0,87.4,Free_Flow
EVT_00844,8,32.5,22.9,1,21.14,1049.3,8.66,9,56.9,125.7,52.1,23.3,73.7,33.6,78.9,70.0,Low_Activity
EVT_00845,40,0.1,83.7,6,18.21,2330.3,0.0,15,2.7,2.7,52.1,27.9,65.2,23.5,93.3,90.4,Incident
EVT_00846,26,39.3,34.6,6,13.71,1850.5,5.84,8,59.4,124.5,57.6,33.0,71.6,72.6,86.4,77.5,Heavy_Traffic
EVT_00847,35,13.0,57.3,19,16.53,2155.1,0.0,63,6.2,375.5,58.6,27.7,65.3,71.2,78.7,92.8,Heavy_Traffic
EVT_00848,17,51.0,23.0,19,20.29,1138.7,0.0,7,8.8,39.4,57.3,24.5,53.8,25.6,87.2,84.1,Low_Activity
EVT_00849,17,29.2,47.5,34,7.31,2743.5,0.0,26,5.2,241.2,53.3,32.1,62.1,31.8,84.5,100.0,Pedestrian_Event
EVT_00850,10,17.4,60.6,1,4.08,979.7,0.0,0,3.0,51.0,51.1,19.9,66.1,7.5,79.8,83.1,Incident
EVT_00851,41,36.7,82.7,4,7.77,2157.0,0.0,26,11.8,235.1,60.2,23.2,55.5,62.1,89.5,76.3,Heavy_Traffic
EVT_00852,3,48.6,2.8,0,23.58,829.9,0.0,0,2.4,88.7,52.9,16.2,78.3,2.8,84.9,91.5,Low_Activity
EVT_00853,0,63.4,13.9,1,22.7,855.1,0.0,12,5.8,249.0,54.5,23.6,75.5,21.7,77.9,100.0,Low_Activity
EVT_00854,6,29.0,45.0,26,7.83,2757.0,1.4,40,21.8,365.9,51.7,25.7,66.3,51.2,76.1,100.0,Pedestrian_Event
EVT_00855,44,22.9,50.5,6,19.24,808.5,3.92,56,41.7,61.1,63.9,29.5,67.8,19.8,100.0,84.1,Incident
EVT_00856,3,66.6,21.7,0,18.75,2487.5,0.96,23,12.6,189.6,46.1,30.6,71.8,19.1,89.0,85.2,Low_Activity
EVT_00857,8,48.1,40.7,3,14.84,2512.4,0.0,9,37.8,266.9,59.4,37.0,59.7,63.2,94.0,70.1,Free_Flow
EVT_00858,1,50.3,12.9,1,3.85,968.2,0.0,17,7.6,245.0,58.3,26.6,71.0,19.3,73.5,85.6,Low_Activity
EVT_00859,10,50.3,21.7,6,9.88,2181.0,0.0,28,9.7,227.7,48.6,26.1,73.4,59.3,76.9,96.1,Free_Flow
EVT_00860,21,25.8,46.2,18,8.85,2429.1,0.0,9,6.1,84.4,58.4,18.0,71.2,82.9,77.5,90.3,Pedestrian_Event
EVT_00861,26,19.3,65.7,17,13.48,2112.9,0.0,14,2.0,54.3,59.2,28.4,63.4,85.7,76.9,86.3,Pedestrian_Event
EVT_00862,14,48.6,25.8,3,8.16,2222.8,3.15,13,50.7,84.2,54.6,26.5,77.2,59.2,83.8,76.4,Free_Flow
EVT_00863,19,44.6,23.6,4,7.03,1768.8,8.68,8,30.9,204.2,50.5,20.1,73.6,38.0,85.5,83.0,Free_Flow
EVT_00864,11,16.4,10.7,5,20.55,914.0,4.75,63,43.8,36.0,53.4,25.9,79.7,23.4,93.3,86.7,Pedestrian_Event
EVT_00865,29,26.2,33.7,18,8.64,2225.6,0.0,66,17.6,155.1,60.4,27.0,54.1,64.4,94.0,86.7,Pedestrian_Event
EVT_00866,43,19.9,81.9,5,12.11,2055.7,0.0,92,13.7,85.6,61.2,28.1,65.8,83.0,91.1,100.0,Pedestrian_Event
EVT_00867,4,48.3,27.6,1,12.87,2582.8,0.0,13,1.3,138.3,50.8,33.1,60.1,85.5,93.3,97.1,Pedestrian_Event
EVT_00868,25,7.0,70.7,8,8.39,2618.2,0.0,61,1.8,491.6,49.5,22.9,69.3,69.5,89.1,100.0,Heavy_Traffic
EVT_00869,45,14.4,64.9,15,7.76,2328.4,2.54,63,21.5,409.4,57.3,24.0,74.6,51.3,78.0,90.9,Heavy_Traffic
EVT_00870,28,32.3,73.5,13,8.92,1746.6,0.0,26,25.0,7.2,53.8,30.9,67.4,52.1,84.4,98.7,Incident
EVT_00871,37,46.6,45.3,5,8.8,2029.5,0.22,0,50.5,194.5,69.4,21.5,80.8,50.7,79.1,82.3,Free_Flow
EVT_00872,8,45.6,5.4,2,3.14,824.9,1.03,17,38.1,94.5,49.9,17.9,75.4,26.8,90.1,77.5,Low_Activity
EVT_00873,49,12.2,92.3,2,21.58,762.0,0.0,82,22.4,172.6,65.6,27.7,63.5,19.8,86.9,78.6,Free_Flow
EVT_00874,2,26.3,19.3,0,22.91,923.0,0.94,26,54.0,53.6,50.4,22.9,81.9,18.2,89.9,64.6,Low_Activity
EVT_00875,20,16.8,42.3,13,15.67,1765.4,0.0,18,6.8,126.5,54.5,23.6,61.6,71.0,80.6,80.6,Pedestrian_Event
EVT_00876,53,19.1,73.3,11,7.16,2080.0,0.0,45,2.7,40.3,70.3,22.5,56.3,62.5,91.1,94.6,Heavy_Traffic
EVT_00877,23,30.8,49.2,5,9.12,2306.0,1.26,30,52.2,63.1,58.4,24.1,66.4,65.3,86.4,82.6,Incident
EVT_00878,4,63.9,0.0,4,23.48,845.1,0.0,16,7.3,113.0,62.3,21.4,61.9,24.3,70.1,83.5,Low_Activity
EVT_00879,18,17.2,42.4,18,11.15,1779.3,0.0,65,0.9,87.2,52.0,29.7,62.8,81.6,67.9,92.6,Pedestrian_Event
EVT_00880,5,34.2,12.3,0,22.41,772.7,0.84,23,40.2,339.1,57.8,21.6,60.1,10.9,87.0,85.5,Low_Activity
EVT_00881,21,30.9,53.3,22,7.18,2414.6,0.0,70,16.3,114.9,53.8,21.9,71.4,27.9,96.9,94.7,Pedestrian_Event
EVT_00882,24,42.9,22.8,19,9.64,1713.1,0.0,35,12.5,468.1,69.2,28.4,69.4,80.5,76.4,96.6,Pedestrian_Event
EVT_00883,3,20.0,45.5,3,12.84,2604.3,0.0,17,2.5,81.4,46.5,31.5,60.9,72.0,80.4,100.0,Free_Flow
EVT_00884,15,44.8,47.0,15,12.92,2249.6,1.59,49,28.0,66.8,57.2,29.7,58.5,72.0,100.0,87.0,Pedestrian_Event
EVT_00885,3,65.8,27.5,0,6.16,917.6,1.09,16,36.9,71.1,51.2,23.7,54.7,28.1,92.5,81.8,Low_Activity
EVT_00886,7,50.7,10.3,0,23.36,1352.8,0.0,28,5.5,65.0,53.0,21.6,61.4,19.9,96.1,89.6,Low_Activity
EVT_00887,11,23.7,79.1,5,3.04,628.6,0.0,50,1.3,41.0,49.6,14.6,75.3,31.7,81.2,95.6,Incident
EVT_00888,8,34.3,16.5,1,23.61,677.0,15.95,10,68.8,53.1,55.1,24.8,82.7,23.0,93.6,65.8,Low_Activity
EVT_00889,32,1.3,48.2,15,11.69,1424.7,10.98,80,63.6,14.7,63.4,28.7,75.8,70.6,93.1,77.7,Incident
EVT_00890,2,47.5,17.8,1,1.42,1566.2,0.0,44,17.9,229.5,40.8,21.1,66.1,17.1,83.1,76.0,Low_Activity
EVT_00891,37,10.6,49.1,9,16.86,1796.0,2.27,76,48.5,10.3,49.5,32.2,58.3,57.8,86.0,91.2,Incident
EVT_00892,38,19.6,48.4,2,6.44,1692.4,0.0,59,8.0,119.2,62.9,21.2,58.8,32.9,83.0,81.3,Incident
EVT_00893,3,37.2,6.1,1,0.24,1105.4,2.72,0,39.5,155.2,49.2,21.0,64.9,28.6,93.9,87.4,Low_Activity
EVT_00894,31,0.0,35.3,6,16.14,926.8,18.92,48,93.3,2.6,68.1,37.4,100.0,38.7,82.4,56.2,Incident
EVT_00895,38,9.1,61.9,7,6.53,1834.5,0.0,40,3.5,80.9,57.5,22.6,63.0,48.5,95.8,85.5,Heavy_Traffic
EVT_00896,21,34.6,48.0,11,21.9,1266.9,0.37,11,26.8,222.7,50.4,27.4,60.2,31.7,85.9,78.7,Pedestrian_Event
EVT_00897,8,22.5,0.0,2,4.95,1208.2,0.0,14,0.8,102.3,51.7,22.1,66.5,38.8,87.9,78.4,Low_Activity
EVT_00898,3,34.9,22.0,2,4.46,979.4,3.22,20,38.7,165.5,49.0,20.9,77.2,25.1,80.2,73.0,Low_Activity
EVT_00899,12,3.9,66.2,2,0.91,478.2,0.0,47,3.9,69.3,49.7,14.6,66.4,10.4,76.9,84.1,Free_Flow
EVT_00900,15,50.4,18.0,5,20.29,1309.3,0.0,20,6.4,283.8,55.6,25.0,76.4,20.4,97.5,100.0,Free_Flow
EVT_00901,17,49.4,22.1,2,10.57,2880.7,0.0,0,12.4,427.0,57.6,29.5,61.2,97.9,97.8,83.5,Free_Flow
EVT_00902,30,10.7,35.3,2,6.14,1065.7,2.76,54,33.3,64.6,48.7,21.0,74.6,44.2,86.5,94.4,Incident
EVT_00903,26,40.6,44.4,2,22.04,940.6,0.0,36,8.6,97.7,65.8,28.6,63.7,40.1,79.6,76.5,Free_Flow
EVT_00904,16,22.7,13.4,6,6.57,2739.4,0.0,24,3.0,108.9,50.6,26.8,54.6,27.1,85.0,100.0,Low_Activity
EVT_00905,16,45.6,50.3,3,5.13,942.1,0.0,22,2.0,90.8,48.3,16.4,60.5,24.6,78.3,80.5,Free_Flow
EVT_00906,29,24.0,53.8,28,8.76,2198.6,0.1,60,26.6,385.0,63.1,26.9,51.4,53.9,84.4,86.8,Pedestrian_Event
EVT_00907,5,26.1,13.0,0,0.72,1021.5,3.95,14,42.2,116.9,46.4,17.3,71.4,25.9,85.8,71.2,Low_Activity
EVT_00908,15,47.7,25.1,24,8.99,2098.6,2.79,28,32.0,124.3,58.3,29.7,72.6,57.4,100.0,89.6,Pedestrian_Event
EVT_00909,10,67.2,55.6,10,19.94,1095.6,0.0,0,17.5,132.7,55.7,22.9,69.4,31.7,89.1,81.0,Free_Flow
EVT_00910,3,66.6,0.0,0,0.87,740.5,0.0,12,2.0,97.7,55.2,22.7,66.1,23.7,98.6,70.2,Low_Activity
EVT_00911,18,29.1,42.5,33,12.25,1305.0,15.06,19,97.4,62.6,64.4,30.3,90.2,89.4,87.4,48.8,Pedestrian_Event
EVT_00912,13,20.4,52.5,6,6.8,2716.5,0.0,70,5.1,245.7,55.8,24.9,57.7,49.3,100.0,90.0,Heavy_Traffic
EVT_00913,14,14.5,34.8,6,18.96,2340.6,0.37,56,31.7,5.6,45.3,27.4,76.4,26.4,87.0,77.8,Incident
EVT_00914,4,49.5,18.3,0,23.35,1209.0,0.0,0,0.9,314.8,46.6,23.9,63.7,18.1,88.2,93.5,Low_Activity
EVT_00915,2,28.7,64.0,23,13.92,2272.2,0.0,44,1.2,305.0,51.3,30.6,70.1,67.9,82.6,86.1,Pedestrian_Event
EVT_00916,21,36.8,23.6,6,16.17,2467.9,0.0,45,1.4,153.8,51.0,27.8,60.1,36.1,75.3,85.9,Free_Flow
EVT_00917,13,14.3,23.9,2,1.03,486.2,12.8,17,59.3,65.4,50.3,17.8,100.0,13.7,86.7,75.2,Low_Activity
EVT_00918,29,21.3,44.2,4,8.9,2761.3,0.1,58,31.2,159.6,53.1,26.9,66.6,66.9,82.0,100.0,Heavy_Traffic
EVT_00919,4,51.3,22.3,0,16.6,2336.4,0.0,18,0.1,87.7,51.7,30.6,56.2,57.1,89.2,80.8,Low_Activity
EVT_00920,1,32.9,17.0,2,6.59,1971.4,3.23,0,65.7,55.7,48.4,27.4,66.0,56.7,78.8,61.5,Low_Activity
EVT_00921,23,45.0,22.1,13,18.25,2039.9,0.0,42,3.1,210.8,46.4,23.3,50.9,37.3,100.0,72.1,Free_Flow
EVT_00922,38,45.6,35.4,10,13.93,2168.4,0.0,21,2.2,265.8,56.0,26.7,60.9,83.0,90.2,88.2,Free_Flow
EVT_00923,27,30.5,68.5,7,12.12,2066.9,0.0,75,3.0,25.9,56.4,32.8,49.2,50.2,88.5,91.0,Incident
EVT_00924,35,22.9,78.3,7,9.84,1911.2,0.0,33,4.5,208.3,63.7,26.0,66.0,53.6,87.4,90.0,Heavy_Traffic
EVT_00925,19,45.7,33.1,1,10.77,2185.7,0.0,0,2.5,36.4,52.8,32.1,41.5,81.6,100.0,89.9,Low_Activity
EVT_00926,24,39.2,31.0,5,6.8,1544.1,2.34,4,48.0,216.1,61.6,27.8,74.4,38.5,93.7,84.4,Free_Flow
EVT_00927,10,40.2,18.9,10,18.95,2464.6,0.0,28,21.7,70.6,57.7,23.6,62.1,17.5,87.2,88.9,Free_Flow
EVT_00928,23,50.4,25.9,2,9.33,2302.6,0.0,28,0.8,87.0,59.2,27.6,61.8,61.3,84.4,100.0,Free_Flow
EVT_00929,15,59.2,30.4,3,7.79,2233.0,0.56,18,27.1,35.4,56.8,25.5,63.4,41.4,93.1,76.5,Free_Flow
EVT_00930,7,37.3,28.7,10,7.09,1477.0,9.03,47,65.5,84.2,65.9,19.4,70.8,41.8,89.5,55.8,Free_Flow
EVT_00931,8,24.3,29.8,27,7.11,2135.7,0.0,41,12.7,138.4,59.2,24.7,61.3,36.3,77.1,89.3,Pedestrian_Event
EVT_00932,34,21.9,57.5,3,7.83,2206.5,0.0,56,1.5,268.7,60.4,25.4,56.7,60.4,89.9,84.9,Heavy_Traffic
EVT_00933,34,16.7,8.9,6,20.27,1227.6,0.0,91,2.9,9.9,59.5,25.5,52.3,7.3,96.9,87.0,Incident
EVT_00934,35,24.4,86.6,1,7.43,1769.3,2.11,78,49.4,471.5,51.1,22.1,62.7,48.6,76.7,69.7,Heavy_Traffic
EVT_00935,14,55.9,30.1,6,19.03,1112.3,0.0,14,2.9,148.7,43.6,29.0,46.3,33.2,83.5,83.5,Free_Flow
EVT_00936,3,48.7,6.5,0,22.38,1134.6,0.0,18,7.9,329.0,41.5,20.2,59.3,41.2,75.0,77.0,Low_Activity
EVT_00937,31,19.6,52.4,7,6.55,1553.4,9.06,45,49.3,8.9,78.7,12.7,87.6,35.8,82.1,81.1,Incident
EVT_00938,3,35.0,7.2,1,23.22,1453.0,0.0,0,7.1,258.6,38.9,27.6,57.4,20.8,82.8,78.9,Low_Activity
EVT_00939,30,13.7,50.9,13,5.93,766.1,0.87,52,45.4,47.0,53.2,22.0,72.8,26.5,82.4,73.3,Pedestrian_Event
EVT_00940,14,40.6,22.7,5,18.18,1482.0,9.03,11,38.3,45.9,48.2,27.2,77.4,47.2,80.5,100.0,Free_Flow
EVT_00941,13,30.8,18.9,6,11.3,2496.2,0.0,1,2.3,248.7,48.4,24.1,65.6,79.7,97.1,88.0,Free_Flow
EVT_00942,35,12.7,66.5,16,12.7,1926.6,1.05,102,39.3,27.9,67.9,33.3,81.6,86.9,87.0,92.8,Incident
EVT_00943,23,52.0,40.4,3,9.47,2287.9,0.0,30,31.4,394.3,57.8,22.7,56.5,70.4,96.2,87.9,Free_Flow
EVT_00944,36,11.6,58.8,11,17.85,1793.6,0.0,61,8.5,138.2,57.3,28.6,69.5,14.9,89.6,86.1,Heavy_Traffic
EVT_00945,23,46.3,37.3,7,19.02,851.0,0.32,17,45.4,35.5,60.3,31.4,62.7,22.0,66.2,75.2,Free_Flow
EVT_00946,44,24.9,75.1,6,8.57,1883.8,0.0,3,0.6,125.1,58.3,22.6,48.4,70.2,85.3,88.6,Heavy_Traffic
EVT_00947,24,60.1,10.6,2,21.71,1015.4,0.0,13,6.4,92.6,65.6,22.5,52.8,22.7,95.2,97.1,Free_Flow
EVT_00948,35,22.6,67.2,5,7.06,1792.3,0.0,73,2.1,114.4,53.0,23.3,64.8,46.6,95.6,100.0,Heavy_Traffic
EVT_00949,25,15.2,68.4,22,18.08,2282.8,0.0,19,1.4,420.2,58.6,32.2,55.0,38.3,91.0,93.1,Pedestrian_Event
EVT_00950,25,48.8,25.4,2,22.73,750.3,8.1,10,36.8,499.3,56.2,21.0,77.4,26.8,84.3,78.7,Heavy_Traffic
EVT_00951,14,41.3,53.0,8,12.07,2042.0,0.0,5,14.7,137.8,52.1,33.5,69.1,83.7,86.2,73.3,Free_Flow
EVT_00952,38,7.7,63.8,7,13.25,1900.9,4.33,48,51.8,124.8,60.4,27.2,71.7,75.5,88.3,71.4,Heavy_Traffic
EVT_00953,45,21.6,83.9,2,20.82,678.3,4.93,97,37.7,71.3,68.6,23.4,64.4,11.0,80.5,81.4,Heavy_Traffic
EVT_00954,34,25.6,58.1,5,18.28,2603.2,0.0,66,0.3,123.8,62.9,35.4,68.8,51.3,86.3,88.6,Heavy_Traffic
EVT_00955,21,24.1,60.2,9,9.35,1411.5,10.68,39,52.4,308.3,66.9,22.7,79.1,80.0,93.4,88.0,Pedestrian_Event
EVT_00956,60,12.1,42.6,1,18.39,1540.2,10.82,46,69.6,155.1,63.6,31.2,79.9,25.7,99.5,81.3,Heavy_Traffic
EVT_00957,12,56.9,22.0,4,13.56,2060.0,8.23,8,30.9,123.1,63.0,34.0,67.8,67.4,76.6,69.9,Free_Flow
EVT_00958,20,28.1,31.0,27,8.71,2092.5,3.21,18,33.2,40.1,62.3,21.2,80.6,46.6,74.1,69.6,Pedestrian_Event
EVT_00959,51,9.3,84.8,16,9.62,2258.0,0.0,103,4.2,197.5,59.3,23.0,77.7,88.0,92.7,91.9,Heavy_Traffic
EVT_00960,38,17.1,3.5,6,23.17,1692.4,0.0,49,13.1,99.9,54.4,21.7,50.5,13.4,100.0,66.6,Incident
EVT_00961,35,14.4,61.5,6,16.86,1733.7,3.0,52,39.4,301.4,53.7,22.7,86.5,45.9,87.9,71.4,Heavy_Traffic
EVT_00962,30,20.7,50.6,19,9.82,2537.4,0.0,35,5.8,133.3,60.7,24.1,67.7,99.8,87.4,91.4,Heavy_Traffic
EVT_00963,13,47.3,31.8,2,22.79,1082.9,0.0,32,1.8,73.1,55.8,20.6,68.4,37.5,82.7,100.0,Free_Flow
EVT_00964,22,13.9,43.7,10,13.62,2202.1,1.0,28,45.6,42.7,61.1,32.4,61.3,72.9,87.3,72.0,Incident
EVT_00965,8,15.4,47.4,9,7.13,1720.3,6.28,2,24.2,61.6,55.4,22.4,87.5,62.2,92.8,77.3,Incident
EVT_00966,21,6.7,82.8,2,20.64,860.3,1.65,90,16.9,59.1,43.9,24.3,70.1,38.4,99.9,78.4,Incident
EVT_00967,17,36.0,6.1,1,22.53,1079.4,5.95,14,44.0,324.6,48.0,23.3,62.4,21.9,90.7,61.4,Low_Activity
EVT_00968,6,61.6,20.8,1,23.66,1094.9,1.21,30,28.4,455.3,55.3,23.5,70.1,7.3,81.4,70.4,Low_Activity
EVT_00969,23,36.8,15.5,5,11.23,2409.3,0.0,12,10.7,77.5,59.7,30.1,51.8,92.3,91.7,99.9,Free_Flow
EVT_00970,34,11.0,33.1,23,17.48,2063.6,0.4,67,31.4,214.5,66.1,31.5,61.6,50.9,75.7,70.4,Pedestrian_Event
EVT_00971,23,29.8,29.0,18,15.58,2264.8,0.0,49,21.6,54.9,48.8,32.4,67.7,76.1,90.0,96.3,Pedestrian_Event
EVT_00972,24,10.2,66.0,5,19.81,1016.4,8.93,39,41.4,301.0,59.2,28.6,80.4,33.2,88.8,69.3,Heavy_Traffic
EVT_00973,39,23.2,47.1,21,20.07,1246.3,0.0,53,4.9,69.0,56.1,32.7,62.4,29.1,89.0,94.5,Pedestrian_Event
EVT_00974,3,11.9,76.4,1,21.77,588.2,1.02,1,22.9,389.5,44.6,27.0,66.5,27.1,79.7,69.8,Heavy_Traffic
EVT_00975,30,19.7,98.9,7,13.42,2031.0,0.0,39,1.0,3.3,60.5,31.1,55.5,75.2,89.0,84.1,Incident
EVT_00976,30,24.5,61.5,6,11.67,2014.7,0.0,43,2.8,42.7,52.7,32.5,64.9,73.0,81.3,97.9,Heavy_Traffic
EVT_00977,14,20.2,52.6,19,17.5,1755.9,1.2,48,63.5,136.1,52.7,30.5,76.7,30.5,84.9,69.2,Pedestrian_Event
EVT_00978,22,30.6,23.7,6,19.15,905.5,0.0,15,16.7,11.2,46.3,30.2,71.2,45.8,82.8,75.1,Incident
EVT_00979,5,69.5,11.9,6,5.09,951.2,0.52,17,30.8,280.2,52.9,22.9,76.1,10.2,87.5,79.3,Free_Flow
EVT_00980,49,22.1,94.6,5,8.06,2189.1,0.0,27,11.9,268.7,56.7,23.1,45.6,64.0,94.7,90.8,Heavy_Traffic
EVT_00981,28,23.5,56.3,19,7.71,2322.3,0.0,42,17.7,110.0,55.8,31.5,53.9,55.3,82.6,68.1,Pedestrian_Event
EVT_00982,5,62.4,4.9,2,1.88,720.4,0.0,8,3.9,271.5,49.0,21.9,51.3,19.1,98.3,77.6,Low_Activity
EVT_00983,10,10.7,83.3,22,8.7,1801.9,0.0,62,39.3,124.1,56.9,26.6,72.4,77.1,80.2,83.7,Incident
EVT_00984,31,18.3,61.5,11,16.56,2259.4,0.0,81,7.1,341.8,60.3,27.7,52.2,54.1,90.7,89.9,Heavy_Traffic
EVT_00985,38,7.1,84.1,7,7.08,1969.6,1.01,52,49.4,66.6,59.0,27.0,65.2,59.7,82.5,79.9,Incident
EVT_00986,44,37.9,70.9,20,6.88,1957.9,2.5,9,58.7,296.4,62.5,19.4,57.9,50.8,72.0,89.2,Pedestrian_Event
EVT_00987,47,17.1,42.4,4,7.98,2175.9,0.0,80,42.3,54.6,65.9,25.3,67.8,56.5,82.7,87.3,Heavy_Traffic
EVT_00988,6,23.2,1.0,0,22.75,1467.7,0.0,15,27.6,307.7,48.8,21.4,76.8,1.7,79.8,65.4,Low_Activity
EVT_00989,10,18.6,67.9,4,13.81,1649.8,0.0,91,9.6,16.9,41.5,34.5,73.3,75.2,79.3,98.7,Incident
EVT_00990,27,48.8,47.4,8,13.93,1901.8,0.0,11,0.6,261.0,63.0,32.0,44.5,100.0,87.6,79.2,Low_Activity
EVT_00991,3,36.7,18.1,0,22.62,775.0,0.0,15,5.5,318.4,46.7,23.7,68.6,15.5,80.1,89.2,Low_Activity
EVT_00992,34,18.4,64.7,3,6.71,1866.5,6.86,78,63.0,468.6,67.9,27.0,77.8,26.6,79.4,88.9,Heavy_Traffic
EVT_00993,21,8.8,34.0,5,23.27,870.6,6.23,55,57.4,121.6,56.7,19.1,74.9,40.8,83.1,74.3,Incident
EVT_00994,44,6.9,68.2,10,12.03,1507.6,9.22,26,37.5,12.6,76.3,28.1,70.6,100.0,86.5,66.0,Incident
EVT_00995,4,39.3,28.5,0,4.99,985.9,0.0,29,9.5,71.8,36.4,17.5,72.4,28.3,94.4,92.9,Low_Activity
EVT_00996,4,5.8,13.9,3,13.47,2081.8,0.0,14,1.2,116.4,42.9,34.5,60.7,76.7,100.0,100.0,Low_Activity
EVT_00997,23,52.1,31.3,2,23.48,1130.2,0.0,19,21.7,177.5,55.5,26.0,64.2,9.8,93.0,58.3,Free_Flow
EVT_00998,21,30.2,55.5,1,5.61,1119.5,1.06,24,42.9,255.2,51.4,18.8,93.8,23.0,94.4,84.8,Free_Flow
EVT_00999,29,48.1,50.6,21,17.34,1771.1,7.89,43,63.2,225.0,65.4,25.4,99.4,40.6,92.2,79.1,Free_Flow
EVT_01000,24,10.4,53.7,1,19.17,1136.2,0.0,40,0.3,80.5,55.7,31.4,56.3,34.4,88.1,93.5,Heavy_Traffic
EVT_01001,14,28.2,56.2,28,17.74,1509.5,0.0,36,4.3,302.5,52.0,26.8,45.1,20.9,96.3,100.0,Pedestrian_Event
EVT_01002,33,39.0,66.1,4,23.26,1089.6,2.69,43,50.9,87.9,61.7,22.7,60.8,22.7,90.9,85.7,Free_Flow
EVT_01003,26,44.9,20.7,4,20.29,787.5,0.0,49,6.5,75.6,50.9,30.6,44.2,8.7,82.3,92.9,Free_Flow
EVT_01004,12,0.0,36.4,23,13.76,1497.9,6.78,18,39.8,85.8,53.3,30.9,68.3,86.4,95.7,75.7,Pedestrian_Event
EVT_01005,7,33.0,8.7,3,22.84,1167.8,5.13,14,37.0,392.8,57.1,19.8,78.8,22.9,76.1,86.8,Low_Activity
EVT_01006,58,23.8,70.0,7,18.74,2063.5,0.0,51,2.9,181.1,65.8,35.5,52.5,13.1,76.6,98.4,Heavy_Traffic
EVT_01007,26,48.7,27.3,2,20.56,1309.0,2.7,34,53.1,68.5,52.0,27.7,66.1,22.6,75.8,78.8,Free_Flow
EVT_01008,2,42.7,12.1,0,4.2,1410.0,0.0,29,60.0,440.5,54.4,17.7,62.6,29.3,84.0,74.8,Low_Activity
EVT_01009,0,25.7,31.0,21,7.98,2270.9,4.45,61,47.9,223.1,50.4,23.8,61.4,43.9,94.4,75.5,Pedestrian_Event
EVT_01010,49,13.1,64.7,2,8.93,1404.0,1.91,76,46.9,342.7,57.6,28.6,74.0,67.7,80.9,89.6,Heavy_Traffic
EVT_01011,7,39.5,24.5,3,23.51,1036.3,0.0,14,11.6,79.1,46.8,25.7,62.6,20.9,93.6,82.5,Free_Flow
EVT_01012,23,23.3,29.9,26,15.3,2129.7,0.0,22,1.4,43.7,53.8,26.8,67.0,64.5,95.7,89.5,Pedestrian_Event
EVT_01013,23,20.5,51.2,7,9.46,1527.2,6.22,42,54.2,139.9,65.7,28.8,74.5,72.0,82.0,72.9,Heavy_Traffic
EVT_01014,24,42.9,56.6,4,10.7,2281.5,3.63,22,43.8,78.2,57.0,25.0,55.9,94.3,93.1,88.1,Free_Flow
EVT_01015,17,50.5,56.8,3,5.64,503.1,17.21,41,52.5,50.1,60.2,19.4,97.9,24.8,90.9,67.4,Free_Flow
EVT_01016,21,3.7,19.5,10,12.21,1980.0,2.76,51,52.1,5.8,59.3,29.6,73.8,83.9,96.5,78.3,Incident
EVT_01017,43,11.8,76.1,2,9.79,1787.4,0.0,31,7.0,16.1,60.0,27.8,50.6,72.4,95.5,99.8,Incident
EVT_01018,6,37.6,15.4,2,23.28,1189.1,1.89,6,34.8,235.0,54.4,21.1,75.7,23.6,85.8,89.6,Low_Activity
EVT_01019,18,22.7,65.8,5,21.46,700.1,0.0,17,3.1,61.1,53.8,28.6,60.1,15.6,98.3,59.1,Pedestrian_Event
EVT_01020,3,14.3,67.0,7,14.83,1709.4,0.0,68,8.5,20.8,52.2,27.5,60.6,74.5,89.3,91.7,Incident
EVT_01021,44,55.3,35.1,5,18.22,2423.0,0.0,44,3.2,377.0,62.2,30.6,60.5,29.8,76.4,90.0,Free_Flow
EVT_01022,24,12.3,29.2,13,17.29,2842.3,0.0,25,6.6,105.5,49.0,29.4,70.1,38.3,91.0,75.0,Pedestrian_Event
EVT_01023,2,83.1,10.3,6,15.14,2730.0,0.0,6,25.2,120.1,62.9,32.9,67.5,59.3,82.9,93.7,Low_Activity
EVT_01024,11,15.2,75.5,3,7.71,1872.9,0.36,58,36.5,114.0,61.9,21.3,74.6,56.5,83.5,76.1,Incident
EVT_01025,35,23.0,56.0,5,11.98,1813.6,0.0,85,17.4,79.8,58.1,28.1,64.0,80.3,72.9,100.0,Heavy_Traffic
EVT_01026,0,38.8,25.9,4,7.21,2268.7,0.0,0,11.6,396.1,42.3,26.8,62.2,54.4,97.0,81.9,Free_Flow
EVT_01027,42,15.4,61.3,3,1.22,722.0,0.0,64,2.1,7.0,61.0,19.7,56.9,12.3,88.4,88.9,Incident
EVT_01028,26,30.2,73.6,4,8.54,2426.1,0.0,74,60.0,233.9,56.1,25.7,74.0,66.9,87.2,77.2,Heavy_Traffic
EVT_01029,35,10.3,69.9,10,7.7,2099.2,0.0,40,13.0,259.8,61.3,28.7,50.4,69.8,83.8,98.7,Heavy_Traffic
EVT_01030,38,41.7,65.9,6,9.18,1893.3,3.51,43,56.1,56.5,61.2,28.6,74.5,96.2,97.0,69.6,Heavy_Traffic
EVT_01031,26,41.0,26.9,4,11.06,2808.5,0.0,14,12.7,208.5,68.1,24.0,61.0,64.4,79.7,87.2,Free_Flow
EVT_01032,18,30.6,14.1,24,13.42,2224.3,0.0,25,26.4,139.5,46.7,29.8,65.3,84.7,77.1,91.7,Pedestrian_Event
EVT_01033,28,38.9,70.6,6,9.72,2375.2,0.0,107,4.8,47.0,51.0,25.4,86.0,80.7,90.2,96.8,Heavy_Traffic
EVT_01034,22,24.4,28.6,2,0.5,984.2,0.0,59,2.7,27.2,50.0,19.4,67.5,10.1,89.4,90.6,Incident
EVT_01035,23,59.3,38.6,4,10.98,2791.6,0.0,37,18.9,202.6,67.8,28.0,80.1,85.6,83.1,77.8,Free_Flow
EVT_01036,9,17.5,9.9,36,7.1,2380.4,0.0,14,3.5,44.5,57.1,24.7,64.1,46.3,93.2,92.4,Pedestrian_Event
EVT_01037,0,17.7,68.1,3,23.0,568.2,0.0,17,6.6,4.7,48.3,21.3,64.0,34.4,78.5,74.9,Incident
EVT_01038,6,39.7,10.7,0,23.58,1506.4,0.0,0,5.0,46.8,49.0,17.4,71.8,6.3,82.2,72.4,Low_Activity
EVT_01039,45,6.6,59.3,9,18.61,2495.7,1.77,93,47.8,50.5,61.1,21.0,71.4,21.2,72.3,92.2,Heavy_Traffic
EVT_01040,25,15.0,46.7,16,10.12,1475.9,1.28,26,25.4,146.2,49.4,25.4,60.9,74.4,86.8,76.6,Pedestrian_Event
EVT_01041,44,26.4,55.5,7,8.81,894.2,19.6,40,85.5,52.7,73.9,22.8,93.4,63.9,81.6,68.1,Heavy_Traffic
EVT_01042,4,29.3,18.5,3,15.38,1950.2,0.0,1,26.0,349.5,62.6,28.5,73.1,60.4,77.9,88.0,Low_Activity
EVT_01043,0,39.7,30.9,2,17.88,1530.6,6.29,18,31.6,103.8,54.1,27.0,68.3,15.3,85.6,82.1,Free_Flow
EVT_01044,26,16.3,14.1,36,8.9,1610.9,0.0,72,11.5,47.4,51.1,26.4,56.1,62.6,80.7,86.4,Pedestrian_Event
EVT_01045,31,28.6,41.8,1,11.91,1906.2,4.71,52,52.9,39.0,63.5,27.3,70.3,69.3,76.4,96.8,Free_Flow
EVT_01046,4,13.0,12.3,13,16.42,2746.9,0.3,33,21.3,46.2,46.8,29.7,65.3,50.2,100.0,82.7,Pedestrian_Event
EVT_01047,20,13.3,67.1,26,17.83,2139.9,0.0,10,0.7,80.6,45.4,32.6,58.3,36.7,79.7,88.9,Pedestrian_Event
EVT_01048,17,7.2,87.7,3,13.7,1813.2,0.0,81,2.1,259.0,48.4,31.4,49.1,83.7,80.9,85.7,Heavy_Traffic
EVT_01049,31,38.8,71.5,9,21.68,1367.8,0.0,25,1.3,61.7,55.2,34.3,58.4,30.2,97.8,100.0,Pedestrian_Event
EVT_01050,30,19.8,33.3,2,23.5,656.2,0.0,70,1.6,7.0,48.1,19.0,65.2,16.1,88.6,81.1,Incident
EVT_01051,21,11.4,59.1,22,12.0,1926.5,0.0,45,1.4,170.1,47.1,27.8,62.5,62.5,73.6,84.0,Pedestrian_Event
EVT_01052,39,24.1,79.3,2,10.85,1896.3,3.93,48,43.3,370.2,57.7,25.8,62.5,82.5,88.7,64.7,Heavy_Traffic
EVT_01053,11,38.6,25.1,1,5.59,891.1,0.0,33,2.0,55.4,54.8,25.2,71.7,28.2,88.0,86.5,Free_Flow
EVT_01054,29,30.7,37.8,18,14.66,2039.3,0.0,45,4.3,170.1,54.4,27.2,62.0,84.5,89.6,86.5,Pedestrian_Event
EVT_01055,35,13.5,67.9,12,8.59,1758.4,0.0,79,12.5,350.3,55.5,28.4,55.2,49.8,85.1,89.8,Heavy_Traffic
EVT_01056,25,32.2,44.5,31,15.58,2759.7,0.0,0,5.7,156.2,62.2,36.5,47.0,44.3,87.3,95.7,Pedestrian_Event
EVT_01057,7,61.8,10.6,1,15.73,1721.8,0.0,14,16.8,107.5,54.3,37.1,80.2,61.4,88.5,95.1,Low_Activity
EVT_01058,40,4.3,68.1,8,8.86,1867.1,0.0,17,2.6,102.5,57.8,24.3,69.0,61.3,86.7,86.9,Pedestrian_Event
EVT_01059,9,52.5,39.7,5,12.68,2542.7,0.0,0,4.6,291.5,53.9,34.3,59.9,82.4,88.8,81.9,Free_Flow
EVT_01060,22,41.8,42.5,3,15.03,2029.6,4.48,19,42.0,182.6,66.0,29.4,79.5,56.1,88.9,81.3,Free_Flow
EVT_01061,5,40.9,0.0,0,22.34,1176.1,6.05,3,15.1,251.6,50.6,22.8,61.6,30.4,94.0,68.6,Low_Activity
EVT_01062,36,7.1,42.7,4,18.63,2697.5,0.0,50,1.0,408.2,55.4,26.1,48.5,22.7,95.5,87.5,Heavy_Traffic
EVT_01063,4,36.0,16.4,0,23.26,1225.6,0.0,15,1.5,89.1,51.9,20.1,46.4,34.3,86.0,96.3,Low_Activity
EVT_01064,24,32.3,26.7,30,13.61,2264.8,3.4,42,36.9,45.2,63.4,32.9,65.5,86.7,94.3,88.8,Pedestrian_Event
EVT_01065,29,6.4,90.7,2,21.55,1041.2,0.0,68,42.5,67.5,60.3,32.0,62.6,2.3,80.8,80.2,Incident
EVT_01066,23,35.6,73.4,4,7.56,2080.9,0.0,58,2.6,196.2,64.1,23.1,53.9,77.0,75.7,90.7,Heavy_Traffic
EVT_01067,4,36.8,17.7,0,22.72,1041.1,0.0,0,6.2,387.8,52.5,26.5,59.3,26.7,81.7,82.0,Free_Flow
EVT_01068,25,20.0,43.8,15,12.64,1713.1,2.8,63,43.0,237.4,52.0,31.8,78.6,71.3,79.5,89.6,Pedestrian_Event
EVT_01069,14,73.1,8.7,2,4.34,928.3,0.0,26,9.6,260.8,51.4,20.3,56.4,31.2,80.6,92.7,Low_Activity
EVT_01070,21,28.7,69.5,33,8.21,2201.9,0.0,58,12.7,89.2,50.8,23.3,52.8,42.6,79.4,89.7,Pedestrian_Event
EVT_01071,26,19.2,29.2,6,14.68,1852.2,0.0,9,17.9,491.9,52.0,34.2,57.8,60.8,87.2,89.9,Free_Flow
EVT_01072,9,24.0,33.3,28,18.19,1652.4,4.47,36,45.0,36.6,48.9,28.8,81.3,30.0,81.9,72.6,Pedestrian_Event
EVT_01073,2,31.4,14.3,2,23.99,711.0,0.0,14,5.8,154.6,54.3,17.4,54.7,27.3,87.7,82.6,Low_Activity
EVT_01074,37,0.2,47.6,29,6.65,1528.1,4.45,62,28.6,265.3,66.6,28.1,66.8,41.3,95.6,75.2,Pedestrian_Event
EVT_01075,12,41.6,17.9,1,23.31,1228.8,0.0,24,12.1,46.8,47.6,23.6,64.4,33.0,82.6,80.3,Low_Activity
EVT_01076,43,2.7,50.1,4,15.71,2362.0,0.11,70,45.2,489.7,54.1,32.1,54.3,77.3,86.3,95.4,Free_Flow
EVT_01077,25,38.7,59.5,20,10.92,2199.0,0.46,18,31.2,447.2,52.3,26.6,78.0,95.8,93.2,98.3,Pedestrian_Event
EVT_01078,41,8.6,66.1,3,21.82,415.1,17.76,86,76.1,438.6,73.8,20.4,90.6,26.3,72.0,63.8,Heavy_Traffic
EVT_01079,11,59.0,35.0,3,19.19,960.9,0.0,21,3.1,274.2,63.9,28.6,62.5,33.5,78.5,70.2,Free_Flow
EVT_01080,13,9.5,66.9,8,9.61,1919.2,0.0,63,5.2,350.6,43.7,23.3,61.5,69.1,100.0,82.7,Heavy_Traffic
EVT_01081,25,18.7,86.0,4,0.53,984.6,0.0,17,1.5,11.7,54.8,23.5,59.4,21.2,83.6,87.4,Free_Flow
EVT_01082,20,15.7,26.6,15,9.36,2538.8,0.0,23,2.0,418.2,62.0,27.8,77.5,71.0,90.3,83.3,Pedestrian_Event
EVT_01083,14,37.9,36.8,24,8.69,2113.8,0.0,39,13.1,48.1,44.0,26.6,53.2,66.2,84.9,75.9,Pedestrian_Event
EVT_01084,14,55.1,30.5,8,10.05,2608.4,0.43,36,37.9,80.6,61.4,27.1,65.9,96.2,98.7,92.3,Free_Flow
EVT_01085,25,32.9,46.2,26,8.14,2104.0,7.02,54,49.7,67.6,68.1,22.0,80.7,69.7,85.0,65.3,Pedestrian_Event
EVT_01086,8,39.1,17.7,1,23.68,1068.0,0.84,26,32.6,81.1,52.1,27.3,68.1,17.9,88.9,79.9,Low_Activity
EVT_01087,17,45.6,45.9,5,20.0,1400.9,0.0,27,8.1,103.1,54.6,22.4,61.1,16.8,86.4,70.8,Free_Flow
EVT_01088,40,16.1,56.9,7,18.64,2154.5,0.0,0,0.5,119.4,58.1,25.3,68.0,16.2,86.1,100.0,Heavy_Traffic
EVT_01089,20,10.3,46.9,2,12.14,1888.7,0.0,55,9.6,8.3,55.3,24.5,77.3,80.3,69.1,75.3,Incident
EVT_01090,22,20.4,57.7,5,17.88,2365.7,0.0,0,8.1,2.9,52.2,32.3,52.0,64.0,84.0,81.1,Incident
EVT_01091,10,33.8,25.2,17,18.32,2447.2,0.0,41,12.3,150.7,43.2,26.3,63.2,23.1,94.4,100.0,Pedestrian_Event
EVT_01092,18,40.0,32.7,17,12.81,2530.7,0.0,58,0.5,36.0,56.1,24.1,60.3,91.0,80.1,98.6,Pedestrian_Event
EVT_01093,30,26.3,48.8,43,7.82,1610.5,2.44,32,49.6,61.8,60.4,25.1,78.1,45.9,79.8,67.3,Pedestrian_Event
EVT_01094,3,47.7,21.9,3,17.1,2881.7,0.0,20,0.4,85.8,55.1,35.4,56.5,57.0,80.2,83.7,Free_Flow
EVT_01095,5,20.4,20.7,0,23.02,683.4,0.93,14,40.6,217.1,51.1,20.9,71.5,37.3,65.5,72.9,Low_Activity
EVT_01096,3,20.5,80.2,5,11.84,2566.9,0.0,23,8.1,73.1,51.2,31.3,60.7,80.4,96.2,93.5,Incident
EVT_01097,21,42.5,52.1,17,7.65,1949.6,1.16,59,32.5,35.1,59.2,24.7,51.0,16.2,87.7,77.7,Pedestrian_Event
EVT_01098,29,32.4,39.4,22,8.7,1943.0,0.0,58,21.5,145.8,63.9,27.5,63.8,78.9,76.3,84.2,Pedestrian_Event
EVT_01099,26,25.8,53.6,7,12.8,2105.9,1.17,84,37.6,41.1,62.2,29.4,64.4,65.0,78.3,93.9,Heavy_Traffic
EVT_01100,21,54.6,22.2,4,20.95,1334.3,0.0,35,11.3,374.1,60.7,24.7,52.0,30.5,88.7,100.0,Free_Flow
EVT_01101,11,25.2,52.6,18,18.02,2627.2,0.0,58,13.3,37.3,53.5,33.8,57.5,18.0,84.0,82.0,Pedestrian_Event
EVT_01102,41,30.3,39.0,3,7.02,2052.0,0.0,108,3.5,250.6,71.5,24.3,52.4,34.5,93.6,100.0,Heavy_Traffic
EVT_01103,61,10.1,75.1,10,18.9,2043.5,0.0,91,7.1,173.2,60.7,31.1,71.3,14.9,76.7,87.9,Heavy_Traffic
EVT_01104,11,52.6,7.3,1,23.19,1312.1,0.0,14,22.6,137.7,48.0,24.4,83.0,25.9,75.2,92.4,Low_Activity
EVT_01105,12,60.8,29.9,4,20.74,815.6,0.0,15,10.4,135.6,48.7,21.4,67.1,20.3,93.5,75.6,Free_Flow
EVT_01106,32,15.1,53.4,5,13.36,2034.8,0.0,38,16.9,7.6,62.4,26.8,64.8,99.9,94.3,94.1,Incident
EVT_01107,48,16.2,68.8,12,17.97,2335.0,0.0,41,7.8,86.6,68.1,25.0,67.7,38.7,100.0,96.0,Heavy_Traffic
EVT_01108,26,43.2,25.9,6,8.99,2407.5,2.87,26,38.5,79.8,62.2,24.9,77.3,54.3,94.6,97.6,Free_Flow
EVT_01109,45,13.1,51.4,2,22.17,654.1,6.51,13,51.5,6.7,63.4,30.2,72.0,12.5,94.7,83.9,Incident
EVT_01110,3,2.2,51.3,15,15.89,1951.7,2.91,37,44.7,53.6,43.3,27.6,77.8,58.4,90.8,89.5,Pedestrian_Event
EVT_01111,24,5.8,60.6,15,10.11,1857.3,0.0,32,7.8,48.3,53.6,26.7,77.2,83.9,82.1,74.9,Pedestrian_Event
EVT_01112,16,44.2,19.1,4,9.6,2430.6,0.0,0,19.2,179.6,56.9,30.4,60.0,94.2,75.2,82.5,Free_Flow
EVT_01113,21,42.5,29.3,4,19.54,661.8,0.0,33,9.0,95.5,48.5,28.2,51.2,37.3,96.2,75.9,Free_Flow
EVT_01114,40,17.2,31.7,16,9.38,1818.0,1.49,29,49.6,98.0,60.2,26.7,62.6,70.5,77.8,89.7,Pedestrian_Event
EVT_01115,49,11.2,3.7,15,12.09,1862.5,6.73,8,50.2,475.8,60.1,25.7,67.1,92.5,85.6,88.1,Pedestrian_Event
EVT_01116,8,57.9,5.7,1,23.65,1116.4,0.0,1,0.8,114.9,55.8,24.0,65.5,29.6,79.9,56.7,Low_Activity
EVT_01117,16,25.8,63.3,6,16.34,1280.5,3.82,51,44.5,131.0,54.4,29.4,64.6,70.8,88.8,73.9,Heavy_Traffic
EVT_01118,4,58.2,13.5,0,2.78,1407.9,0.0,15,4.0,167.2,50.9,23.0,67.5,0.1,77.9,77.7,Low_Activity
EVT_01119,44,28.5,80.7,4,8.69,2216.3,0.0,35,10.9,244.9,68.1,23.1,68.4,81.9,75.7,89.9,Heavy_Traffic
EVT_01120,20,62.1,43.3,1,16.71,1669.6,0.0,23,17.7,63.3,59.7,31.6,76.0,55.7,80.1,79.6,Free_Flow
EVT_01121,16,17.4,57.5,6,7.95,1407.6,0.0,83,6.8,88.4,53.5,25.7,60.4,76.5,100.0,87.3,Heavy_Traffic
EVT_01122,44,0.0,39.0,5,7.3,2715.8,0.0,10,2.8,200.2,68.8,25.4,70.2,45.6,86.8,100.0,Heavy_Traffic
EVT_01123,16,53.4,4.5,3,10.37,2624.2,0.0,38,28.1,76.2,59.3,33.6,67.3,67.4,95.5,86.3,Free_Flow
EVT_01124,18,59.4,33.5,5,11.51,2801.9,0.0,26,22.5,43.1,57.6,28.3,55.2,75.7,89.8,82.7,Low_Activity
EVT_01125,27,11.6,66.4,4,9.63,1778.3,0.0,60,8.5,441.2,51.9,25.7,71.0,76.0,95.6,100.0,Heavy_Traffic
EVT_01126,18,13.7,96.0,25,14.07,1282.8,10.87,47,55.3,6.2,54.8,33.2,64.4,71.0,83.2,77.8,Incident
EVT_01127,23,16.1,89.5,4,13.14,2159.9,0.0,28,17.9,125.6,51.3,34.0,73.4,85.6,76.4,88.9,Heavy_Traffic
EVT_01128,0,11.4,27.4,28,14.37,2554.4,0.0,27,3.4,400.1,45.3,31.7,63.3,77.6,85.9,94.6,Free_Flow
EVT_01129,23,63.6,26.8,2,9.18,2065.1,0.0,20,2.8,105.2,69.6,25.6,57.6,76.0,92.3,100.0,Free_Flow
EVT_01130,36,23.6,62.4,11,15.83,1622.8,0.7,38,22.4,167.2,58.8,35.7,54.5,79.4,81.7,77.6,Heavy_Traffic
EVT_01131,3,44.8,8.4,1,23.75,970.3,5.7,28,33.9,285.6,58.2,20.9,75.4,36.1,88.3,87.3,Free_Flow
EVT_01132,26,24.1,72.1,6,15.46,1813.2,0.0,10,19.2,23.7,60.2,26.5,68.4,61.9,80.2,79.4,Incident
EVT_01133,2,83.1,1.7,0,21.24,873.7,0.0,11,26.2,220.8,55.7,36.2,55.9,35.2,90.1,82.8,Low_Activity
EVT_01134,5,19.3,50.8,10,3.9,687.3,0.0,0,1.2,6.6,44.4,24.0,80.7,23.7,79.5,86.4,Incident
EVT_01135,38,7.4,65.3,10,16.25,1779.7,3.14,25,59.8,205.7,49.6,32.7,67.5,61.4,81.5,70.6,Heavy_Traffic
EVT_01136,20,37.2,36.3,2,8.34,2804.0,0.0,43,35.5,45.7,62.0,25.1,68.6,72.9,66.1,94.1,Free_Flow
EVT_01137,25,48.4,38.1,2,15.51,2366.5,0.0,21,1.1,45.3,61.7,23.0,66.7,70.0,80.0,80.1,Free_Flow
EVT_01138,37,24.8,73.8,5,8.64,1793.7,0.0,52,1.0,57.1,66.2,20.2,66.1,60.6,86.3,93.2,Heavy_Traffic
EVT_01139,29,35.6,50.5,7,21.75,1059.6,0.0,29,6.8,172.0,63.9,22.4,55.3,12.4,89.1,76.3,Pedestrian_Event
EVT_01140,20,18.3,82.5,3,9.31,2073.9,0.0,20,36.7,156.3,47.7,26.5,65.6,81.3,85.3,76.6,Heavy_Traffic
EVT_01141,7,51.3,27.6,0,22.73,605.7,0.0,20,0.9,490.3,43.9,24.8,82.4,19.0,91.8,87.4,Low_Activity
EVT_01142,49,13.1,50.9,9,7.13,1629.2,0.0,11,38.2,170.9,61.6,21.8,67.8,41.1,94.6,75.5,Heavy_Traffic
EVT_01143,10,59.4,15.0,2,9.63,2507.2,0.0,15,34.0,207.3,59.4,25.5,57.6,70.9,90.4,95.4,Low_Activity
EVT_01144,40,26.3,33.0,16,16.81,1877.4,5.7,22,27.8,391.1,57.9,31.5,59.2,57.7,78.0,70.1,Free_Flow
EVT_01145,15,11.2,19.6,24,17.88,2375.3,0.0,58,7.2,94.5,52.6,29.4,66.7,45.5,69.0,100.0,Pedestrian_Event
EVT_01146,35,25.7,72.5,24,8.24,1544.8,4.45,54,36.3,171.7,61.1,24.4,67.1,51.8,89.2,86.4,Pedestrian_Event
EVT_01147,35,30.6,28.4,5,7.41,1456.9,0.0,61,0.5,490.9,57.6,23.6,58.0,46.9,93.9,92.9,Heavy_Traffic
EVT_01148,35,5.5,43.5,10,4.21,1240.1,1.07,48,57.0,3.0,61.8,23.0,74.5,9.0,88.4,69.9,Incident
EVT_01149,7,30.5,9.1,2,4.39,1488.9,0.0,18,13.1,84.5,46.1,20.3,52.0,17.0,84.8,82.5,Low_Activity
EVT_01150,7,33.3,3.3,0,1.43,1162.3,0.0,34,2.6,57.8,47.0,20.1,68.8,41.2,87.6,100.0,Low_Activity
EVT_01151,1,31.2,51.4,19,14.12,2303.4,0.0,46,1.2,394.9,48.1,34.8,68.4,62.2,82.2,76.7,Pedestrian_Event
EVT_01152,4,34.5,11.7,1,23.43,733.3,0.66,12,48.6,177.6,53.0,19.9,74.1,25.4,100.0,60.5,Low_Activity
EVT_01153,4,68.5,15.4,1,4.46,714.6,0.0,0,10.6,50.9,54.5,22.2,57.8,14.5,88.8,91.5,Low_Activity
EVT_01154,5,24.4,14.1,1,23.76,1204.1,1.18,24,25.6,237.1,40.0,15.3,69.8,30.3,90.6,76.4,Low_Activity
EVT_01155,25,32.2,9.7,6,6.64,2220.1,0.0,35,12.4,193.7,54.4,26.5,66.8,21.3,61.7,77.4,Free_Flow
EVT_01156,21,49.0,26.8,4,11.5,2716.5,0.0,34,2.1,71.3,62.5,26.6,67.7,80.0,77.1,90.2,Free_Flow
EVT_01157,29,55.4,30.9,4,9.54,2762.6,0.0,0,3.7,72.7,59.5,25.2,61.5,63.7,86.3,100.0,Free_Flow
EVT_01158,6,46.0,2.1,1,3.12,1563.4,0.0,0,3.0,332.0,45.0,20.8,57.8,32.2,76.6,85.5,Low_Activity
EVT_01159,18,42.2,39.7,32,12.97,2011.4,0.0,38,5.7,60.6,57.8,32.6,47.6,63.7,94.0,100.0,Pedestrian_Event
EVT_01160,3,54.1,3.6,2,22.57,1119.7,0.0,9,15.4,439.0,47.6,17.7,74.9,21.6,80.6,92.8,Low_Activity
EVT_01161,2,36.3,36.7,2,8.34,1977.8,5.72,31,49.9,193.7,54.4,23.0,60.1,61.9,89.2,84.4,Free_Flow
EVT_01162,43,14.8,67.7,6,20.21,1024.8,0.0,88,7.8,86.7,55.9,22.8,64.5,2.8,83.2,98.3,Heavy_Traffic
EVT_01163,24,44.4,37.4,8,18.29,2078.9,5.24,22,49.4,65.3,60.1,27.5,80.6,30.8,93.6,91.6,Free_Flow
EVT_01164,14,36.4,23.2,1,5.55,1219.0,0.0,23,10.0,88.2,49.6,26.6,49.0,15.6,76.9,100.0,Free_Flow
EVT_01165,3,71.1,3.2,4,23.93,1124.1,0.39,1,25.8,53.8,41.6,25.7,61.5,23.0,89.3,86.0,Low_Activity
EVT_01166,15,11.2,77.0,7,9.06,1936.2,4.29,72,59.1,254.5,50.5,31.4,71.0,62.1,90.8,77.6,Heavy_Traffic
EVT_01167,23,54.9,35.5,5,17.66,1995.5,0.0,0,1.7,221.7,58.8,33.7,54.6,31.7,90.0,88.6,Free_Flow
EVT_01168,25,23.1,83.3,4,10.11,1752.9,6.98,56,46.4,177.4,58.3,32.3,88.3,67.5,79.2,73.9,Heavy_Traffic
EVT_01169,12,63.5,15.9,2,19.9,699.8,0.0,16,0.5,329.1,53.0,29.6,59.7,0.0,82.0,76.4,Low_Activity
EVT_01170,6,46.9,12.0,1,23.65,1061.1,0.0,19,1.8,245.1,55.0,24.1,63.3,21.4,83.3,76.7,Low_Activity
EVT_01171,45,21.2,43.7,16,8.48,1652.8,7.07,7,51.3,155.0,59.7,26.2,84.0,58.9,78.0,89.3,Heavy_Traffic
EVT_01172,50,31.6,80.8,5,10.26,1784.0,0.0,68,33.1,100.4,60.4,27.8,64.2,84.7,86.3,68.6,Heavy_Traffic
EVT_01173,15,49.2,20.7,5,19.07,1352.5,0.13,16,42.1,299.3,54.7,31.2,68.7,28.5,68.4,82.2,Free_Flow
EVT_01174,25,60.5,55.2,4,16.65,1909.3,0.0,32,1.1,206.9,65.4,35.6,59.1,65.8,75.8,86.5,Pedestrian_Event
EVT_01175,19,7.1,43.4,5,14.41,2186.1,0.0,66,3.6,17.9,52.7,29.1,66.0,70.2,86.2,93.1,Free_Flow
EVT_01176,17,44.7,21.9,20,16.71,2063.8,2.19,32,40.3,59.8,60.8,27.7,71.4,43.0,83.6,99.1,Free_Flow
EVT_01177,18,40.4,19.3,3,6.11,1022.2,0.0,36,0.4,204.6,51.5,24.6,55.4,29.2,72.2,84.7,Free_Flow
EVT_01178,6,46.1,2.5,0,23.44,1245.8,0.0,9,2.9,177.7,47.2,19.7,60.6,6.2,79.8,86.8,Low_Activity
EVT_01179,28,3.2,68.0,4,6.7,2230.9,5.77,94,25.0,35.3,59.5,20.8,76.2,43.3,83.0,69.7,Heavy_Traffic
EVT_01180,25,44.2,35.9,2,23.13,1067.9,0.0,29,12.9,83.3,54.5,17.8,57.3,26.1,83.6,78.9,Free_Flow
EVT_01181,10,13.1,3.7,1,3.94,1423.2,2.89,8,35.6,262.5,50.4,24.3,74.0,21.4,87.2,85.8,Low_Activity
EVT_01182,14,62.2,42.8,18,12.86,2187.2,0.1,22,36.4,38.5,56.6,28.6,61.1,93.3,91.6,71.9,Free_Flow
EVT_01183,13,56.8,32.4,11,9.56,2211.5,1.37,15,42.8,486.2,50.6,30.6,68.0,66.3,82.8,76.8,Free_Flow
EVT_01184,2,41.3,19.4,0,20.6,811.3,3.76,14,41.5,252.3,44.4,24.4,63.6,21.2,87.2,80.4,Low_Activity
EVT_01185,12,45.5,12.3,1,23.2,863.7,0.0,18,2.8,64.5,46.5,18.9,64.2,12.6,93.4,100.0,Low_Activity
EVT_01186,11,46.8,37.4,2,5.45,1669.2,0.0,10,1.1,119.3,47.1,24.7,63.6,31.6,75.6,86.5,Free_Flow
EVT_01187,32,27.1,37.7,8,14.37,2103.5,0.0,0,5.5,22.6,59.8,32.5,57.6,75.1,87.3,93.7,Heavy_Traffic
EVT_01188,3,71.8,27.0,3,5.06,1214.0,2.49,19,42.1,150.7,58.1,23.8,67.8,25.7,93.7,86.8,Low_Activity
EVT_01189,14,41.2,30.3,3,20.64,545.3,18.66,7,72.7,52.3,60.4,24.4,99.6,33.2,67.5,64.1,Free_Flow
EVT_01190,4,37.5,30.0,2,14.05,2278.7,3.06,0,26.2,293.4,63.8,31.7,73.8,61.0,83.6,92.5,Low_Activity
EVT_01191,19,37.0,32.7,27,14.16,2534.2,0.0,3,13.2,316.4,67.1,33.4,64.4,66.9,77.8,87.4,Pedestrian_Event
EVT_01192,2,51.3,31.9,9,11.18,1602.3,4.38,17,53.7,153.8,57.1,24.3,74.0,74.3,86.1,93.1,Low_Activity
EVT_01193,27,25.6,38.1,8,8.47,2118.3,0.68,17,24.6,101.1,62.8,29.0,74.3,87.7,82.2,91.0,Heavy_Traffic
EVT_01194,45,11.9,59.7,10,17.62,1425.6,3.76,33,33.9,46.9,63.4,25.8,78.0,33.3,71.2,72.4,Heavy_Traffic
EVT_01195,5,23.3,17.9,1,20.67,1520.0,0.0,14,12.1,311.5,47.7,29.8,54.0,36.8,82.8,77.0,Low_Activity
EVT_01196,26,12.9,84.9,6,17.67,2049.9,1.07,31,29.8,154.6,68.7,35.4,55.4,27.8,95.7,76.7,Heavy_Traffic
EVT_01197,7,32.1,5.2,5,15.69,2019.4,0.64,12,39.9,282.5,49.1,32.1,91.9,59.3,95.6,85.9,Low_Activity
EVT_01198,0,31.1,48.0,5,19.89,882.4,1.91,74,50.0,2.8,43.4,27.6,72.8,41.7,83.6,73.1,Incident
EVT_01199,10,46.7,33.1,2,13.25,2204.3,0.49,28,36.1,315.4,45.1,34.4,59.9,81.2,76.5,100.0,Free_Flow
EVT_01200,54,14.2,27.6,2,20.95,1277.2,0.0,51,8.4,211.1,51.8,27.7,63.4,15.5,96.6,97.4,Heavy_Traffic
EVT_01201,2,9.0,59.5,1,22.3,978.8,0.34,18,23.2,59.6,46.7,23.7,56.1,12.5,91.9,81.3,Incident
EVT_01202,13,37.7,32.9,1,22.38,1340.0,0.0,12,0.0,37.1,49.6,21.2,80.9,12.3,70.2,89.3,Free_Flow
EVT_01203,0,11.4,29.4,6,8.97,2638.3,0.0,32,5.8,38.6,51.1,25.7,61.2,60.6,78.1,99.5,Pedestrian_Event
EVT_01204,16,40.0,45.7,1,9.02,2325.0,0.71,4,42.2,195.7,60.4,27.7,74.1,50.7,88.4,81.9,Free_Flow
EVT_01205,20,19.1,54.0,8,8.57,2580.8,0.0,93,3.0,134.5,62.8,28.4,72.1,50.5,96.8,91.2,Heavy_Traffic
EVT_01206,30,11.0,41.6,6,6.67,2663.1,0.22,49,38.8,389.3,49.4,23.1,76.1,35.7,93.9,98.3,Heavy_Traffic
EVT_01207,18,37.8,28.8,36,16.94,2844.5,0.0,34,3.5,68.7,46.1,34.6,68.4,35.5,94.8,78.7,Pedestrian_Event
EVT_01208,2,70.5,15.1,1,1.37,1066.9,0.0,0,8.5,189.8,54.0,24.5,64.0,23.1,89.0,100.0,Low_Activity
EVT_01209,3,41.2,23.1,1,6.03,1447.8,0.0,10,20.9,165.5,35.0,19.2,65.3,44.6,96.9,87.3,Low_Activity
EVT_01210,16,13.8,54.3,5,1.42,1257.4,0.0,7,1.7,11.8,47.8,17.3,73.9,13.7,82.6,90.2,Incident
EVT_01211,32,29.6,91.3,4,0.41,838.3,0.0,108,19.7,16.9,62.9,14.1,48.8,19.2,92.6,83.0,Incident
EVT_01212,6,26.0,45.1,5,20.12,981.1,0.0,40,16.7,5.6,54.4,30.2,68.8,9.6,82.1,93.2,Incident
EVT_01213,17,17.6,50.3,9,21.8,567.4,7.64,60,46.7,418.2,57.7,18.6,82.6,11.1,92.8,89.3,Pedestrian_Event
EVT_01214,13,19.6,46.4,20,14.32,1792.5,0.75,29,24.4,77.8,48.5,29.4,57.9,82.3,96.3,76.2,Pedestrian_Event
EVT_01215,17,49.0,31.6,2,5.34,867.5,0.0,15,4.5,418.6,51.3,24.0,63.7,19.1,86.7,70.7,Free_Flow
EVT_01216,26,18.2,40.5,11,8.85,1721.3,10.98,46,67.2,48.2,69.9,24.6,80.1,57.7,85.9,76.0,Heavy_Traffic
EVT_01217,12,35.7,30.9,3,12.86,2302.4,0.0,29,19.4,103.8,58.8,28.2,78.9,83.9,90.1,89.2,Free_Flow
EVT_01218,30,13.1,93.0,4,8.94,1906.6,4.0,69,62.3,53.0,59.4,29.0,85.0,61.7,76.2,94.0,Heavy_Traffic
EVT_01219,25,11.7,41.6,8,8.17,1721.6,1.62,45,22.8,3.0,58.9,26.4,56.8,60.1,86.5,95.4,Incident
EVT_01220,23,39.3,40.1,5,19.66,1192.5,0.0,0,2.9,437.5,57.6,27.5,51.7,12.1,86.0,94.3,Free_Flow
EVT_01221,38,14.4,58.3,9,18.37,1998.7,5.57,106,63.0,70.5,57.0,28.9,73.4,33.7,83.5,79.9,Heavy_Traffic
EVT_01222,30,7.4,72.7,10,19.39,934.2,0.0,86,2.2,207.1,58.3,22.5,62.1,27.0,92.0,80.6,Heavy_Traffic
EVT_01223,24,13.2,39.6,7,16.77,2243.9,0.0,66,0.6,6.5,56.8,29.9,57.3,67.9,93.5,75.2,Incident
EVT_01224,29,35.6,39.0,35,17.41,2271.1,0.0,49,22.9,220.6,55.1,35.6,59.4,59.8,96.2,90.8,Pedestrian_Event
EVT_01225,24,58.1,40.1,6,17.84,1521.9,10.28,9,38.2,36.7,59.5,33.1,68.4,19.5,71.3,75.8,Free_Flow
EVT_01226,9,27.5,20.7,3,13.05,2642.6,0.0,28,10.5,48.1,53.9,26.7,58.3,60.1,90.9,74.3,Free_Flow
EVT_01227,3,60.3,15.7,0,20.88,1028.6,0.0,8,7.4,87.1,42.4,28.3,59.9,20.9,75.8,80.7,Low_Activity
EVT_01228,26,18.8,67.5,10,10.57,2635.5,0.0,71,7.2,177.7,48.7,33.6,56.7,99.3,95.8,88.8,Heavy_Traffic
EVT_01229,27,43.4,22.6,3,9.15,1949.1,8.67,34,72.5,74.9,60.5,31.7,66.5,69.1,79.1,65.5,Free_Flow
EVT_01230,10,59.7,40.2,1,21.24,981.6,0.0,33,2.0,472.0,56.1,25.4,59.7,9.3,89.2,91.0,Free_Flow
EVT_01231,3,28.6,16.1,0,23.08,252.3,20.07,29,77.4,165.7,54.2,19.0,100.0,13.6,84.8,60.9,Low_Activity
EVT_01232,54,10.1,48.4,4,16.46,2487.6,0.0,14,7.2,244.9,70.1,32.2,53.2,50.8,94.3,100.0,Heavy_Traffic
EVT_01233,47,30.5,44.9,5,10.25,2042.5,0.0,62,13.5,410.1,61.9,25.1,59.8,64.7,92.4,80.5,Heavy_Traffic
EVT_01234,11,47.7,41.3,5,15.43,2013.4,0.0,21,0.2,229.4,56.1,32.8,50.2,65.7,100.0,100.0,Free_Flow
EVT_01235,15,50.8,18.5,2,13.99,2217.0,0.0,31,4.8,116.2,58.3,26.6,56.9,91.6,88.6,93.8,Free_Flow
EVT_01236,32,13.2,19.9,2,3.62,719.9,0.0,58,6.4,41.1,63.3,22.1,75.7,18.3,86.2,81.4,Incident
EVT_01237,26,28.2,39.5,3,21.69,1045.1,5.68,29,46.9,4.2,52.6,24.4,73.9,2.2,80.2,92.0,Incident
EVT_01238,30,16.5,74.7,6,19.45,779.1,0.0,117,9.4,44.9,56.2,31.2,71.1,21.0,77.8,77.7,Heavy_Traffic
EVT_01239,26,40.9,27.3,4,11.76,1739.4,3.18,17,26.5,36.2,56.6,30.1,73.0,83.8,94.0,91.2,Free_Flow
EVT_01240,15,20.3,44.5,26,9.25,1625.3,0.12,42,47.4,316.9,54.4,26.8,55.6,64.2,88.8,100.0,Pedestrian_Event
EVT_01241,35,18.1,61.6,7,6.92,2185.6,1.25,45,34.0,39.1,55.9,18.3,72.7,34.4,85.9,59.9,Heavy_Traffic
EVT_01242,23,34.2,27.7,12,7.01,2424.5,0.0,21,3.6,35.7,61.9,30.7,59.0,46.5,80.0,100.0,Free_Flow
EVT_01243,32,7.1,63.9,3,21.09,912.8,0.0,40,7.8,165.7,51.8,25.2,74.7,4.8,73.0,92.6,Heavy_Traffic
EVT_01244,9,52.7,45.7,5,15.98,2196.8,0.0,24,14.2,140.0,54.0,28.4,53.1,55.1,83.1,82.1,Free_Flow
EVT_01245,46,14.6,87.3,6,9.47,2141.1,1.16,97,40.7,36.4,65.4,21.6,100.0,52.0,82.0,79.0,Heavy_Traffic
EVT_01246,42,32.8,47.7,8,16.95,2257.7,0.0,24,4.2,121.6,64.5,30.1,77.2,38.9,90.5,79.5,Heavy_Traffic
EVT_01247,40,24.7,87.4,9,11.04,2032.5,0.0,38,2.3,275.4,57.5,22.3,71.9,71.9,84.1,85.1,Heavy_Traffic
EVT_01248,24,15.0,44.8,20,10.95,2683.8,0.0,2,1.3,88.2,54.5,28.7,58.3,88.9,79.0,78.6,Pedestrian_Event
EVT_01249,8,21.9,38.8,1,5.08,1387.4,0.0,37,8.0,62.1,43.6,23.0,71.6,12.9,88.0,74.7,Free_Flow
EVT_01250,9,33.3,27.5,26,19.11,1179.1,0.0,21,16.4,399.4,54.1,28.7,62.2,21.0,80.1,69.0,Pedestrian_Event
EVT_01251,32,43.4,25.4,9,15.91,2534.0,0.0,45,17.4,441.1,55.2,35.5,50.8,60.7,73.8,89.8,Pedestrian_Event
EVT_01252,10,47.3,7.3,2,7.34,1617.1,11.73,10,55.5,362.8,55.1,25.5,89.0,26.0,79.6,82.3,Low_Activity
EVT_01253,14,41.5,42.0,8,10.0,2086.3,0.0,36,24.9,197.2,53.8,25.1,86.2,63.9,78.6,89.6,Free_Flow
EVT_01254,17,26.7,25.2,14,9.32,1801.4,8.61,16,63.4,70.3,59.2,21.6,84.9,79.8,75.8,71.0,Pedestrian_Event
EVT_01255,52,15.8,41.1,8,17.73,2182.6,0.0,74,11.1,437.1,62.9,30.3,54.7,37.0,89.5,79.0,Heavy_Traffic
EVT_01256,48,32.7,59.9,5,18.81,2016.5,1.82,37,33.4,52.0,57.3,29.0,77.1,20.3,78.7,71.5,Heavy_Traffic
EVT_01257,5,37.1,12.4,0,23.77,583.2,0.0,7,2.7,65.4,49.2,21.6,59.8,9.7,83.8,89.9,Low_Activity
EVT_01258,28,45.7,30.4,4,21.69,1260.8,0.11,74,43.7,233.0,58.7,24.7,74.1,18.3,78.4,83.5,Free_Flow
EVT_01259,11,41.2,50.2,6,12.23,2046.5,0.0,20,3.5,49.1,52.4,31.4,71.4,70.6,88.1,76.5,Free_Flow
EVT_01260,19,39.3,28.6,12,7.25,1745.9,0.0,15,2.1,151.1,62.6,25.7,63.5,62.4,73.4,81.1,Free_Flow
EVT_01261,17,53.9,43.2,3,18.42,1803.2,0.0,6,19.7,250.2,57.9,32.2,62.4,43.8,88.5,82.7,Free_Flow
EVT_01262,30,28.1,31.6,18,15.6,2249.2,0.0,67,1.4,106.5,57.9,34.5,61.4,56.3,87.8,91.3,Heavy_Traffic
EVT_01263,6,43.2,28.1,4,13.66,2730.1,0.0,40,0.8,250.2,51.5,26.1,65.2,55.8,75.9,95.8,Free_Flow
EVT_01264,25,9.1,38.6,8,11.48,2041.7,0.0,27,5.8,7.9,61.3,30.6,63.4,87.6,85.3,77.4,Incident
EVT_01265,20,30.4,49.7,15,17.53,2104.5,0.0,59,4.2,154.8,63.9,28.3,48.3,50.0,89.2,100.0,Pedestrian_Event
EVT_01266,3,60.7,13.6,2,1.65,959.3,0.0,6,0.8,305.0,42.1,19.2,62.3,21.5,78.7,90.0,Low_Activity
EVT_01267,6,29.7,13.7,3,3.71,1052.7,0.0,17,2.6,58.8,47.9,19.4,65.0,6.9,96.4,100.0,Low_Activity
EVT_01268,16,26.5,35.8,48,11.66,2242.1,0.0,31,3.9,40.6,59.8,33.9,66.9,76.7,84.9,70.7,Pedestrian_Event
EVT_01269,8,34.3,16.6,0,1.11,1027.6,0.0,7,2.0,158.9,51.5,15.4,71.1,16.7,82.9,75.0,Low_Activity
EVT_01270,10,21.2,29.7,11,5.75,1446.8,0.35,33,38.9,240.5,55.4,22.2,57.1,1.0,72.1,79.0,Free_Flow
EVT_01271,36,15.6,20.0,22,12.87,1693.0,0.0,12,2.5,99.1,57.3,33.8,64.7,93.5,87.5,83.4,Pedestrian_Event
EVT_01272,23,38.9,34.6,3,20.9,806.0,2.12,10,57.9,430.9,64.7,22.1,74.1,20.0,79.6,81.4,Free_Flow
EVT_01273,9,59.0,13.7,6,13.81,2180.4,0.0,7,1.1,402.3,48.7,33.8,49.8,76.5,78.3,80.7,Free_Flow
EVT_01274,32,26.6,49.0,1,15.54,1734.4,0.62,35,33.3,168.8,55.9,35.5,50.9,63.5,98.3,75.2,Pedestrian_Event
EVT_01275,25,5.7,57.4,3,7.36,2283.9,2.68,63,23.7,161.6,51.0,24.0,53.2,32.4,73.6,86.9,Heavy_Traffic
EVT_01276,20,43.9,29.1,5,20.02,705.3,3.77,52,62.1,484.6,60.5,31.0,90.2,1.5,90.5,48.1,Free_Flow
EVT_01277,16,37.2,19.8,2,6.35,2386.7,0.0,23,1.7,198.4,59.2,19.4,77.2,16.9,86.2,98.9,Free_Flow
EVT_01278,11,42.7,53.5,6,13.06,2237.0,0.0,31,4.6,254.8,57.2,34.5,60.3,60.7,83.9,95.4,Free_Flow
EVT_01279,7,38.9,31.9,4,15.69,2128.9,1.95,11,41.6,42.8,51.4,37.9,57.2,69.3,88.9,65.3,Free_Flow
EVT_01280,14,11.2,60.3,21,10.63,2674.4,0.0,48,15.6,176.6,44.0,27.6,53.1,81.3,81.9,78.4,Pedestrian_Event
EVT_01281,19,58.7,39.3,3,17.7,1708.5,0.0,7,10.4,63.2,48.0,26.2,54.6,32.9,95.7,97.5,Free_Flow
EVT_01282,13,49.5,37.3,11,7.34,2480.7,0.0,25,11.0,167.1,55.6,26.7,63.8,67.5,86.1,100.0,Free_Flow
EVT_01283,26,10.5,42.2,9,10.6,1476.7,10.78,82,61.9,26.7,67.3,24.8,87.6,75.1,86.9,87.7,Incident
EVT_01284,28,34.9,61.0,30,12.8,2273.7,0.0,30,9.7,103.7,62.6,31.9,59.8,71.9,82.0,96.0,Pedestrian_Event
EVT_01285,5,13.7,39.7,1,1.63,717.3,0.0,45,1.7,57.1,50.8,16.8,63.9,31.4,80.2,89.6,Incident
EVT_01286,34,7.3,67.2,3,18.22,1782.7,0.0,79,9.2,287.4,54.9,29.9,46.3,37.0,94.1,86.8,Heavy_Traffic
EVT_01287,3,42.1,15.9,1,15.87,2466.4,0.0,27,3.5,236.9,54.9,38.2,49.4,62.8,78.6,90.5,Low_Activity
EVT_01288,12,51.4,37.1,6,12.56,1972.5,0.0,24,4.6,234.1,46.5,29.0,63.1,86.4,85.8,90.7,Free_Flow
EVT_01289,17,3.8,56.4,15,9.65,2057.6,0.0,59,3.7,97.6,58.2,28.7,68.2,64.5,76.4,92.8,Pedestrian_Event
EVT_01290,20,37.0,61.3,1,14.18,1764.5,5.15,37,52.7,440.4,51.6,26.3,68.5,75.3,73.8,75.0,Low_Activity
EVT_01291,6,30.6,7.9,1,21.67,874.0,0.0,12,22.5,45.0,51.4,22.4,56.3,33.5,99.1,84.6,Free_Flow
EVT_01292,39,18.4,75.2,8,14.31,1874.5,0.0,32,1.8,132.5,61.4,31.6,50.4,75.9,79.9,73.9,Heavy_Traffic
EVT_01293,39,5.9,64.5,14,10.68,2173.0,2.68,28,61.9,40.9,66.4,23.4,72.5,81.1,80.6,82.0,Heavy_Traffic
EVT_01294,4,48.9,31.0,1,11.49,1314.1,13.35,10,69.7,151.3,56.8,36.3,85.4,76.0,92.4,71.3,Low_Activity
EVT_01295,45,10.4,50.1,3,13.65,2124.9,0.0,80,0.9,423.9,65.4,30.2,46.6,82.7,100.0,70.1,Heavy_Traffic
EVT_01296,22,8.1,15.7,2,4.62,1161.6,0.0,5,9.0,60.8,51.6,19.2,68.1,35.5,79.7,89.2,Low_Activity
EVT_01297,10,42.8,31.1,0,17.9,953.0,17.66,8,86.4,225.7,67.8,26.3,96.4,49.2,89.8,49.3,Free_Flow
EVT_01298,44,16.1,37.3,8,18.54,1666.2,2.34,107,41.0,45.6,60.8,32.1,69.6,14.6,71.8,84.7,Heavy_Traffic
EVT_01299,0,19.9,52.5,2,4.41,605.5,0.0,64,0.9,83.8,45.8,21.0,68.9,21.5,88.3,78.3,Incident
EVT_01300,30,18.0,46.7,13,19.12,710.3,0.0,42,10.2,49.3,60.5,39.0,45.0,22.6,88.2,89.5,Free_Flow
EVT_01301,5,52.5,6.7,0,3.07,841.5,0.0,35,12.2,49.2,53.3,24.4,67.2,12.2,81.9,66.9,Free_Flow
EVT_01302,38,34.1,61.8,5,19.1,760.8,0.0,69,1.9,207.6,56.6,36.1,61.4,26.4,80.2,81.7,Heavy_Traffic
EVT_01303,39,13.8,28.2,8,14.53,1766.8,0.0,51,3.2,2.9,56.0,37.3,63.3,67.3,74.8,75.3,Incident
EVT_01304,8,30.4,11.6,1,14.22,2845.9,0.0,17,11.2,67.2,57.9,32.2,59.9,64.7,91.5,82.2,Low_Activity
EVT_01305,29,43.4,27.4,8,11.33,1968.1,0.0,30,0.1,57.0,64.1,30.2,57.1,67.1,88.6,100.0,Free_Flow
EVT_01306,4,35.2,0.0,0,11.71,2191.3,3.45,14,33.9,238.3,53.5,24.8,76.9,77.3,77.9,80.0,Free_Flow
EVT_01307,5,50.8,11.2,1,23.17,953.8,0.0,0,16.4,220.0,49.2,29.3,46.7,15.8,68.9,89.7,Low_Activity
EVT_01308,25,39.5,15.1,5,6.38,2207.3,6.58,8,22.1,55.2,62.1,23.1,73.1,25.5,79.9,87.4,Free_Flow
EVT_01309,23,20.5,64.9,19,17.86,2066.8,0.0,84,18.8,73.8,57.3,33.1,59.5,28.8,68.5,85.3,Heavy_Traffic
EVT_01310,10,48.0,21.0,19,17.71,2358.9,0.0,40,5.3,56.4,51.4,30.5,49.1,23.4,77.2,96.3,Free_Flow
EVT_01311,25,37.9,25.6,3,22.76,721.1,0.0,19,7.4,40.8,51.7,25.9,83.1,5.5,72.9,100.0,Free_Flow
EVT_01312,31,28.1,63.5,26,13.53,2380.8,0.0,31,0.3,105.3,55.1,33.1,47.5,81.0,79.8,80.0,Pedestrian_Event
EVT_01313,4,59.2,2.1,1,3.23,1441.4,0.0,0,7.9,49.8,53.3,21.2,64.9,14.2,79.7,94.3,Low_Activity
EVT_01314,35,17.4,34.9,2,3.34,867.5,0.0,94,12.9,11.0,56.3,15.6,59.2,22.0,86.4,85.7,Incident
EVT_01315,26,43.9,34.1,5,12.82,2132.8,0.0,27,5.6,116.3,62.5,34.4,67.8,71.1,85.8,86.0,Free_Flow
EVT_01316,6,34.2,13.2,1,23.35,902.4,1.78,6,72.3,70.1,50.8,20.3,70.4,0.0,86.5,57.0,Low_Activity
EVT_01317,28,10.7,45.8,2,23.09,842.0,0.0,57,22.7,89.0,55.5,30.2,68.3,28.4,91.4,75.8,Incident
EVT_01318,9,28.8,59.1,13,19.59,1211.9,0.0,8,5.7,68.7,54.2,31.3,48.8,28.0,71.0,71.1,Pedestrian_Event
EVT_01319,14,46.6,21.7,15,14.26,2048.1,2.42,15,27.9,160.7,61.3,35.2,78.3,81.1,91.9,89.5,Free_Flow
EVT_01320,4,50.3,14.0,0,22.89,697.6,0.0,18,3.5,108.4,54.7,21.4,59.0,11.8,77.5,94.4,Low_Activity
EVT_01321,30,17.2,69.3,7,8.22,2193.1,0.0,10,10.7,104.5,51.5,29.8,62.2,40.5,90.3,91.1,Heavy_Traffic
EVT_01322,12,34.9,7.2,3,6.48,757.9,21.42,35,81.9,44.3,68.0,19.7,100.0,33.8,86.7,70.0,Free_Flow
EVT_01323,14,28.0,2.9,2,0.16,1169.1,0.0,27,36.1,179.6,56.6,31.8,62.3,33.7,73.5,64.0,Low_Activity
EVT_01324,12,33.9,18.4,9,11.94,2279.1,0.0,22,6.3,39.7,52.7,32.7,65.6,93.8,83.0,97.7,Free_Flow
EVT_01325,31,25.2,85.4,6,8.33,1935.5,0.0,48,11.4,189.6,67.9,18.7,69.1,50.7,86.0,78.7,Heavy_Traffic
EVT_01326,12,9.0,44.0,5,4.95,759.8,0.0,50,6.3,94.1,47.5,20.4,62.6,17.4,94.9,70.4,Pedestrian_Event
EVT_01327,18,34.4,37.4,18,14.88,1891.3,0.0,50,8.0,362.2,52.7,28.1,69.4,82.3,78.1,86.9,Pedestrian_Event
EVT_01328,9,43.1,68.3,7,6.5,2259.5,0.0,39,8.5,123.0,50.5,24.0,50.7,25.6,88.3,85.0,Pedestrian_Event
EVT_01329,23,33.2,23.8,5,13.02,2554.7,0.0,28,10.1,201.8,61.7,33.0,53.7,75.4,93.5,97.8,Free_Flow
EVT_01330,20,33.8,33.2,4,7.94,2820.7,0.0,12,16.8,497.0,54.0,25.6,72.7,71.4,86.6,95.6,Free_Flow
EVT_01331,5,39.1,14.7,1,23.0,1239.5,0.0,19,2.2,143.0,45.0,22.8,69.3,16.3,87.1,80.3,Low_Activity
EVT_01332,18,37.6,26.7,14,20.08,1717.5,0.0,40,29.9,448.1,56.9,29.6,54.4,12.5,89.8,94.5,Pedestrian_Event
EVT_01333,19,37.0,16.5,7,10.37,1613.1,7.59,29,73.6,38.8,63.6,22.7,87.8,93.3,78.6,79.9,Free_Flow
EVT_01334,24,57.4,22.9,5,6.75,2433.9,0.0,23,5.7,166.8,57.3,25.8,74.3,53.0,84.6,81.8,Free_Flow
EVT_01335,21,27.7,63.0,9,10.32,1717.9,0.0,88,0.4,5.3,63.7,24.6,62.6,72.4,90.4,91.2,Incident
EVT_01336,8,36.4,12.5,0,2.68,1164.7,0.0,20,8.6,454.0,49.1,14.7,54.7,28.8,94.0,90.3,Low_Activity
EVT_01337,15,55.6,50.7,4,16.24,1779.6,4.96,9,48.6,153.5,63.8,24.3,73.3,74.0,77.9,80.7,Free_Flow
EVT_01338,23,33.0,60.4,42,16.81,1902.2,0.0,46,4.3,52.9,54.6,27.6,65.2,44.8,89.9,82.4,Pedestrian_Event
EVT_01339,0,34.8,46.5,5,5.51,1047.3,0.0,60,5.7,45.8,42.6,28.9,48.7,11.3,81.4,80.8,Pedestrian_Event
EVT_01340,12,64.6,38.6,1,20.62,636.4,10.91,21,65.6,306.2,59.0,23.6,95.6,23.0,79.9,48.5,Free_Flow
EVT_01341,43,13.7,67.3,7,18.4,1642.1,0.0,70,0.7,444.6,66.9,24.4,56.2,10.7,89.1,87.9,Heavy_Traffic
EVT_01342,18,34.0,17.6,6,15.01,2334.0,0.0,29,0.2,259.0,65.3,32.9,64.5,69.2,93.6,90.0,Free_Flow
EVT_01343,25,40.2,30.4,10,19.34,1056.3,0.15,25,37.0,47.3,57.3,27.5,61.7,21.1,86.1,91.1,Free_Flow
EVT_01344,28,12.3,14.8,4,3.75,927.3,4.75,24,52.2,87.8,47.3,16.4,75.3,22.9,86.4,64.2,Incident
EVT_01345,3,35.5,13.9,8,11.51,1796.7,0.0,0,4.4,62.7,48.8,30.6,53.6,93.1,80.5,86.9,Low_Activity
EVT_01346,37,17.1,81.8,4,11.49,1884.8,0.0,111,2.2,32.7,64.4,31.1,63.1,75.3,80.7,86.4,Incident
EVT_01347,2,41.6,24.6,0,22.96,1513.3,0.28,18,21.3,162.3,42.8,23.6,68.9,42.9,78.9,97.0,Low_Activity
EVT_01348,4,55.7,19.7,1,1.79,1189.9,0.0,33,9.9,287.0,52.6,25.3,56.9,22.5,86.2,70.1,Low_Activity
EVT_01349,12,38.3,30.8,6,5.06,1095.6,0.0,24,0.9,67.8,59.8,16.9,83.4,27.3,89.9,82.4,Free_Flow
EVT_01350,14,26.9,54.6,29,7.99,2243.2,3.89,37,38.5,45.7,58.2,23.4,63.4,47.1,83.2,82.6,Pedestrian_Event
EVT_01351,32,16.3,41.8,25,12.89,2078.9,0.0,22,14.7,125.3,62.2,40.4,59.5,88.5,79.4,100.0,Pedestrian_Event
EVT_01352,37,9.7,47.7,3,16.82,2242.0,0.57,15,43.0,2.3,59.6,33.2,63.9,55.2,72.3,76.1,Incident
EVT_01353,5,60.8,17.0,0,4.88,801.6,4.49,0,45.4,325.4,55.5,25.1,75.7,13.1,87.0,56.9,Low_Activity
EVT_01354,6,31.6,29.6,6,17.41,2492.4,0.0,67,4.1,233.8,47.8,28.6,59.1,33.5,81.2,95.6,Pedestrian_Event
EVT_01355,4,62.5,21.6,1,21.19,1225.7,0.0,23,4.2,461.8,49.8,24.8,61.0,41.6,82.4,90.2,Low_Activity
EVT_01356,2,37.4,12.4,1,14.34,2227.6,0.0,0,13.2,193.5,47.0,31.1,60.0,64.1,78.1,94.8,Low_Activity
EVT_01357,29,15.5,41.3,4,19.35,828.2,0.0,16,8.7,6.3,50.4,29.3,56.1,40.4,86.6,80.3,Incident
EVT_01358,35,20.2,63.6,4,5.63,883.7,0.0,23,6.1,66.2,56.7,23.3,65.6,41.6,92.1,92.0,Incident
EVT_01359,12,63.1,0.0,1,5.41,900.7,0.0,10,8.1,189.9,45.2,29.0,56.7,13.0,87.8,92.6,Low_Activity
EVT_01360,51,6.8,88.1,8,14.85,1531.2,5.84,59,30.4,155.3,79.7,27.3,86.8,58.5,88.0,86.6,Heavy_Traffic
EVT_01361,33,16.1,63.1,21,9.62,1926.5,0.0,94,5.6,157.1,63.7,23.2,65.9,62.3,77.7,92.7,Heavy_Traffic
EVT_01362,27,26.5,69.3,5,15.86,1057.8,12.3,59,63.9,12.5,64.9,34.7,93.1,60.6,90.1,69.1,Incident
EVT_01363,14,46.7,34.3,9,12.22,2161.3,0.0,22,13.2,54.6,51.6,32.8,70.9,83.1,82.9,88.5,Free_Flow
EVT_01364,2,45.2,30.1,18,15.7,2404.8,0.0,19,0.4,74.4,56.2,29.9,60.7,44.6,79.5,93.9,Free_Flow
EVT_01365,4,47.3,22.9,1,22.64,712.0,2.58,4,23.8,202.5,47.5,24.1,71.0,33.9,89.6,68.2,Low_Activity
EVT_01366,18,26.4,8.3,5,11.01,2721.2,0.0,44,5.0,175.3,50.4,30.7,62.5,76.3,73.8,100.0,Free_Flow
EVT_01367,37,19.4,59.6,7,13.95,728.7,18.85,54,67.0,44.9,66.1,26.3,95.2,69.4,80.1,74.0,Heavy_Traffic
EVT_01368,10,31.6,31.3,8,13.16,2706.0,0.49,12,23.3,63.8,52.1,28.3,64.3,76.0,80.6,85.3,Free_Flow
EVT_01369,8,27.8,2.4,3,15.93,2334.0,0.0,28,0.4,357.7,58.5,25.2,75.9,61.6,86.6,100.0,Low_Activity
EVT_01370,25,18.5,51.8,13,19.32,1146.2,0.0,26,14.5,10.9,53.9,31.5,48.8,31.4,84.1,91.5,Incident
EVT_01371,9,34.8,37.9,5,12.44,2489.3,0.0,72,9.8,176.3,51.5,31.1,41.9,86.8,81.0,88.1,Free_Flow
EVT_01372,53,16.1,46.6,8,19.88,971.1,0.35,82,29.9,182.0,62.3,21.3,60.1,18.0,80.7,91.4,Heavy_Traffic
EVT_01373,12,25.8,68.7,10,16.79,1845.0,1.48,29,29.8,71.1,53.5,23.9,66.2,61.7,89.4,88.3,Incident
EVT_01374,32,54.4,25.9,4,18.61,1915.8,4.16,2,67.3,193.6,55.9,30.4,66.7,38.4,81.9,71.5,Free_Flow
EVT_01375,45,3.7,59.3,5,9.72,1780.5,8.11,66,60.0,83.8,71.7,21.6,77.6,82.1,80.7,75.9,Heavy_Traffic
EVT_01376,32,29.7,45.6,13,13.1,2510.9,0.0,0,36.8,145.9,49.7,31.5,73.8,74.0,81.8,76.6,Pedestrian_Event
EVT_01377,24,11.6,42.4,3,6.08,690.6,0.42,20,68.3,5.5,53.2,19.3,75.2,29.2,95.6,82.8,Incident
EVT_01378,14,17.1,33.3,23,13.94,2584.5,0.0,46,2.1,52.0,49.2,31.4,52.5,93.4,76.1,83.9,Pedestrian_Event
EVT_01379,37,5.1,86.9,14,9.57,2041.0,0.0,102,3.4,37.6,66.0,25.8,59.1,70.1,95.7,93.0,Heavy_Traffic
EVT_01380,43,1.2,76.2,17,18.74,2192.2,0.0,73,17.2,57.2,62.3,33.4,56.3,33.1,68.3,100.0,Heavy_Traffic
EVT_01381,3,45.6,12.9,0,13.33,2299.6,0.0,6,0.5,72.1,45.7,23.7,75.2,70.1,84.2,100.0,Low_Activity
EVT_01382,29,9.5,59.7,6,8.34,2648.9,0.0,116,9.2,110.7,62.7,23.0,53.3,39.7,88.3,100.0,Heavy_Traffic
EVT_01383,22,49.2,31.3,22,12.59,2273.2,1.26,0,22.4,488.5,62.0,22.2,76.2,78.5,93.4,88.0,Free_Flow
EVT_01384,42,10.4,61.5,4,21.55,602.4,2.28,54,58.0,100.6,57.9,22.0,76.2,36.1,82.7,62.2,Heavy_Traffic
EVT_01385,3,17.0,13.8,2,14.09,2078.8,7.4,12,37.1,101.3,51.1,33.0,75.8,86.2,78.4,86.1,Low_Activity
EVT_01386,29,18.6,59.5,10,11.48,2278.1,0.0,48,11.9,50.6,60.0,25.9,62.6,77.6,77.4,80.2,Heavy_Traffic
EVT_01387,16,56.1,9.8,7,11.51,2789.1,0.0,18,4.0,71.2,56.9,35.0,60.3,70.7,82.7,80.5,Free_Flow
EVT_01388,0,24.2,52.2,19,18.99,1888.7,0.0,17,8.9,62.0,46.0,31.4,58.6,27.1,85.4,92.8,Pedestrian_Event
EVT_01389,46,11.0,73.0,8,8.44,2225.1,0.0,106,4.6,59.8,64.4,24.7,57.2,70.5,90.6,87.5,Free_Flow
EVT_01390,32,25.4,49.5,32,19.26,921.5,0.0,31,6.4,159.4,67.8,27.5,71.9,16.6,88.4,79.6,Pedestrian_Event
EVT_01391,18,7.1,49.7,27,7.67,2361.5,0.0,87,2.1,69.9,47.8,24.7,66.8,61.2,93.2,94.7,Pedestrian_Event
EVT_01392,18,71.2,29.5,3,16.73,2179.3,0.0,8,7.8,195.8,54.7,30.2,61.8,45.7,96.9,100.0,Heavy_Traffic
EVT_01393,21,13.8,53.7,3,6.05,700.4,0.1,64,30.4,5.0,50.0,22.8,54.7,27.0,80.0,59.4,Incident
EVT_01394,39,6.5,69.4,5,17.69,2212.5,0.0,21,8.8,41.3,60.4,28.2,60.8,47.1,83.6,100.0,Heavy_Traffic
EVT_01395,28,35.2,49.0,20,16.26,1481.2,5.51,53,55.4,298.6,61.1,30.3,89.4,60.3,78.4,86.5,Heavy_Traffic
EVT_01396,3,45.0,0.0,1,0.78,689.9,8.18,30,52.3,389.3,54.2,15.5,64.9,6.0,77.5,64.2,Low_Activity
EVT_01397,4,56.8,5.6,0,1.1,1279.5,0.0,14,8.5,237.2,42.6,24.0,59.7,7.5,93.1,75.0,Free_Flow
EVT_01398,43,10.8,78.2,6,7.89,2169.7,0.0,83,0.5,57.7,59.3,22.1,77.1,39.9,89.2,86.0,Heavy_Traffic
EVT_01399,4,46.9,13.8,6,22.89,1328.3,0.0,20,3.1,74.8,42.3,27.9,74.2,12.0,83.0,100.0,Free_Flow
EVT_01400,5,47.2,13.4,1,23.69,1076.9,0.0,25,1.8,278.4,50.6,19.5,64.2,23.9,81.7,76.8,Low_Activity
EVT_01401,1,53.9,11.4,2,23.85,1220.0,0.25,14,20.7,314.7,46.7,24.1,60.5,35.9,85.8,97.6,Low_Activity
EVT_01402,27,21.7,62.6,6,9.68,2284.1,0.0,41,5.1,66.1,52.4,24.9,61.4,74.9,90.1,87.3,Heavy_Traffic
EVT_01403,9,15.4,51.7,10,21.49,1215.2,0.0,29,2.0,436.3,47.5,23.4,62.7,20.2,93.3,98.3,Pedestrian_Event
EVT_01404,12,60.9,13.8,18,7.21,2672.3,0.0,12,9.0,35.5,53.9,31.4,54.8,52.2,99.5,81.8,Free_Flow
EVT_01405,15,44.1,16.0,5,14.18,2164.1,0.0,26,3.2,73.0,48.6,34.2,51.2,70.1,93.9,96.6,Low_Activity
EVT_01406,8,25.7,21.6,12,9.08,1913.9,6.49,46,43.2,43.6,55.8,21.2,62.0,65.8,71.8,88.2,Pedestrian_Event
EVT_01407,18,53.5,43.7,14,12.74,2159.2,0.0,38,12.0,135.5,61.1,25.0,59.0,82.5,73.0,75.5,Free_Flow
EVT_01408,8,67.7,13.2,1,0.1,884.8,0.0,0,5.1,97.0,60.6,21.8,59.5,23.7,89.4,78.7,Free_Flow
EVT_01409,60,27.0,76.6,7,18.4,1640.3,0.0,17,12.1,423.6,65.3,31.8,51.3,23.2,92.6,100.0,Heavy_Traffic
EVT_01410,10,39.9,32.4,6,19.98,1251.5,0.0,14,7.5,128.6,57.6,26.9,61.8,18.7,74.4,73.5,Free_Flow
EVT_01411,3,54.3,43.5,20,14.72,1894.4,0.0,14,57.5,79.0,59.2,27.9,69.9,63.3,84.9,81.3,Free_Flow
EVT_01412,22,0.0,38.0,20,16.77,871.2,18.54,19,73.5,54.9,68.3,31.6,83.8,56.5,72.3,60.7,Pedestrian_Event
EVT_01413,40,16.5,94.9,3,8.77,1895.3,0.0,6,7.7,35.5,55.9,27.2,67.8,57.6,82.1,92.7,Heavy_Traffic
EVT_01414,14,34.3,17.3,1,4.91,978.2,4.57,0,61.6,168.9,60.6,24.7,68.9,34.8,80.0,64.9,Low_Activity
EVT_01415,6,22.0,6.4,0,2.26,795.4,0.0,3,0.7,280.7,46.5,19.1,57.6,31.2,76.0,87.5,Low_Activity
EVT_01416,28,33.2,42.1,30,16.49,2375.8,0.0,5,1.9,40.1,60.3,34.6,48.3,42.3,78.4,96.7,Pedestrian_Event
EVT_01417,56,7.1,43.6,5,18.67,2093.1,3.42,92,53.7,124.5,63.5,30.2,72.0,30.4,95.6,89.6,Heavy_Traffic
EVT_01418,23,19.2,58.2,6,16.87,786.8,14.53,0,66.9,96.1,53.9,25.3,80.2,48.8,86.3,76.8,Heavy_Traffic
EVT_01419,34,33.7,19.5,8,14.09,2247.5,6.12,76,66.8,61.0,68.4,33.6,67.4,80.1,94.2,62.7,Incident
EVT_01420,7,17.4,48.6,9,20.24,694.7,0.0,71,1.0,126.9,47.3,30.6,54.4,21.9,83.3,89.8,Incident
EVT_01421,8,12.2,48.5,6,17.93,2310.0,0.0,21,9.7,193.0,50.8,30.3,72.3,43.3,89.0,98.2,Incident
EVT_01422,3,61.2,12.4,2,22.76,704.9,10.22,23,72.3,199.0,54.4,18.4,97.4,22.3,81.8,56.0,Low_Activity
EVT_01423,17,10.0,26.4,30,7.59,1433.9,0.1,8,32.0,72.6,49.4,21.6,60.5,52.5,89.2,70.4,Pedestrian_Event
EVT_01424,22,18.3,72.5,6,6.96,1496.5,8.74,41,47.9,126.7,62.0,21.0,78.8,47.6,100.0,88.9,Heavy_Traffic
EVT_01425,27,13.6,60.2,8,17.31,2320.8,0.0,44,2.5,36.1,53.9,28.1,60.5,29.5,89.6,100.0,Heavy_Traffic
EVT_01426,37,37.3,66.5,12,11.11,2342.4,3.08,65,32.5,40.4,70.7,22.3,67.6,81.6,86.0,84.0,Incident
EVT_01427,28,1.0,22.0,9,16.82,2293.2,0.19,48,31.4,41.0,54.4,29.7,55.3,55.7,84.1,100.0,Incident
EVT_01428,1,40.6,58.6,21,7.7,2572.6,0.0,50,4.8,47.3,41.4,26.1,64.5,53.3,89.6,85.5,Pedestrian_Event
EVT_01429,3,22.7,32.4,24,17.22,2535.5,1.34,48,36.9,359.8,45.7,30.3,68.1,43.0,94.3,90.7,Pedestrian_Event
EVT_01430,44,6.5,42.0,6,8.14,2406.8,3.1,43,44.6,107.9,56.0,18.5,73.1,57.3,80.6,77.5,Heavy_Traffic
EVT_01431,17,26.4,39.2,9,8.8,2211.1,0.0,76,2.7,114.2,51.7,19.7,46.1,85.1,84.7,98.8,Pedestrian_Event
EVT_01432,2,34.8,12.3,1,5.34,344.5,20.45,10,68.8,48.5,49.9,17.7,100.0,36.1,95.5,43.1,Low_Activity
EVT_01433,21,25.0,13.0,14,9.57,2162.6,0.0,87,7.0,134.3,55.7,26.8,59.1,70.7,82.9,69.2,Pedestrian_Event
EVT_01434,52,49.8,31.9,2,11.6,1966.9,5.84,29,38.6,44.1,69.9,34.0,80.2,89.8,83.9,60.7,Free_Flow
EVT_01435,15,43.8,27.3,9,11.73,1658.9,0.0,28,8.8,94.6,54.3,28.8,76.7,73.7,84.8,93.7,Free_Flow
EVT_01436,11,54.5,11.1,12,5.12,873.7,0.0,14,18.7,147.1,45.8,19.1,68.4,9.7,88.0,79.6,Free_Flow
EVT_01437,29,39.8,22.9,7,20.98,1022.8,4.08,35,41.4,188.3,54.4,21.8,83.7,24.6,94.9,62.4,Free_Flow
EVT_01438,5,14.3,12.9,1,4.09,893.3,9.58,13,36.2,93.7,49.4,24.4,77.6,13.2,72.7,77.7,Free_Flow
EVT_01439,48,0.0,25.8,5,5.28,680.2,4.28,20,52.3,10.9,63.5,17.2,83.2,20.2,80.1,61.2,Incident
EVT_01440,20,34.3,29.5,23,6.6,2533.0,0.0,41,3.4,88.6,46.5,29.1,73.6,23.0,90.3,77.3,Pedestrian_Event
EVT_01441,26,43.8,35.9,9,14.69,2335.5,5.29,2,66.7,36.6,60.4,29.7,86.0,58.5,83.4,92.7,Free_Flow
EVT_01442,26,7.5,58.2,4,6.48,2087.4,0.0,58,3.5,4.6,52.2,21.5,62.9,42.1,94.1,89.9,Incident
EVT_01443,34,0.0,82.1,2,21.87,1203.2,0.0,80,18.5,440.0,61.4,23.9,71.3,13.1,92.8,85.9,Heavy_Traffic
EVT_01444,20,24.2,11.3,28,20.31,1200.2,0.0,23,7.1,74.4,47.2,26.0,78.2,18.1,85.6,99.7,Heavy_Traffic
EVT_01445,37,18.7,63.7,8,14.77,1983.5,2.97,77,51.7,12.5,62.7,34.6,65.3,54.4,77.2,79.2,Incident
EVT_01446,5,34.6,6.4,2,7.21,2782.7,2.27,11,20.4,66.8,56.1,30.0,72.0,41.3,78.0,89.9,Low_Activity
EVT_01447,21,38.4,57.2,16,13.3,2373.6,0.0,51,14.7,68.4,46.2,30.3,53.1,81.6,91.1,87.6,Pedestrian_Event
EVT_01448,17,32.6,37.6,2,8.53,2204.8,0.0,68,19.2,158.0,51.3,25.5,74.3,71.5,96.2,92.5,Pedestrian_Event
EVT_01449,42,14.4,57.2,4,18.44,2303.6,0.0,57,3.0,234.4,55.4,34.6,52.5,36.9,77.9,91.4,Heavy_Traffic
EVT_01450,9,4.1,78.1,5,4.01,828.8,0.0,53,4.3,10.2,38.2,20.5,47.0,17.7,92.3,89.1,Incident
EVT_01451,5,60.1,21.8,7,19.88,830.3,0.0,0,2.3,112.4,44.3,23.1,62.9,10.2,94.4,87.3,Pedestrian_Event
EVT_01452,7,19.9,15.5,1,4.59,945.8,0.0,2,52.1,123.9,47.1,26.2,61.2,5.4,82.9,83.5,Low_Activity
EVT_01453,23,37.3,26.1,3,5.17,747.8,2.51,2,31.6,57.9,64.7,18.7,80.7,15.2,98.9,77.3,Free_Flow
EVT_01454,21,22.3,34.2,2,13.09,1673.8,11.05,18,64.3,126.6,55.2,33.0,81.5,83.1,93.9,65.7,Free_Flow
EVT_01455,27,27.4,36.1,30,13.24,2093.9,0.0,29,2.0,127.6,58.5,31.2,54.7,70.5,74.3,88.2,Pedestrian_Event
EVT_01456,34,31.7,75.3,5,8.83,1996.5,0.0,65,22.3,47.0,57.9,27.9,77.1,67.5,85.2,88.3,Heavy_Traffic
EVT_01457,30,8.6,59.1,7,11.92,1715.8,0.0,87,7.1,7.3,57.1,32.9,61.0,81.9,81.5,87.4,Heavy_Traffic
EVT_01458,39,14.9,41.2,8,8.46,2087.6,0.0,14,4.2,7.8,64.0,23.1,64.0,66.4,87.6,100.0,Incident
EVT_01459,27,34.9,30.5,3,6.13,746.6,3.56,28,37.6,49.0,54.2,27.0,62.3,17.9,77.5,84.7,Free_Flow
EVT_01460,36,15.7,46.4,7,13.95,1723.8,0.0,0,5.1,13.4,59.8,28.7,50.5,82.5,95.8,84.3,Incident
EVT_01461,29,28.3,51.2,6,10.84,2723.5,0.0,120,2.1,165.6,56.2,27.7,76.6,74.8,82.5,100.0,Heavy_Traffic
EVT_01462,2,70.1,17.3,7,3.76,655.7,13.62,9,56.8,295.2,65.4,19.6,87.6,17.1,83.4,58.4,Low_Activity
EVT_01463,17,51.6,44.1,1,21.82,713.1,13.36,27,59.6,173.7,60.2,24.2,79.8,49.8,89.4,64.9,Free_Flow
EVT_01464,20,1.6,51.7,7,17.34,2598.3,0.0,30,7.2,2.8,52.4,32.8,61.2,63.2,74.3,89.8,Incident
EVT_01465,32,18.7,61.8,1,4.78,890.3,0.0,38,12.4,25.5,54.8,14.2,75.7,33.9,89.0,67.8,Incident
EVT_01466,27,21.9,63.2,7,9.53,2250.4,0.0,68,9.4,254.2,61.2,29.9,61.5,58.2,75.5,87.6,Heavy_Traffic
EVT_01467,23,40.6,20.6,3,10.31,2766.6,0.0,21,14.3,475.4,52.7,28.0,75.7,72.4,85.0,76.9,Free_Flow
EVT_01468,41,16.9,52.7,16,15.34,1750.9,0.0,17,3.2,375.3,58.0,32.9,62.1,74.2,79.0,96.4,Heavy_Traffic
EVT_01469,2,36.8,9.3,1,22.74,1019.3,0.0,13,43.5,89.7,46.1,20.6,70.3,16.0,79.0,60.5,Low_Activity
EVT_01470,42,14.3,61.1,4,7.17,2053.0,0.0,24,32.8,158.7,65.8,22.5,50.3,35.5,82.7,83.8,Heavy_Traffic
EVT_01471,21,44.4,35.7,7,6.57,2145.4,0.0,38,9.7,60.3,52.5,24.8,59.9,38.3,87.1,87.1,Free_Flow
EVT_01472,0,34.8,50.6,11,17.33,1530.3,6.13,55,32.8,171.7,44.5,27.3,59.5,53.9,85.3,77.5,Pedestrian_Event
EVT_01473,36,22.3,74.5,19,8.86,2032.6,0.0,112,4.7,256.5,59.0,31.0,59.8,57.7,83.9,92.6,Heavy_Traffic
EVT_01474,8,45.8,4.6,1,23.38,1115.8,0.88,24,26.6,439.0,41.7,21.9,67.3,32.6,100.0,86.8,Low_Activity
EVT_01475,4,15.8,21.0,20,11.9,1983.1,3.98,25,39.1,62.5,51.1,34.5,62.7,100.0,86.0,77.1,Pedestrian_Event
EVT_01476,6,41.2,42.1,6,12.55,2409.6,0.0,1,7.6,235.4,49.5,35.3,48.6,55.6,86.0,78.8,Free_Flow
EVT_01477,8,52.0,18.4,4,14.42,2595.8,0.0,33,13.5,91.8,53.3,32.5,57.7,82.1,88.5,84.3,Free_Flow
EVT_01478,11,37.6,13.0,1,22.24,708.0,0.0,18,2.3,483.4,61.0,20.4,72.2,26.5,100.0,100.0,Free_Flow
EVT_01479,37,11.2,34.8,7,9.94,2481.5,0.0,4,12.3,44.2,58.3,23.8,68.0,46.2,83.5,88.1,Incident
EVT_01480,0,5.8,29.5,3,5.03,642.7,4.55,68,35.6,24.6,43.0,25.1,75.2,30.5,79.1,82.1,Incident
EVT_01481,28,40.3,50.3,26,16.86,2193.0,0.47,32,34.4,51.8,61.5,29.5,68.3,40.6,100.0,87.9,Free_Flow
EVT_01482,18,11.4,53.8,21,16.76,1353.8,10.68,78,61.4,6.9,59.4,25.5,84.4,47.9,86.8,68.0,Free_Flow
EVT_01483,23,31.6,39.9,13,17.64,2190.3,0.0,44,37.4,164.9,49.6,25.7,61.3,37.2,69.5,91.5,Pedestrian_Event
EVT_01484,10,30.4,31.8,19,6.89,2442.5,0.47,49,38.3,265.3,56.0,23.5,64.8,49.0,93.9,86.3,Pedestrian_Event
EVT_01485,18,68.7,4.7,2,4.55,1595.0,0.82,12,24.9,48.8,48.2,22.6,62.6,23.4,77.4,73.5,Low_Activity
EVT_01486,0,47.8,17.5,2,22.05,796.0,0.0,17,8.5,310.2,43.6,26.7,60.1,6.1,92.2,83.7,Free_Flow
EVT_01487,39,24.6,43.8,24,9.47,1520.5,1.05,14,31.3,93.0,71.0,21.0,82.3,74.7,86.9,81.1,Pedestrian_Event
EVT_01488,22,63.2,56.4,6,20.33,755.9,4.53,39,36.2,485.7,59.4,30.2,68.1,13.1,73.3,80.8,Free_Flow
EVT_01489,45,29.5,49.0,13,9.26,2342.8,0.0,90,29.2,49.9,52.7,29.4,70.3,68.1,80.1,76.3,Heavy_Traffic
EVT_01490,26,27.7,70.3,8,8.59,1399.5,4.18,10,35.5,81.5,63.6,24.0,79.1,73.7,89.9,62.0,Heavy_Traffic
EVT_01491,23,47.9,38.8,15,19.07,740.0,10.77,31,51.0,97.2,71.2,25.9,79.3,24.2,88.8,56.4,Low_Activity
EVT_01492,2,49.1,0.2,1,23.63,1159.0,0.0,27,1.0,192.9,42.1,24.7,71.1,25.7,97.6,68.5,Low_Activity
EVT_01493,30,23.9,28.3,23,15.16,2758.8,0.0,48,1.0,286.7,54.7,33.6,54.7,81.7,98.8,84.1,Free_Flow
EVT_01494,17,35.6,38.0,17,16.77,2379.7,1.41,50,26.2,288.8,64.5,31.3,59.3,46.4,86.1,96.0,Pedestrian_Event
EVT_01495,36,39.9,50.8,28,15.16,2190.0,0.0,30,1.4,67.9,60.4,33.4,63.5,53.2,85.6,93.7,Pedestrian_Event
EVT_01496,23,53.3,38.6,5,6.5,2049.8,0.0,24,3.6,35.3,53.4,31.4,52.8,35.6,93.5,91.8,Free_Flow
EVT_01497,56,17.3,71.0,5,18.67,1432.9,10.35,58,43.9,149.4,59.7,27.8,72.9,16.8,73.8,72.2,Heavy_Traffic
EVT_01498,13,35.5,31.5,3,16.06,1745.7,0.0,38,20.2,341.3,50.4,35.7,62.3,50.1,81.3,87.1,Free_Flow
EVT_01499,3,60.0,14.9,1,0.29,900.4,6.06,30,45.7,61.1,52.2,21.5,60.0,18.4,92.7,60.4,Low_Activity
EVT_01500,14,58.7,18.5,13,20.34,764.8,0.12,17,34.3,68.0,56.7,23.1,74.0,12.9,91.9,78.5,Free_Flow
EVT_01501,3,26.0,10.8,1,1.46,1009.7,0.4,13,29.5,189.1,55.9,18.1,72.6,15.1,86.7,89.1,Low_Activity
EVT_01502,7,51.6,16.2,5,18.75,2330.2,4.54,19,52.1,52.4,58.9,32.8,80.3,10.2,91.4,73.6,Low_Activity
EVT_01503,16,0.0,26.7,2,23.35,998.8,0.0,33,23.6,96.0,54.5,26.2,72.0,20.5,81.5,74.0,Incident
EVT_01504,32,11.2,72.5,14,6.28,2369.6,0.0,38,18.7,261.0,53.3,27.6,49.3,21.7,81.9,98.0,Heavy_Traffic
EVT_01505,24,20.4,49.5,9,16.09,1525.1,8.3,60,39.8,250.5,57.6,35.0,69.7,53.0,72.3,72.8,Heavy_Traffic
EVT_01506,11,36.3,28.0,4,14.3,2766.1,0.0,24,3.8,420.8,62.8,32.0,42.9,79.9,88.0,98.6,Free_Flow
EVT_01507,27,12.7,60.5,14,18.08,2146.7,0.0,60,0.9,78.4,56.3,32.4,41.5,26.9,91.6,100.0,Pedestrian_Event
EVT_01508,22,35.8,40.0,1,5.84,967.5,2.67,33,41.5,465.7,55.5,21.5,65.1,7.0,79.4,58.9,Pedestrian_Event
EVT_01509,15,39.2,33.3,5,11.41,1915.9,8.04,27,66.1,66.2,53.2,26.1,85.8,90.0,93.5,74.1,Free_Flow
EVT_01510,24,25.6,74.2,10,6.55,2035.0,0.0,82,4.7,8.7,56.0,24.5,71.1,36.2,79.4,87.4,Incident
EVT_01511,30,13.5,77.5,8,14.74,1863.3,0.0,51,3.3,153.8,64.0,26.9,66.8,93.5,99.7,58.7,Heavy_Traffic
EVT_01512,27,19.6,39.2,29,14.76,2251.4,0.0,28,1.8,238.0,53.1,28.5,56.0,52.7,87.8,100.0,Pedestrian_Event
EVT_01513,25,41.2,55.9,3,21.38,659.4,1.08,12,26.7,275.5,61.9,24.7,72.6,19.6,87.4,92.4,Free_Flow
EVT_01514,17,37.9,52.3,9,18.13,1743.5,0.0,22,6.0,74.1,55.6,29.4,63.7,43.7,89.5,92.8,Heavy_Traffic
EVT_01515,23,30.1,50.5,19,15.38,2175.6,0.0,22,16.9,42.5,65.9,28.3,61.7,62.0,100.0,80.2,Pedestrian_Event
EVT_01516,28,19.2,15.3,3,23.0,674.5,0.0,22,2.8,71.0,64.1,21.6,66.8,26.4,81.8,93.8,Free_Flow
EVT_01517,15,40.1,48.5,22,13.74,1638.2,0.0,21,7.1,115.5,52.4,31.5,63.1,80.2,97.2,96.3,Pedestrian_Event
EVT_01518,19,8.2,47.1,8,15.89,2091.5,0.0,73,0.8,8.6,63.4,30.5,60.7,66.0,80.3,83.8,Free_Flow
EVT_01519,30,14.1,65.1,6,9.15,2217.7,3.78,17,43.4,409.4,67.8,23.5,73.2,63.8,84.3,71.9,Heavy_Traffic
EVT_01520,39,21.0,80.0,10,18.38,1906.6,0.0,49,7.0,224.0,54.9,36.9,47.3,51.7,85.0,69.7,Heavy_Traffic
EVT_01521,24,33.1,33.7,28,13.9,2612.7,0.0,32,20.4,212.3,55.8,30.3,69.5,61.5,94.2,82.8,Pedestrian_Event
EVT_01522,11,18.0,50.4,4,9.95,1894.3,0.86,23,22.4,27.2,53.3,31.0,75.2,60.7,78.1,90.3,Incident
EVT_01523,12,38.6,52.3,4,22.62,775.5,1.81,24,47.6,273.2,59.3,18.5,67.2,13.2,87.4,75.1,Free_Flow
EVT_01524,24,25.4,34.1,29,12.79,2125.5,4.44,33,58.2,38.2,60.4,28.8,82.6,86.7,80.2,67.8,Heavy_Traffic
EVT_01525,31,29.8,23.1,3,21.74,1068.5,0.0,24,5.3,231.1,56.2,28.0,53.9,35.8,92.2,75.7,Free_Flow
EVT_01526,33,15.9,66.6,4,6.45,2368.9,0.0,58,0.2,442.7,58.7,19.4,69.8,21.7,90.5,82.1,Heavy_Traffic
EVT_01527,25,29.6,52.8,26,9.85,2134.4,0.0,83,3.0,42.2,56.2,25.3,58.1,86.8,99.2,100.0,Pedestrian_Event
EVT_01528,18,7.6,67.0,11,18.08,2136.4,0.4,80,50.3,59.8,48.1,31.2,81.7,34.7,85.7,79.5,Heavy_Traffic
EVT_01529,3,39.8,16.7,1,23.32,792.9,0.0,3,2.7,200.7,53.8,26.1,58.3,11.3,98.2,75.3,Low_Activity
EVT_01530,5,46.8,11.1,1,2.04,722.0,4.44,27,63.0,45.8,54.0,24.1,82.6,21.0,93.0,74.2,Low_Activity
EVT_01531,44,11.5,62.5,6,19.21,808.4,1.61,65,55.2,43.3,73.6,24.2,70.9,10.2,88.7,61.4,Heavy_Traffic
EVT_01532,3,48.3,15.6,1,0.43,958.1,0.0,0,13.8,454.3,46.0,24.1,67.7,5.9,91.0,100.0,Low_Activity
EVT_01533,14,23.5,41.0,30,16.88,2061.0,6.99,54,62.5,120.6,60.8,25.0,81.1,51.8,85.6,73.3,Pedestrian_Event
EVT_01534,22,9.4,47.7,31,14.9,1926.0,3.18,0,30.5,76.4,61.4,32.2,58.8,78.7,81.5,82.0,Pedestrian_Event
EVT_01535,5,31.9,16.6,1,23.22,1363.0,0.0,4,1.2,198.6,56.7,23.1,63.7,22.8,93.5,100.0,Free_Flow
EVT_01536,22,44.5,27.5,3,17.42,2261.2,0.87,27,32.5,150.2,53.6,32.4,68.4,64.0,84.2,85.5,Free_Flow
EVT_01537,28,6.3,38.8,20,13.11,1531.9,2.51,42,37.7,49.6,56.8,31.6,65.3,100.0,83.4,72.1,Pedestrian_Event
EVT_01538,40,0.0,55.2,3,16.73,1724.1,2.7,72,56.9,54.8,62.7,31.2,59.8,42.7,100.0,68.5,Heavy_Traffic
EVT_01539,2,37.3,9.7,9,11.85,2460.3,0.0,44,0.9,290.2,42.4,27.9,47.8,78.2,80.0,85.8,Pedestrian_Event
EVT_01540,22,39.3,26.9,4,19.66,724.6,0.0,17,7.3,85.9,53.0,29.8,64.2,21.5,84.8,96.2,Free_Flow
EVT_01541,7,20.0,50.9,35,18.18,2100.4,0.0,36,3.2,39.8,49.9,24.2,73.3,18.2,88.4,94.3,Pedestrian_Event
EVT_01542,2,26.6,8.3,8,11.95,1893.2,1.77,23,60.4,101.2,59.6,28.9,70.8,63.7,81.2,75.5,Free_Flow
EVT_01543,23,16.9,48.5,7,18.14,1840.5,0.0,84,0.6,74.0,54.5,27.1,54.3,44.9,98.0,83.2,Incident
EVT_01544,18,42.6,2.2,5,20.48,1097.8,0.0,27,0.2,356.7,37.4,28.9,58.8,27.3,78.5,82.7,Free_Flow
EVT_01545,50,27.9,61.3,4,17.92,1988.9,0.0,64,0.8,169.1,66.9,23.9,54.3,26.7,84.8,77.5,Heavy_Traffic
EVT_01546,20,50.2,19.0,2,5.62,905.4,0.0,20,0.3,158.7,46.4,24.1,65.4,16.4,73.2,85.5,Free_Flow
EVT_01547,44,22.6,70.0,5,19.82,471.1,18.74,47,77.5,396.0,62.3,24.0,82.0,46.0,87.7,48.7,Heavy_Traffic
EVT_01548,9,44.2,8.4,1,23.9,675.1,3.52,11,60.0,115.8,45.4,17.3,86.0,8.8,90.1,67.8,Low_Activity
EVT_01549,6,48.2,27.2,2,5.49,978.8,0.0,28,14.3,375.8,50.8,14.3,80.5,13.2,80.2,79.9,Free_Flow
EVT_01550,38,12.1,73.9,3,6.01,728.1,0.0,66,18.0,129.3,51.4,22.3,54.9,27.4,90.1,93.8,Heavy_Traffic
EVT_01551,47,30.5,37.9,4,3.0,889.5,0.0,3,19.3,96.7,59.6,22.7,80.3,22.4,83.3,76.3,Incident
EVT_01552,7,15.2,31.5,9,15.82,1959.9,0.0,57,3.6,59.0,47.2,34.3,68.1,78.2,77.2,91.0,Incident
EVT_01553,4,68.0,17.0,1,14.03,2173.0,0.0,23,14.0,145.6,57.9,31.9,62.0,67.5,84.4,87.4,Low_Activity
EVT_01554,22,27.0,43.6,11,7.03,2045.7,0.0,64,11.0,35.3,58.4,27.4,47.2,48.5,84.8,99.9,Pedestrian_Event
EVT_01555,31,24.9,87.6,8,9.02,1729.5,0.0,40,6.0,59.1,58.0,24.5,68.3,72.7,88.0,95.7,Heavy_Traffic
EVT_01556,31,23.1,32.7,21,16.37,2529.2,0.0,41,7.0,102.0,46.4,28.7,53.3,27.9,82.3,76.6,Pedestrian_Event
EVT_01557,32,33.5,38.3,17,17.25,2793.2,0.0,31,0.3,397.8,53.9,31.3,53.8,25.7,80.9,100.0,Pedestrian_Event
EVT_01558,14,46.0,31.4,7,10.33,2430.4,0.0,31,5.9,123.7,59.9,31.2,49.8,66.5,75.7,77.4,Free_Flow
EVT_01559,13,7.7,30.8,4,6.18,765.2,0.0,28,1.8,66.0,46.9,22.7,70.2,42.9,67.8,78.8,Pedestrian_Event
EVT_01560,0,34.6,20.2,5,15.7,1456.3,16.23,19,60.8,405.4,61.8,30.2,100.0,64.3,87.9,64.3,Free_Flow
EVT_01561,20,28.7,54.4,11,7.3,2233.4,1.6,42,47.3,498.7,49.0,25.9,63.3,36.9,85.1,88.9,Pedestrian_Event
EVT_01562,35,14.6,67.9,7,8.52,1892.3,0.0,17,5.3,13.1,55.0,26.6,67.3,57.4,92.8,89.8,Incident
EVT_01563,6,57.5,28.8,6,10.45,2711.0,0.1,36,24.7,205.3,62.4,34.9,63.1,71.5,79.5,92.4,Free_Flow
EVT_01564,20,9.8,31.7,18,8.03,2131.9,0.0,55,15.6,78.4,47.7,27.2,59.8,45.2,92.1,93.9,Pedestrian_Event
EVT_01565,19,15.3,25.9,20,13.32,2059.5,0.84,62,29.6,248.5,51.6,31.8,71.9,99.9,84.1,100.0,Pedestrian_Event
EVT_01566,18,41.6,47.8,4,19.86,552.4,0.0,4,16.2,261.8,64.8,32.9,57.1,4.7,82.6,82.2,Free_Flow
EVT_01567,37,16.9,81.8,7,17.65,1335.0,7.18,59,39.7,83.9,61.9,29.4,54.5,45.5,87.7,87.6,Heavy_Traffic
EVT_01568,33,10.3,40.3,23,12.22,2105.9,0.0,61,3.4,261.5,62.2,29.9,61.2,82.9,90.9,96.6,Pedestrian_Event
EVT_01569,23,17.4,70.6,8,16.99,2151.3,0.0,75,11.5,61.9,61.6,26.4,61.6,23.8,75.7,83.5,Heavy_Traffic
EVT_01570,11,42.7,36.9,4,14.66,1614.9,0.0,5,7.1,85.0,48.1,31.8,74.8,74.8,85.4,100.0,Free_Flow
EVT_01571,6,47.2,11.0,1,2.64,1289.9,0.0,20,13.8,58.0,48.4,14.4,61.2,16.4,70.5,73.6,Low_Activity
EVT_01572,26,48.2,46.8,9,12.98,1642.1,0.0,4,1.1,190.3,59.7,27.9,52.8,69.3,81.9,83.6,Free_Flow
EVT_01573,41,12.0,44.2,6,7.25,2178.2,3.26,96,41.2,383.3,62.4,24.8,75.0,54.0,86.4,70.0,Heavy_Traffic
EVT_01574,6,33.9,5.9,2,2.27,830.7,0.0,12,2.3,62.5,48.6,12.1,71.8,0.0,90.1,87.0,Low_Activity
EVT_01575,32,14.9,80.4,7,9.24,2228.0,0.0,38,4.9,90.5,61.5,23.2,73.0,50.7,88.2,98.6,Incident
EVT_01576,4,54.8,10.1,1,23.92,580.1,0.0,5,14.5,168.3,55.5,26.6,57.7,26.5,88.3,87.8,Low_Activity
EVT_01577,17,10.2,22.6,15,13.32,2689.0,0.0,33,3.0,258.7,51.8,30.1,65.6,71.7,95.5,100.0,Pedestrian_Event
EVT_01578,6,51.9,20.3,1,22.75,1305.7,0.0,35,2.5,75.0,52.6,21.1,55.2,14.3,89.9,82.4,Low_Activity
EVT_01579,30,20.6,75.1,5,7.98,1914.7,0.0,54,31.4,48.1,51.5,25.6,68.3,45.4,85.1,76.2,Free_Flow
EVT_01580,0,29.6,68.2,31,17.3,1412.9,6.67,43,29.0,70.1,50.2,32.9,70.7,44.6,77.7,87.1,Pedestrian_Event
EVT_01581,2,17.1,27.6,1,3.14,926.9,0.0,19,0.3,287.6,51.6,19.2,61.0,11.7,80.8,100.0,Low_Activity
EVT_01582,23,16.3,42.4,11,17.09,2448.9,0.0,66,0.7,210.9,51.8,33.5,52.4,44.2,66.2,88.8,Heavy_Traffic
EVT_01583,7,15.2,44.4,3,23.17,894.5,0.0,82,16.1,54.4,51.1,20.8,74.3,25.4,85.5,89.2,Incident
EVT_01584,43,9.0,78.6,6,7.9,2022.6,0.0,115,12.5,139.5,59.9,23.8,66.2,40.4,83.1,80.4,Heavy_Traffic
EVT_01585,8,26.9,19.8,3,5.02,868.6,6.05,13,45.4,246.3,45.8,18.2,76.3,23.1,97.6,76.0,Free_Flow
EVT_01586,40,14.6,33.5,18,13.72,1707.6,0.0,32,2.8,108.6,62.5,32.8,63.6,84.5,82.9,87.6,Pedestrian_Event
EVT_01587,26,50.4,34.0,1,5.65,859.6,0.0,30,38.9,44.5,51.0,20.4,74.2,17.5,90.3,66.7,Free_Flow
EVT_01588,39,23.6,54.4,10,9.07,2579.3,0.0,31,4.6,110.3,65.7,25.4,56.9,58.8,76.8,72.7,Heavy_Traffic
EVT_01589,32,36.3,49.0,7,21.13,1203.5,0.0,57,5.0,83.2,69.0,27.6,39.3,37.0,94.7,70.3,Pedestrian_Event
EVT_01590,2,57.4,17.0,0,0.84,999.5,3.32,10,23.5,185.8,58.4,15.1,74.2,0.0,87.9,80.6,Low_Activity
EVT_01591,6,65.4,13.3,0,16.47,2034.3,0.0,3,1.4,102.9,55.8,34.2,53.6,67.5,83.1,92.6,Low_Activity
EVT_01592,19,14.4,61.6,6,4.09,662.0,0.0,63,0.1,21.5,55.4,18.6,78.8,12.6,85.4,99.2,Incident
EVT_01593,43,14.1,47.4,8,17.92,1811.9,0.0,56,50.3,298.9,70.5,26.3,74.2,36.1,82.2,77.8,Heavy_Traffic
EVT_01594,6,29.1,55.7,2,21.95,782.0,0.0,0,15.6,25.9,54.4,24.7,62.7,7.8,76.3,81.9,Incident
EVT_01595,36,37.5,60.1,28,16.99,2233.6,2.72,31,37.9,161.6,66.3,28.2,64.4,46.9,94.3,84.6,Pedestrian_Event
EVT_01596,18,39.5,40.6,2,12.91,1907.8,0.0,23,10.0,64.5,51.8,30.3,57.4,82.7,85.5,99.1,Free_Flow
EVT_01597,54,16.7,86.1,1,18.63,1992.6,0.0,53,5.5,286.9,61.5,32.5,70.6,18.8,95.1,100.0,Heavy_Traffic
EVT_01598,14,29.1,21.1,15,15.93,1733.3,4.37,5,30.8,478.9,55.9,31.6,58.7,73.4,97.3,83.8,Pedestrian_Event
EVT_01599,31,21.0,5.9,17,18.82,2144.3,0.0,31,0.8,291.9,62.0,29.6,76.2,16.8,71.1,94.5,Pedestrian_Event
EVT_01600,15,61.0,27.3,5,12.3,2115.1,2.97,38,59.8,113.4,58.4,27.7,74.6,100.0,87.1,75.4,Free_Flow
EVT_01601,19,20.2,40.0,15,8.77,1888.5,0.0,67,2.0,73.4,45.6,21.1,74.5,60.8,83.1,100.0,Pedestrian_Event
EVT_01602,22,16.4,15.6,4,5.12,1072.6,0.0,65,3.4,2.3,59.8,27.2,67.7,35.1,94.7,79.0,Incident
EVT_01603,35,12.5,74.7,3,23.14,587.7,0.0,72,2.0,2.1,57.3,20.1,53.3,1.1,88.2,62.7,Incident
EVT_01604,0,1.3,37.7,25,14.44,2368.2,0.0,61,2.4,101.0,46.4,34.1,56.8,80.6,77.5,75.9,Pedestrian_Event
EVT_01605,16,0.0,52.7,20,16.16,1969.3,0.0,23,0.2,466.8,46.5,29.5,52.4,70.2,96.8,100.0,Pedestrian_Event
EVT_01606,28,18.7,73.8,5,18.05,2176.1,0.0,58,6.0,60.3,56.0,22.8,52.3,39.2,73.7,89.2,Heavy_Traffic
EVT_01607,14,25.5,48.0,6,12.2,1854.3,0.0,43,0.6,2.1,53.3,26.0,69.0,76.2,81.7,89.8,Incident
EVT_01608,45,29.0,43.5,19,7.33,1532.0,10.72,49,63.0,254.4,74.5,17.4,80.3,30.2,78.0,69.0,Pedestrian_Event
EVT_01609,35,0.0,81.5,9,8.22,1651.2,5.0,53,34.4,163.2,50.2,24.3,78.1,44.1,90.7,82.8,Heavy_Traffic
EVT_01610,19,46.2,30.2,3,21.68,1148.0,0.0,3,9.7,225.1,53.1,24.9,72.9,1.6,88.5,87.6,Free_Flow
EVT_01611,20,6.7,24.4,1,5.51,956.6,0.0,24,1.0,45.2,45.4,18.4,55.7,16.6,79.4,100.0,Free_Flow
EVT_01612,8,12.8,57.7,4,5.7,1033.4,0.0,52,3.5,28.8,42.1,18.2,59.0,21.3,95.0,77.4,Incident
EVT_01613,23,29.4,47.7,3,10.5,1962.6,0.0,79,1.4,20.0,54.9,23.3,61.8,69.6,80.2,89.5,Incident
EVT_01614,27,40.2,59.5,8,16.29,1521.9,6.0,11,54.8,47.6,60.3,35.7,80.4,57.0,78.8,87.3,Free_Flow
EVT_01615,22,37.1,26.8,2,6.14,1336.0,0.0,23,10.4,453.7,43.8,23.0,68.7,20.5,84.9,87.1,Free_Flow
EVT_01616,12,49.1,21.5,2,10.44,1911.1,2.52,21,60.7,118.0,61.6,25.7,74.8,97.2,90.9,95.4,Low_Activity
EVT_01617,5,55.6,5.2,0,1.19,1279.9,0.0,10,8.3,93.3,46.4,24.8,62.0,28.8,84.1,96.6,Low_Activity
EVT_01618,43,14.8,51.6,4,17.24,2498.2,0.27,51,29.1,157.5,66.3,25.5,74.5,64.4,73.1,87.3,Heavy_Traffic
EVT_01619,32,34.1,62.9,5,16.16,2063.1,0.0,64,1.1,38.3,51.4,28.0,68.2,53.0,100.0,100.0,Heavy_Traffic
EVT_01620,3,78.0,9.0,1,23.73,841.0,0.0,22,9.2,95.7,49.8,19.6,60.7,23.2,79.9,70.6,Low_Activity
EVT_01621,48,16.2,53.9,5,17.64,2217.4,0.0,101,7.4,37.4,64.2,28.9,70.4,27.1,77.0,100.0,Heavy_Traffic
EVT_01622,25,17.8,45.3,9,10.32,2633.8,0.0,23,8.6,39.6,55.8,23.8,66.3,81.6,84.4,70.1,Pedestrian_Event
EVT_01623,19,51.8,17.3,6,15.79,2513.1,0.0,0,18.2,319.8,65.1,28.5,59.4,71.0,92.2,99.5,Free_Flow
EVT_01624,9,14.5,40.1,21,12.88,1012.6,17.64,53,68.6,285.7,67.7,31.7,82.5,83.5,92.6,59.1,Pedestrian_Event
EVT_01625,49,27.0,81.5,11,6.97,1960.4,2.02,85,23.4,187.5,70.2,26.4,63.5,61.5,91.6,82.3,Heavy_Traffic
EVT_01626,42,9.6,73.5,1,8.76,1800.5,0.0,40,4.6,208.4,66.6,18.6,67.3,46.5,86.7,89.8,Heavy_Traffic
EVT_01627,27,10.9,60.1,7,9.0,2140.5,0.0,47,19.3,57.3,53.1,25.4,73.8,72.7,86.0,100.0,Heavy_Traffic
EVT_01628,13,22.0,64.3,27,13.92,1980.8,5.53,61,47.2,79.8,52.7,31.4,70.4,63.9,91.7,89.7,Pedestrian_Event
EVT_01629,5,52.2,5.6,1,4.93,893.6,0.0,0,2.7,233.7,45.1,23.9,55.7,6.0,85.2,73.0,Low_Activity
EVT_01630,0,29.6,24.5,34,13.48,2705.5,0.0,58,3.2,76.0,44.0,32.0,62.1,53.4,87.1,97.3,Pedestrian_Event
EVT_01631,31,18.2,31.8,1,21.5,753.3,0.0,79,6.9,382.7,58.3,19.0,67.1,20.7,92.8,81.6,Heavy_Traffic
EVT_01632,3,76.3,9.6,0,23.65,584.1,4.09,16,42.5,437.4,68.3,16.4,82.0,32.4,91.1,73.8,Low_Activity
EVT_01633,31,39.9,30.0,13,12.73,2656.7,0.0,44,23.9,56.8,60.3,31.7,74.4,79.2,92.1,93.1,Pedestrian_Event
EVT_01634,2,42.2,18.9,3,19.56,864.3,0.0,0,4.7,134.4,53.1,24.9,49.2,34.0,78.1,80.6,Low_Activity
EVT_01635,22,21.2,51.8,2,4.82,1331.0,0.0,34,10.5,13.4,49.7,20.8,70.6,21.9,87.4,88.5,Incident
EVT_01636,24,60.3,47.5,7,10.35,1945.7,2.52,23,31.6,45.8,53.0,38.0,62.5,99.5,97.3,69.1,Free_Flow
EVT_01637,25,7.2,54.7,5,3.62,1219.3,0.0,20,16.2,66.0,48.8,23.1,73.1,23.5,86.5,76.0,Incident
EVT_01638,2,42.3,14.9,2,16.12,1186.9,10.92,21,74.7,312.7,58.6,29.3,90.2,52.6,98.7,73.4,Low_Activity
EVT_01639,30,31.7,45.0,6,9.37,1917.4,3.86,64,38.3,100.8,60.5,29.5,65.5,39.4,85.8,83.0,Heavy_Traffic
EVT_01640,13,13.4,34.0,2,6.66,2416.8,0.57,57,35.8,22.5,41.1,23.1,61.1,29.5,82.8,75.8,Incident
EVT_01641,9,48.0,33.8,4,13.22,2780.1,2.52,22,40.3,41.9,50.4,28.3,67.9,85.5,93.4,92.2,Free_Flow
EVT_01642,17,29.9,62.6,20,7.85,1896.9,0.0,26,8.0,347.9,44.1,27.9,50.4,59.5,82.4,93.8,Pedestrian_Event
EVT_01643,27,7.4,55.2,3,10.8,2159.9,0.23,64,37.7,12.9,49.7,26.9,69.0,89.9,87.7,100.0,Incident
EVT_01644,4,54.6,11.6,1,11.72,2463.3,1.52,16,17.5,96.8,45.4,29.6,72.0,83.0,89.8,87.3,Low_Activity
EVT_01645,23,29.6,44.9,34,12.71,2118.8,0.0,43,24.0,366.0,62.7,37.0,58.7,76.0,82.5,92.4,Pedestrian_Event
EVT_01646,46,7.8,60.9,8,9.99,2214.8,0.0,26,1.2,263.7,62.3,27.5,57.6,82.3,88.8,95.0,Heavy_Traffic
EVT_01647,26,16.7,67.5,7,17.75,1998.1,0.0,76,16.5,358.6,56.4,32.8,64.7,41.6,86.1,86.0,Heavy_Traffic
EVT_01648,20,7.0,46.1,1,2.88,770.6,3.92,26,29.6,7.4,56.6,17.8,85.3,26.8,87.5,85.9,Incident
EVT_01649,2,53.9,34.1,1,22.24,915.5,0.0,41,7.3,173.0,54.4,29.4,69.9,6.3,98.0,73.5,Free_Flow
EVT_01650,15,38.1,41.5,4,11.79,1483.1,8.92,0,55.8,213.4,54.2,23.6,92.4,91.0,91.2,79.8,Free_Flow
EVT_01651,5,55.1,7.6,0,23.92,496.9,6.86,18,48.3,120.0,65.6,20.9,74.7,13.6,80.8,71.9,Low_Activity
EVT_01652,4,48.7,46.8,1,23.39,509.5,11.89,34,68.9,218.2,60.9,19.8,89.9,24.0,90.2,56.2,Free_Flow
EVT_01653,22,28.1,44.3,3,6.2,2211.5,0.0,21,12.7,107.0,53.0,19.1,84.5,46.6,96.1,77.7,Incident
EVT_01654,29,34.6,41.3,19,19.48,611.4,11.25,0,41.9,41.3,58.4,33.8,65.6,20.2,87.2,79.5,Pedestrian_Event
EVT_01655,20,34.4,27.3,6,10.27,2253.0,0.0,28,7.2,47.2,53.5,26.7,69.8,68.9,86.7,71.9,Free_Flow
EVT_01656,4,47.6,26.4,0,23.86,1126.1,0.14,56,46.6,61.2,43.9,17.6,76.4,0.0,93.4,86.2,Low_Activity
EVT_01657,50,27.7,72.2,8,9.21,2054.9,0.0,96,7.0,181.4,65.3,29.3,56.9,69.5,85.6,89.9,Heavy_Traffic
EVT_01658,28,0.0,82.9,5,8.57,1956.4,0.0,45,4.9,155.1,48.8,26.5,69.5,76.1,74.4,88.4,Heavy_Traffic
EVT_01659,21,49.4,17.1,3,21.39,1084.0,0.0,21,2.5,339.8,51.6,24.0,65.9,28.0,87.1,80.4,Free_Flow
EVT_01660,16,41.9,47.9,23,14.06,2172.9,1.66,63,57.2,73.3,68.2,31.0,77.1,81.4,89.3,77.9,Pedestrian_Event
EVT_01661,23,31.1,82.1,16,18.32,2063.8,0.0,43,1.1,141.5,55.0,30.4,51.5,29.7,96.5,95.0,Pedestrian_Event
EVT_01662,22,54.3,15.4,4,10.06,2391.3,0.0,26,1.7,82.2,56.1,25.5,75.9,68.8,94.6,87.6,Free_Flow
EVT_01663,21,25.2,53.2,13,8.01,2712.7,0.0,65,3.6,259.0,48.0,22.8,55.4,55.1,80.0,82.8,Pedestrian_Event
EVT_01664,6,51.7,36.1,3,18.05,2401.0,0.0,25,1.5,169.3,55.9,28.3,69.6,39.5,95.3,100.0,Free_Flow
EVT_01665,10,52.0,3.2,4,11.28,2004.2,0.0,20,9.6,77.5,51.7,30.1,58.3,76.8,96.9,90.9,Free_Flow
EVT_01666,25,19.2,51.0,25,16.82,1560.2,4.15,44,46.5,62.8,65.7,34.5,57.0,43.5,82.4,86.9,Pedestrian_Event
EVT_01667,0,48.1,34.9,2,20.49,693.1,6.18,6,34.1,45.2,47.7,26.6,80.8,24.1,83.0,70.0,Free_Flow
EVT_01668,29,13.3,37.4,2,5.76,1114.6,0.0,55,0.2,14.7,50.7,18.8,63.9,35.1,92.3,91.3,Incident
EVT_01669,13,11.1,64.7,7,8.4,2420.5,0.0,87,17.6,274.7,46.3,24.5,56.6,69.6,97.0,74.0,Heavy_Traffic
EVT_01670,13,42.9,20.1,3,18.97,1452.0,11.96,0,75.8,43.1,58.0,26.4,88.9,39.3,86.7,59.8,Free_Flow
EVT_01671,20,60.3,42.1,5,9.22,2042.8,0.0,16,3.0,52.4,57.2,22.3,71.4,83.6,85.7,94.7,Free_Flow
EVT_01672,31,26.0,24.2,31,12.7,2460.2,0.0,27,4.7,39.9,55.7,24.6,61.6,88.5,82.7,100.0,Pedestrian_Event
EVT_01673,36,10.0,42.5,7,19.4,1062.5,0.0,68,0.9,123.5,58.0,28.5,57.1,17.0,79.3,78.3,Heavy_Traffic
EVT_01674,51,14.4,77.8,7,8.84,1986.0,0.0,66,7.4,202.3,61.3,30.6,78.0,56.9,99.0,85.6,Free_Flow
EVT_01675,29,33.5,28.5,2,20.62,1066.3,5.4,35,49.6,162.8,53.7,27.2,83.9,7.1,88.8,86.8,Free_Flow
EVT_01676,15,63.8,40.8,4,8.57,2372.5,0.0,32,27.2,145.7,54.5,23.0,80.7,57.4,100.0,89.1,Free_Flow
EVT_01677,44,7.4,85.3,7,19.37,1107.3,0.0,86,5.3,462.8,56.6,27.7,51.7,25.7,88.5,85.3,Heavy_Traffic
EVT_01678,34,14.5,22.2,12,18.05,2368.3,0.99,78,26.2,55.4,52.7,30.9,41.7,23.1,96.6,77.8,Pedestrian_Event
EVT_01679,35,15.9,43.5,3,19.01,1206.0,3.02,51,35.8,96.2,70.7,32.9,76.3,28.8,79.6,78.9,Heavy_Traffic
EVT_01680,23,47.8,29.7,1,22.24,1177.9,0.0,35,1.1,455.9,59.6,25.0,37.0,11.0,87.3,88.5,Free_Flow
EVT_01681,2,52.4,12.4,1,20.73,925.4,0.0,24,2.3,124.4,48.5,28.2,55.1,28.6,81.3,92.0,Low_Activity
EVT_01682,6,67.3,0.0,3,4.14,1603.5,0.0,37,7.2,57.7,52.9,26.3,56.8,22.7,84.6,82.3,Free_Flow
EVT_01683,8,44.7,44.0,1,14.6,1790.6,9.55,42,46.3,211.2,60.7,33.0,71.1,92.0,99.0,86.4,Free_Flow
EVT_01684,5,47.8,20.1,1,0.05,868.4,6.66,1,57.1,49.4,55.9,22.5,65.4,14.7,80.7,75.6,Low_Activity
EVT_01685,35,29.0,68.4,3,3.73,958.0,1.63,17,29.6,103.6,50.0,23.9,61.7,28.6,90.8,78.2,Incident
EVT_01686,11,37.1,38.8,1,23.26,872.7,8.92,4,65.1,157.9,49.7,20.9,74.1,1.7,74.7,50.4,Free_Flow
EVT_01687,12,57.1,32.7,3,9.39,2398.0,0.0,10,5.6,185.9,57.7,26.5,61.2,66.8,89.6,81.2,Free_Flow
EVT_01688,20,45.9,19.2,0,16.08,2186.5,4.68,50,42.0,101.7,63.1,30.0,64.4,68.5,100.0,83.6,Free_Flow
EVT_01689,29,36.3,47.2,30,7.86,2588.0,0.0,51,1.3,147.0,59.5,24.0,66.0,53.2,83.6,90.1,Pedestrian_Event
EVT_01690,25,40.3,44.9,14,13.49,1613.2,7.09,35,44.5,453.9,63.9,33.1,74.4,87.9,100.0,65.7,Pedestrian_Event
EVT_01691,39,23.7,64.5,3,9.0,2260.8,0.0,62,1.1,321.3,60.7,22.3,64.0,75.0,81.5,83.0,Pedestrian_Event
EVT_01692,49,18.8,83.8,5,17.48,1653.9,1.96,64,18.6,72.7,64.5,27.7,64.9,39.7,82.6,94.8,Heavy_Traffic
EVT_01693,8,41.6,10.1,1,11.32,2318.9,1.29,17,10.7,112.8,54.7,26.7,55.8,100.0,89.1,100.0,Low_Activity
EVT_01694,35,23.9,79.1,11,19.79,1328.9,1.4,56,36.7,355.6,56.2,23.7,56.7,7.0,93.6,85.9,Heavy_Traffic
EVT_01695,33,27.6,65.9,3,20.6,859.8,0.0,68,3.2,271.5,51.4,31.0,66.4,15.6,88.6,77.8,Heavy_Traffic
EVT_01696,35,32.6,20.3,3,19.87,1015.1,0.0,29,13.8,63.0,57.4,26.1,61.2,29.4,86.6,80.4,Free_Flow
EVT_01697,23,56.7,31.7,3,19.32,735.8,0.0,23,13.8,60.9,56.3,33.4,48.6,6.8,86.1,94.2,Free_Flow
EVT_01698,15,59.1,24.8,1,23.56,808.1,0.0,0,0.9,410.7,62.0,25.1,62.8,17.2,75.7,68.7,Low_Activity
EVT_01699,38,21.7,70.9,14,11.18,1809.5,7.1,72,52.1,42.6,70.1,30.2,69.7,69.0,83.2,76.3,Heavy_Traffic
EVT_01700,17,48.4,34.1,4,7.07,2406.6,0.0,33,3.7,83.7,58.8,25.8,51.5,44.6,76.4,96.0,Free_Flow
EVT_01701,30,0.8,49.5,2,2.79,571.2,15.24,67,50.7,11.4,63.9,17.2,78.9,7.5,73.3,57.9,Incident
EVT_01702,11,43.1,36.6,1,19.5,941.3,0.0,47,2.8,95.0,50.3,26.0,65.3,34.0,67.3,83.9,Free_Flow
EVT_01703,21,32.1,16.4,5,21.92,598.4,2.33,30,52.2,93.5,55.0,27.2,65.4,27.9,89.6,74.5,Free_Flow
EVT_01704,25,17.2,55.2,4,21.09,1195.3,0.0,56,8.0,3.7,51.7,26.7,63.6,28.4,85.2,97.9,Incident
EVT_01705,14,45.8,11.4,9,9.15,2012.6,0.1,27,27.5,62.6,48.3,30.6,67.4,57.1,100.0,74.4,Free_Flow
EVT_01706,18,19.4,52.1,5,17.94,2523.2,3.39,73,20.8,3.7,48.6,28.4,61.0,34.6,82.3,69.7,Incident
EVT_01707,30,22.5,60.8,6,7.06,1854.9,5.05,57,31.8,38.0,63.2,26.0,68.9,52.0,80.8,78.0,Heavy_Traffic
EVT_01708,10,39.8,29.8,3,17.93,2378.4,0.0,33,0.5,464.1,53.2,28.7,70.3,33.0,90.1,87.9,Free_Flow
EVT_01709,25,20.3,24.7,1,23.3,872.4,0.0,70,16.6,10.4,50.3,17.5,75.1,32.3,92.5,82.2,Incident
EVT_01710,35,22.3,42.8,12,17.63,1647.3,14.33,75,61.1,33.7,65.9,27.7,86.7,54.6,78.5,68.0,Incident
EVT_01711,31,22.5,54.5,8,15.91,2601.5,1.52,74,41.1,8.9,58.2,32.6,48.3,57.7,85.4,72.4,Incident
EVT_01712,25,17.4,60.5,9,10.01,2010.7,0.0,80,1.1,38.3,58.1,27.3,65.1,78.6,80.5,81.6,Heavy_Traffic
EVT_01713,18,11.3,87.2,6,2.21,817.2,0.0,79,1.1,67.0,53.4,19.9,60.7,28.3,88.5,67.8,Incident
EVT_01714,24,7.6,74.9,6,12.27,2144.2,0.0,43,4.2,262.4,56.2,30.8,72.4,73.0,86.7,95.6,Heavy_Traffic
EVT_01715,25,50.3,32.1,6,5.66,1024.6,0.0,18,4.8,127.5,53.9,21.8,59.7,22.0,93.4,100.0,Free_Flow
EVT_01716,8,35.2,46.9,15,7.88,2113.2,0.0,45,29.8,115.9,48.8,26.7,68.9,47.0,88.3,86.5,Pedestrian_Event
EVT_01717,2,33.6,37.1,6,18.38,1738.2,7.56,8,53.6,222.3,52.9,15.2,76.2,31.0,94.0,79.8,Free_Flow
EVT_01718,15,39.8,18.0,4,18.51,2089.3,4.66,35,58.4,39.0,57.9,28.0,58.9,5.2,83.2,90.5,Free_Flow
EVT_01719,12,44.4,35.9,1,21.0,832.9,10.94,23,62.4,241.2,60.7,24.2,83.2,25.7,79.4,57.2,Low_Activity
EVT_01720,35,26.2,45.4,4,1.29,1383.4,0.21,34,32.9,44.4,63.6,17.1,70.0,23.1,78.0,73.3,Incident
EVT_01721,43,2.1,85.1,9,7.76,1915.2,0.0,72,33.4,38.4,64.1,23.5,82.1,43.9,89.0,100.0,Heavy_Traffic
EVT_01722,18,22.7,61.5,5,18.07,2325.7,0.0,99,0.6,44.2,74.0,26.2,85.6,45.3,85.2,94.1,Heavy_Traffic
EVT_01723,27,13.8,73.4,11,9.42,2102.4,1.33,44,43.0,309.2,49.8,24.4,61.3,75.3,78.0,77.6,Pedestrian_Event
EVT_01724,12,69.4,43.1,2,15.41,1947.0,0.0,15,7.7,437.1,56.4,36.6,60.6,76.0,72.4,74.6,Free_Flow
EVT_01725,13,53.1,6.4,4,15.57,2576.8,0.0,34,0.2,209.4,53.7,39.0,55.7,58.7,81.7,98.1,Free_Flow
EVT_01726,1,59.0,28.5,1,9.57,1667.7,1.5,23,30.0,95.2,57.2,24.0,74.5,83.6,74.3,73.1,Low_Activity
EVT_01727,20,37.7,25.7,4,19.26,1018.5,0.0,40,3.3,36.2,50.8,33.0,41.5,31.3,95.0,82.4,Free_Flow
EVT_01728,33,38.7,38.8,7,14.27,2201.1,0.0,48,32.0,63.7,60.3,32.5,57.9,67.0,82.3,94.6,Incident
EVT_01729,40,21.3,78.7,7,10.6,2066.9,0.0,93,24.9,170.0,64.0,21.2,61.0,73.5,83.4,89.6,Heavy_Traffic
EVT_01730,23,54.6,26.3,4,11.24,2248.9,0.0,21,13.0,276.0,57.4,26.9,57.4,100.0,82.7,91.8,Free_Flow
EVT_01731,54,12.2,67.9,7,7.85,1701.0,3.35,97,23.9,103.8,62.3,21.2,82.9,51.8,74.6,83.2,Heavy_Traffic
EVT_01732,16,43.4,15.3,3,15.01,2473.5,0.0,0,4.5,96.2,58.5,30.9,48.5,62.4,82.6,76.3,Free_Flow
EVT_01733,15,33.5,19.4,2,7.98,2796.0,0.0,15,8.8,96.4,58.8,22.7,66.3,58.7,76.9,95.6,Free_Flow
EVT_01734,31,19.0,29.0,3,16.72,2280.9,0.0,61,13.3,295.1,66.8,37.9,48.6,46.8,92.7,94.6,Heavy_Traffic
EVT_01735,41,6.4,55.8,4,9.51,2033.5,0.0,104,3.2,205.1,60.7,26.3,68.6,75.7,84.0,100.0,Heavy_Traffic
EVT_01736,26,27.6,28.0,3,19.92,739.5,0.0,22,6.9,100.1,54.1,23.4,67.0,9.6,100.0,85.7,Free_Flow
EVT_01737,4,63.0,7.0,7,10.37,2102.9,3.31,11,55.3,52.1,47.0,34.0,78.5,54.4,90.9,69.6,Free_Flow
EVT_01738,43,33.0,79.9,6,18.24,2187.0,2.4,75,51.0,197.0,64.6,27.2,69.1,30.2,81.3,89.5,Heavy_Traffic
EVT_01739,40,18.9,37.7,36,10.55,2134.3,0.0,24,18.6,217.4,58.9,25.7,60.3,53.4,95.5,91.2,Pedestrian_Event
EVT_01740,20,36.0,33.9,10,18.84,2340.3,0.0,41,0.8,49.0,54.6,33.0,62.3,21.0,86.0,92.6,Pedestrian_Event
EVT_01741,5,19.8,28.0,33,13.64,2339.1,0.0,47,0.7,148.9,48.5,29.0,56.9,84.2,84.0,96.7,Heavy_Traffic
EVT_01742,5,33.3,16.1,0,0.33,789.2,0.14,0,5.0,400.2,39.5,22.7,80.6,13.4,85.1,100.0,Low_Activity
EVT_01743,15,41.2,29.3,1,21.73,657.4,0.1,19,33.4,140.3,48.5,22.3,64.3,10.6,89.0,76.0,Free_Flow
EVT_01744,16,32.8,59.0,2,5.26,1081.0,0.0,16,21.1,164.5,54.5,17.7,63.1,2.5,84.3,78.6,Free_Flow
EVT_01745,21,44.7,36.2,1,23.03,586.2,11.0,36,58.8,52.7,64.2,18.8,88.5,15.3,92.7,62.3,Free_Flow
EVT_01746,26,25.8,21.2,6,17.82,2129.6,0.0,15,1.8,491.8,62.2,28.4,64.9,36.6,95.6,93.5,Free_Flow
EVT_01747,26,5.5,87.5,2,7.3,1619.0,3.45,23,50.6,50.3,62.4,20.6,79.3,42.1,88.9,91.1,Heavy_Traffic
EVT_01748,10,40.9,25.5,2,18.13,1862.6,0.68,21,33.7,488.0,48.6,32.0,68.8,38.9,87.2,83.0,Low_Activity
EVT_01749,21,27.8,36.4,11,19.04,720.3,0.0,14,16.5,65.8,49.8,30.4,51.1,11.7,82.6,91.5,Free_Flow
EVT_01750,5,52.5,41.1,0,13.32,1969.1,0.0,31,0.8,314.6,47.5,28.1,66.6,83.1,90.6,83.4,Free_Flow
EVT_01751,31,34.8,30.2,4,15.4,2204.4,0.0,31,5.6,98.5,54.6,30.9,55.5,50.1,70.0,83.2,Free_Flow
EVT_01752,18,48.9,62.7,3,18.04,1860.2,5.0,20,72.8,314.7,52.1,37.8,66.7,26.0,90.1,69.7,Free_Flow
EVT_01753,16,48.4,45.3,1,21.51,714.3,1.57,18,27.2,391.3,45.5,26.8,64.7,3.8,81.7,90.0,Free_Flow
EVT_01754,5,45.4,5.6,1,22.95,741.5,0.0,23,21.4,110.8,49.3,28.2,70.7,18.2,68.8,71.6,Low_Activity
EVT_01755,44,28.1,42.4,1,0.76,1325.8,0.0,31,16.1,120.5,63.5,13.9,69.6,23.0,87.5,76.6,Incident
EVT_01756,23,48.8,39.9,39,10.9,2347.0,0.0,44,26.0,56.8,52.9,25.6,68.7,80.4,72.2,97.5,Pedestrian_Event
EVT_01757,26,25.3,60.0,6,20.49,1033.4,0.0,60,7.2,169.4,48.0,25.0,72.1,0.0,90.1,78.7,Heavy_Traffic
EVT_01758,37,40.5,45.2,7,11.51,2212.9,1.61,25,37.7,423.0,59.9,36.0,62.6,82.2,96.1,76.2,Free_Flow
EVT_01759,38,14.2,54.6,16,20.47,720.4,6.79,33,64.1,407.2,70.7,26.7,77.3,28.6,96.2,52.9,Pedestrian_Event
EVT_01760,10,32.0,35.9,6,19.74,603.6,12.61,0,46.9,250.0,62.8,23.4,79.0,38.9,78.6,71.6,Free_Flow
EVT_01761,48,13.7,53.9,15,16.48,1967.1,0.0,48,0.8,134.9,61.4,29.6,41.4,52.4,98.1,97.9,Pedestrian_Event
EVT_01762,42,22.8,89.9,4,19.93,1014.4,0.58,54,55.4,90.9,54.8,28.1,81.6,29.2,87.5,82.7,Heavy_Traffic
EVT_01763,16,20.9,61.2,12,13.48,2030.1,0.0,47,5.9,24.9,51.6,28.9,49.6,93.3,84.9,100.0,Incident
EVT_01764,4,34.3,18.0,2,22.46,816.0,0.0,34,7.5,164.6,42.8,21.8,53.1,8.9,92.0,85.9,Low_Activity
EVT_01765,31,15.0,17.9,21,10.5,1937.8,0.0,57,19.1,62.3,49.1,32.9,62.0,70.1,91.1,100.0,Pedestrian_Event
EVT_01766,26,23.0,10.6,26,16.84,2119.7,2.04,62,40.4,209.3,51.7,32.6,77.7,77.7,89.6,93.0,Pedestrian_Event
EVT_01767,34,22.0,51.1,8,16.93,2615.7,0.0,56,0.6,60.3,52.4,31.0,76.4,58.6,84.5,99.5,Incident
EVT_01768,29,20.8,59.5,4,20.46,1281.2,0.0,24,0.5,5.5,64.5,30.5,64.4,11.4,85.0,83.2,Incident
EVT_01769,13,48.0,8.9,1,22.61,951.3,0.0,24,2.0,387.5,50.4,24.9,61.5,3.1,81.4,91.9,Free_Flow
EVT_01770,4,53.3,8.2,2,22.66,425.3,13.21,19,82.3,85.2,52.7,19.6,100.0,9.4,83.2,38.0,Low_Activity
EVT_01771,9,34.6,43.6,1,5.74,937.4,0.0,44,7.8,90.7,54.8,19.6,65.2,35.7,89.8,94.6,Free_Flow
EVT_01772,23,28.0,27.1,32,19.02,1052.8,0.0,27,5.2,90.2,59.6,25.8,54.1,17.8,81.7,71.2,Pedestrian_Event
EVT_01773,20,24.7,39.4,7,17.29,2340.1,0.0,46,23.9,8.4,47.3,32.5,57.6,43.9,98.7,84.6,Incident
EVT_01774,33,60.1,32.6,4,9.91,1852.6,0.0,9,3.5,279.4,55.1,23.5,68.1,75.7,75.6,87.6,Free_Flow
EVT_01775,6,36.5,16.0,0,22.57,1152.7,0.0,0,5.6,118.5,53.4,23.2,50.6,2.9,80.2,82.7,Low_Activity
EVT_01776,0,9.6,66.2,7,14.84,2003.3,2.72,73,23.6,5.6,48.3,29.4,53.5,54.6,95.8,100.0,Free_Flow
EVT_01777,28,29.4,45.0,17,19.6,1346.2,0.0,14,2.8,43.6,54.5,25.9,69.1,13.8,99.6,96.2,Incident
EVT_01778,26,54.8,24.0,3,23.04,751.5,2.24,3,41.9,91.7,56.2,21.4,77.8,24.7,84.1,83.9,Free_Flow
EVT_01779,20,19.2,37.5,30,15.58,2315.6,0.0,28,14.4,176.8,56.2,36.5,49.5,79.3,89.9,78.7,Pedestrian_Event
EVT_01780,32,10.6,48.9,6,3.66,903.1,5.28,53,56.8,61.3,70.2,14.7,68.0,20.0,89.5,69.0,Incident
EVT_01781,19,57.4,15.9,6,19.31,757.8,0.0,5,0.5,54.9,58.1,23.8,45.9,13.2,88.3,95.0,Free_Flow
EVT_01782,43,5.5,88.0,4,20.16,1252.6,0.63,82,44.1,134.2,57.9,25.7,67.8,17.8,100.0,70.4,Heavy_Traffic
EVT_01783,16,36.4,47.1,5,15.73,2112.1,0.0,16,33.1,66.4,58.3,32.6,69.4,43.9,94.8,74.1,Free_Flow
EVT_01784,50,17.4,47.5,9,18.17,1819.8,0.0,64,3.5,38.7,58.8,25.9,61.7,22.5,84.8,100.0,Incident
EVT_01785,34,29.8,43.3,6,14.69,1905.5,7.29,33,45.4,459.0,48.1,30.0,67.1,87.0,83.2,81.1,Free_Flow
EVT_01786,15,37.3,34.6,5,9.87,1215.4,11.75,9,47.7,68.4,58.1,29.6,79.6,73.6,73.9,68.2,Free_Flow
EVT_01787,39,0.0,33.2,6,9.15,2169.7,0.0,52,9.8,56.0,56.8,29.0,60.2,69.6,100.0,95.2,Incident
EVT_01788,32,3.4,53.2,34,12.95,2248.3,1.4,0,40.2,35.1,60.8,25.7,64.5,87.3,82.1,80.9,Pedestrian_Event
EVT_01789,25,48.4,48.0,5,10.8,2336.4,0.0,11,10.8,415.4,56.0,35.5,72.6,74.9,82.8,69.9,Free_Flow
EVT_01790,28,47.8,42.1,1,5.72,1184.1,0.0,40,9.0,119.1,55.4,17.5,63.2,26.3,77.4,75.8,Free_Flow
EVT_01791,39,10.3,65.1,8,9.75,1967.0,0.0,87,10.7,38.2,50.1,28.7,61.4,96.5,96.5,96.3,Heavy_Traffic
EVT_01792,3,54.3,15.0,2,4.68,873.2,0.1,21,40.3,221.6,58.0,21.6,72.1,13.7,92.0,92.0,Low_Activity
EVT_01793,0,20.1,42.0,44,7.7,2303.9,0.0,42,9.3,35.5,43.0,30.0,54.4,72.7,80.5,99.5,Pedestrian_Event
EVT_01794,10,0.0,14.8,19,7.94,2409.4,0.0,21,23.2,73.7,45.8,22.1,61.7,64.0,87.8,100.0,Pedestrian_Event
EVT_01795,28,16.3,65.3,10,18.45,1881.9,0.0,48,11.6,104.5,58.6,25.4,53.5,20.8,88.3,81.8,Heavy_Traffic
EVT_01796,18,40.5,27.2,5,8.46,1951.7,3.98,20,49.1,56.4,55.9,26.7,87.8,57.7,70.8,79.2,Free_Flow
EVT_01797,18,17.6,51.9,7,17.75,2440.2,0.0,91,6.0,114.4,57.1,28.5,51.5,29.9,76.6,100.0,Heavy_Traffic
EVT_01798,44,22.0,51.7,10,7.98,1970.0,0.87,63,37.0,270.8,66.8,24.1,61.0,52.1,94.3,100.0,Heavy_Traffic
EVT_01799,38,10.3,87.0,11,10.71,1509.6,8.6,105,46.2,117.6,70.0,21.8,66.8,66.1,82.5,70.1,Heavy_Traffic
EVT_01800,17,50.0,27.5,2,9.07,941.9,11.38,21,52.4,322.6,65.4,24.9,88.9,53.0,95.3,44.3,Free_Flow
EVT_01801,3,64.6,21.2,2,15.65,2588.4,0.0,3,0.6,151.0,49.9,33.0,58.1,75.8,90.1,82.0,Low_Activity
EVT_01802,20,43.8,29.3,2,1.5,836.4,0.0,63,7.7,38.2,51.0,24.3,57.7,4.9,92.6,96.7,Incident
EVT_01803,17,51.9,30.7,5,18.87,2059.4,0.0,34,12.3,41.1,60.3,28.4,73.9,13.9,83.4,76.5,Free_Flow
EVT_01804,12,16.1,21.5,3,13.3,2457.9,0.0,6,0.1,253.7,47.8,34.5,41.4,73.9,90.5,96.7,Free_Flow
EVT_01805,15,8.5,51.5,27,13.4,1228.7,14.35,62,72.6,345.2,59.5,26.1,86.8,100.0,90.3,60.3,Pedestrian_Event
EVT_01806,9,65.8,13.6,1,2.56,1195.7,0.0,35,19.0,143.7,58.8,22.3,58.5,15.5,79.4,82.1,Low_Activity
EVT_01807,7,54.1,13.6,1,9.45,2926.6,0.0,20,20.4,431.7,55.5,28.6,55.9,62.7,76.4,86.4,Low_Activity
EVT_01808,19,9.7,36.2,9,15.55,1726.3,0.0,30,3.9,3.2,54.8,32.5,64.4,53.2,83.3,97.2,Heavy_Traffic
EVT_01809,34,47.0,47.0,4,12.46,2386.4,0.99,34,35.1,488.2,60.7,30.1,66.9,88.4,83.0,83.6,Free_Flow
EVT_01810,5,67.7,23.4,1,3.42,1052.8,0.0,16,5.7,394.4,56.8,28.5,64.4,5.9,77.4,64.4,Low_Activity
EVT_01811,8,48.6,23.6,3,17.27,1619.5,2.82,28,48.1,121.3,50.9,34.0,68.2,33.8,70.2,83.1,Free_Flow
EVT_01812,9,50.0,29.2,5,13.99,2013.1,0.87,9,14.9,38.1,65.8,24.9,61.1,65.6,88.2,100.0,Free_Flow
EVT_01813,0,23.8,30.6,19,17.87,2406.5,5.81,54,50.4,64.2,48.2,31.2,64.4,22.0,86.5,76.6,Pedestrian_Event
EVT_01814,14,34.4,24.0,1,23.99,851.2,0.0,12,6.2,72.3,53.2,15.5,62.9,21.8,95.1,93.0,Low_Activity
EVT_01815,4,33.2,7.0,1,2.56,1075.3,4.2,24,47.9,495.4,48.5,23.7,73.4,32.5,97.6,87.3,Low_Activity
EVT_01816,29,47.4,20.8,6,14.91,1061.1,9.4,16,56.4,303.2,60.3,37.1,75.3,56.7,91.7,64.3,Free_Flow
EVT_01817,23,11.5,66.2,2,2.78,911.3,0.2,30,11.1,3.5,52.0,22.1,53.6,3.6,76.2,82.5,Incident
EVT_01818,8,53.5,5.4,0,1.31,617.4,0.0,0,2.9,166.6,55.3,21.9,74.8,0.0,88.9,88.5,Low_Activity
EVT_01819,5,51.0,26.0,12,19.51,1762.5,0.0,3,4.8,197.4,53.4,28.7,63.2,14.2,84.4,97.3,Low_Activity
EVT_01820,14,49.5,25.8,5,16.2,2322.5,0.0,5,0.4,48.5,64.7,28.3,55.0,57.9,85.1,100.0,Low_Activity
EVT_01821,3,45.8,25.6,2,18.39,2324.2,0.0,15,10.6,55.4,52.2,28.9,60.6,35.7,91.5,100.0,Low_Activity
EVT_01822,11,49.0,33.8,6,8.53,2524.2,0.0,13,1.3,40.6,54.1,17.2,65.4,55.9,95.4,80.0,Free_Flow
EVT_01823,24,6.8,64.8,4,20.22,1108.2,0.0,74,2.9,10.0,49.2,28.4,52.6,34.4,67.3,95.9,Incident
EVT_01824,14,28.9,25.1,0,22.85,802.7,10.5,22,61.9,139.5,50.7,25.6,74.3,32.3,74.5,61.7,Free_Flow
EVT_01825,31,21.5,33.3,13,13.18,2296.0,0.0,82,7.1,473.6,56.4,34.9,53.7,78.8,78.1,73.4,Pedestrian_Event
EVT_01826,36,45.4,31.8,28,12.83,2408.0,0.73,24,55.7,83.3,66.8,23.3,74.2,72.0,83.4,76.2,Pedestrian_Event
EVT_01827,10,39.6,10.1,1,5.24,1520.2,0.0,0,3.0,238.2,52.2,21.4,68.4,17.7,83.8,68.7,Low_Activity
EVT_01828,17,30.8,28.7,4,18.78,2541.2,0.53,17,48.7,69.1,50.5,28.0,68.6,34.3,93.9,86.6,Free_Flow
EVT_01829,15,19.4,55.1,8,11.13,1998.4,2.73,29,53.9,125.4,50.8,27.3,65.7,100.0,73.6,81.4,Incident
EVT_01830,21,57.4,5.4,13,18.74,2612.9,0.0,11,2.8,161.3,62.0,30.1,54.5,36.2,94.0,91.5,Free_Flow
EVT_01831,39,34.9,48.7,11,6.08,614.6,1.69,22,46.6,35.5,59.4,25.3,63.8,19.9,83.3,74.8,Pedestrian_Event
EVT_01832,17,33.5,57.6,17,18.14,1842.9,0.69,0,35.0,368.3,48.0,26.7,66.9,46.3,86.1,72.9,Free_Flow
EVT_01833,7,40.6,15.6,1,3.93,1151.3,3.33,28,46.8,298.7,47.5,21.2,70.9,32.3,75.5,83.7,Low_Activity
EVT_01834,19,47.3,30.2,3,22.22,703.5,0.0,27,9.2,401.5,57.6,22.7,70.3,10.8,87.1,85.0,Free_Flow
EVT_01835,43,8.0,60.9,8,11.63,1728.9,0.0,43,6.5,414.3,62.3,34.1,63.5,69.4,69.7,76.5,Heavy_Traffic
EVT_01836,13,44.8,40.5,22,13.05,2035.4,0.0,59,1.2,179.6,52.5,34.4,54.0,92.1,76.7,88.9,Pedestrian_Event
EVT_01837,6,41.8,3.1,1,23.32,784.4,4.99,16,42.5,91.4,50.7,23.3,66.5,40.9,85.8,75.0,Low_Activity
EVT_01838,24,2.4,87.3,3,8.71,1129.6,13.46,49,63.8,52.7,63.4,25.5,77.6,66.9,92.3,72.5,Heavy_Traffic
EVT_01839,22,29.2,67.8,14,7.26,2352.5,0.0,41,0.8,53.5,49.8,16.7,77.6,36.3,84.1,96.0,Pedestrian_Event
EVT_01840,36,25.3,71.1,2,20.96,1005.0,0.0,71,8.8,43.6,46.6,21.0,73.2,27.2,84.0,71.1,Heavy_Traffic
EVT_01841,21,11.7,67.3,4,8.4,1716.2,0.0,57,3.0,39.7,54.8,25.8,59.4,65.3,97.3,100.0,Heavy_Traffic
EVT_01842,38,2.5,89.2,9,16.87,1862.0,0.0,47,1.9,67.7,47.4,26.5,58.5,48.8,87.2,100.0,Heavy_Traffic
EVT_01843,42,23.6,41.7,5,5.21,1056.8,8.14,56,45.6,3.0,71.0,20.9,83.4,26.6,76.7,71.9,Incident
EVT_01844,16,4.1,26.7,7,6.81,1877.8,0.0,65,1.8,3.6,54.5,23.5,48.0,35.7,74.5,95.0,Incident
EVT_01845,14,18.0,64.4,8,8.77,2147.2,0.0,117,2.0,169.0,55.9,26.6,54.0,61.0,82.8,90.9,Heavy_Traffic
EVT_01846,13,43.5,38.0,6,9.43,1556.6,9.29,28,83.4,397.1,62.8,21.4,86.4,71.8,75.8,69.3,Free_Flow
EVT_01847,2,37.6,16.3,6,9.06,2027.5,0.0,33,3.7,51.9,48.7,25.0,64.5,63.1,85.2,85.0,Low_Activity
EVT_01848,29,0.0,70.1,5,16.97,2264.4,0.0,62,7.9,95.7,48.7,33.3,65.9,39.8,87.2,96.3,Heavy_Traffic
EVT_01849,18,22.8,79.7,9,8.37,2324.1,0.0,75,2.4,240.4,48.9,27.5,60.0,65.5,97.1,71.6,Heavy_Traffic
EVT_01850,27,51.1,33.8,3,7.94,1777.6,2.59,0,46.8,60.0,65.4,22.9,68.4,35.6,93.9,77.6,Free_Flow
EVT_01851,47,21.2,60.0,6,16.17,2020.0,0.92,129,60.6,40.0,72.8,28.6,74.3,71.8,96.3,93.6,Incident
EVT_01852,32,11.0,49.3,4,16.27,2660.7,1.88,40,51.6,55.5,61.3,28.1,62.8,62.3,94.8,82.1,Pedestrian_Event
EVT_01853,0,42.0,27.8,2,14.14,1820.3,2.93,25,57.2,110.6,51.1,31.0,72.9,75.0,75.9,76.3,Free_Flow
EVT_01854,6,38.6,0.2,2,1.38,1185.5,0.0,17,12.4,201.1,48.7,19.4,75.6,41.8,78.0,81.6,Low_Activity
EVT_01855,23,29.8,31.8,4,5.44,1125.7,0.0,32,7.4,420.6,56.0,23.0,64.4,3.5,80.7,61.9,Free_Flow
EVT_01856,7,40.6,14.8,7,10.14,2747.0,0.0,47,35.8,149.3,56.3,34.9,72.1,73.3,86.2,100.0,Free_Flow
EVT_01857,35,25.6,68.2,8,7.36,2285.8,0.0,32,19.8,89.6,60.2,22.8,59.9,42.5,96.6,82.2,Heavy_Traffic
EVT_01858,19,21.5,40.8,2,22.61,941.8,3.95,13,44.1,127.9,62.3,22.7,50.0,31.1,88.9,74.3,Free_Flow
EVT_01859,16,20.0,28.6,16,18.11,2187.1,0.0,51,8.8,55.4,46.8,32.5,58.4,41.2,84.3,85.2,Pedestrian_Event
EVT_01860,9,64.1,18.0,1,22.31,1360.0,0.0,29,0.8,71.0,57.8,22.8,58.2,29.4,94.7,100.0,Low_Activity
EVT_01861,28,7.0,57.0,3,10.51,1794.0,0.0,16,2.5,124.8,52.8,23.6,68.3,76.9,79.9,95.3,Heavy_Traffic
EVT_01862,17,18.1,55.5,26,18.46,1840.6,1.27,0,28.6,338.2,56.7,33.1,61.6,11.3,76.1,100.0,Pedestrian_Event
EVT_01863,20,37.2,34.6,16,15.33,2442.9,0.0,26,1.8,35.5,56.0,33.0,57.3,76.0,75.3,100.0,Free_Flow
EVT_01864,4,39.9,24.4,1,22.49,868.3,0.0,1,12.9,302.2,49.4,23.7,73.3,23.2,82.1,91.0,Free_Flow
EVT_01865,2,61.1,12.9,2,10.74,2717.1,0.72,4,34.5,137.7,51.4,27.2,75.1,67.6,79.5,89.0,Low_Activity
EVT_01866,17,28.9,53.3,6,13.56,2303.1,0.0,23,24.9,64.7,55.9,24.1,61.1,59.1,83.3,83.1,Free_Flow
EVT_01867,30,13.0,45.9,1,1.56,1022.5,0.0,62,10.2,86.9,49.7,22.5,52.7,17.5,85.7,79.7,Incident
EVT_01868,25,21.9,19.8,18,14.23,2186.4,0.0,63,11.3,172.5,62.9,33.3,57.4,78.7,93.2,90.5,Pedestrian_Event
EVT_01869,30,12.6,75.5,6,7.06,2203.3,0.0,98,1.4,93.5,47.4,22.5,55.4,73.5,78.5,77.6,Heavy_Traffic
EVT_01870,23,41.6,41.7,11,16.1,2069.0,0.0,50,2.1,51.8,56.4,34.7,39.1,62.7,91.9,77.9,Pedestrian_Event
EVT_01871,37,18.6,76.8,10,20.07,490.6,0.0,66,8.2,113.5,53.5,29.9,57.9,37.6,93.8,77.4,Heavy_Traffic
EVT_01872,26,0.0,69.2,4,6.6,1847.5,6.95,14,58.9,36.9,59.0,19.7,71.3,29.9,89.4,75.6,Incident
EVT_01873,31,26.2,77.7,3,18.67,1633.0,2.6,61,36.4,178.3,64.2,30.0,45.8,26.0,91.7,85.8,Heavy_Traffic
EVT_01874,5,16.1,8.0,1,3.91,1082.3,0.0,4,2.7,406.0,42.9,25.1,59.6,1.1,87.3,79.3,Low_Activity
EVT_01875,6,54.8,7.7,0,1.81,1257.4,1.09,15,40.0,137.7,53.3,21.8,61.6,15.7,86.6,62.8,Low_Activity
EVT_01876,3,12.4,82.2,5,13.12,1821.7,4.06,0,29.2,43.3,59.9,31.2,78.8,69.4,85.6,82.1,Incident
EVT_01877,22,22.7,16.9,12,14.69,2270.3,0.0,38,20.5,351.6,55.8,33.7,64.7,66.1,78.8,95.9,Pedestrian_Event
EVT_01878,44,21.9,29.9,17,13.55,2006.0,0.0,33,5.6,475.7,54.0,33.1,58.7,73.1,83.5,88.7,Pedestrian_Event
EVT_01879,30,24.1,70.3,6,17.29,2239.7,0.0,45,4.5,214.5,61.8,34.6,75.9,49.1,86.9,99.8,Heavy_Traffic
EVT_01880,22,6.5,61.7,10,19.56,948.1,0.0,27,5.2,74.4,54.6,23.8,63.4,28.7,84.6,92.0,Incident
EVT_01881,31,13.4,48.0,11,16.4,2110.5,0.0,57,20.0,4.6,54.7,24.0,67.2,62.4,80.9,80.2,Incident
EVT_01882,36,14.7,82.5,9,6.97,2374.5,0.0,59,5.3,107.3,59.8,21.8,75.1,40.0,93.4,82.1,Heavy_Traffic
EVT_01883,3,35.3,50.1,7,5.81,1063.5,0.54,43,26.5,57.8,54.0,23.1,63.4,29.3,94.6,82.9,Pedestrian_Event
EVT_01884,45,14.0,73.7,4,9.86,2151.4,0.0,34,1.6,61.1,60.8,32.7,54.3,82.3,83.9,88.1,Heavy_Traffic
EVT_01885,25,14.1,69.3,7,19.67,554.0,0.18,30,46.6,69.1,59.3,30.4,80.7,22.2,94.3,73.0,Heavy_Traffic
EVT_01886,23,35.6,28.0,35,16.62,2006.6,0.49,65,47.7,102.9,65.8,29.6,72.6,55.7,81.2,78.2,Pedestrian_Event
EVT_01887,44,15.1,73.1,5,9.42,1753.9,8.48,0,68.2,197.6,77.1,26.2,100.0,67.3,85.2,72.5,Heavy_Traffic
EVT_01888,0,10.6,41.6,31,7.23,2618.2,0.0,32,4.6,219.2,56.1,23.6,62.1,49.5,87.4,93.7,Pedestrian_Event
EVT_01889,21,13.5,37.3,22,9.06,2009.7,1.98,11,25.0,115.9,63.7,23.3,74.3,60.1,87.5,78.6,Pedestrian_Event
EVT_01890,13,18.7,27.3,17,14.73,2576.1,0.0,36,2.7,415.6,44.7,29.9,53.8,76.7,88.3,81.8,Pedestrian_Event
EVT_01891,21,63.3,62.5,3,20.75,1251.3,0.59,50,46.7,139.9,52.5,30.3,66.2,25.6,86.0,87.0,Free_Flow
EVT_01892,36,27.3,39.8,24,7.85,2328.2,0.0,39,0.3,35.3,67.8,23.6,65.4,45.1,95.5,83.3,Pedestrian_Event
EVT_01893,48,8.6,22.0,2,5.84,1161.7,0.82,64,65.7,460.5,63.2,27.1,72.5,17.3,74.7,71.4,Free_Flow
EVT_01894,25,20.7,41.2,24,7.5,1928.0,0.0,14,4.2,39.8,56.8,24.6,62.2,44.9,86.4,92.2,Pedestrian_Event
EVT_01895,5,58.9,8.4,1,23.91,1057.9,0.0,34,14.3,86.2,61.6,20.0,66.1,22.1,80.9,92.8,Low_Activity
EVT_01896,17,85.5,30.2,1,3.67,1059.8,5.17,14,42.6,197.0,66.6,18.1,68.7,25.1,85.9,60.8,Low_Activity
EVT_01897,11,49.0,35.7,1,8.94,2021.2,0.0,38,11.6,69.1,58.2,25.1,68.2,68.4,92.4,95.1,Free_Flow
EVT_01898,4,32.2,10.6,0,3.43,1120.8,0.0,8,9.2,45.8,42.9,24.4,63.7,23.5,87.4,89.3,Low_Activity
EVT_01899,19,26.3,25.0,2,13.39,2025.1,0.0,17,29.4,154.5,50.3,33.4,58.4,53.1,90.8,78.5,Free_Flow
EVT_01900,23,41.5,27.9,7,18.89,1539.9,5.96,18,37.6,56.9,60.6,27.0,85.8,18.0,81.3,76.8,Free_Flow
EVT_01901,29,7.0,33.7,8,11.82,1951.5,3.31,93,29.5,14.5,51.0,22.6,75.0,76.0,80.6,95.6,Incident
EVT_01902,0,21.4,52.1,12,10.02,1963.8,0.0,29,11.4,93.0,50.0,26.2,63.4,74.2,82.1,100.0,Pedestrian_Event
EVT_01903,4,43.8,12.2,3,14.17,2225.3,0.0,11,5.5,297.3,54.4,31.1,57.1,61.4,77.8,96.9,Low_Activity
EVT_01904,43,7.1,98.2,6,18.58,1244.2,10.09,107,64.1,195.1,69.6,22.9,72.2,33.9,85.8,93.1,Heavy_Traffic
EVT_01905,39,0.0,57.6,7,9.5,1689.4,2.32,34,36.0,168.1,60.8,27.9,76.5,79.5,92.0,77.9,Heavy_Traffic
EVT_01906,22,26.7,47.2,10,6.4,2140.2,0.0,99,15.5,100.9,45.9,17.8,62.3,40.5,83.0,93.4,Pedestrian_Event
EVT_01907,30,19.1,69.2,4,19.38,656.6,9.81,31,51.3,7.1,57.6,26.4,74.8,27.3,94.4,64.3,Incident
EVT_01908,15,48.4,33.0,4,5.02,1239.3,0.0,0,0.3,148.0,62.9,25.5,71.5,17.3,80.5,84.7,Free_Flow
EVT_01909,37,20.3,59.9,3,7.71,1597.7,1.24,97,28.5,151.7,59.7,23.2,52.9,49.1,84.5,86.8,Heavy_Traffic
EVT_01910,5,69.2,2.6,1,22.73,906.6,4.4,10,39.3,201.1,63.3,18.6,72.3,10.2,95.7,54.8,Low_Activity
EVT_01911,44,15.2,48.8,7,8.81,1823.1,0.0,36,10.8,10.1,70.0,27.0,58.4,51.1,85.0,97.8,Incident
EVT_01912,26,28.0,52.8,2,1.44,890.8,0.0,46,10.3,2.2,59.3,22.4,50.8,14.4,71.8,94.0,Free_Flow
EVT_01913,34,37.3,41.3,13,16.11,1600.9,8.6,47,55.5,206.3,72.2,34.8,78.5,45.1,79.5,72.8,Pedestrian_Event
EVT_01914,31,6.6,70.0,2,9.09,1910.0,0.0,78,17.6,98.8,63.7,22.1,75.7,59.8,85.1,93.2,Heavy_Traffic
EVT_01915,0,43.9,25.7,9,11.06,2464.6,0.0,13,1.2,133.2,44.3,31.4,71.4,77.2,88.3,92.5,Free_Flow
EVT_01916,14,27.3,34.9,11,16.01,1200.6,9.33,30,44.1,477.2,52.1,28.4,71.8,80.8,72.2,68.7,Pedestrian_Event
EVT_01917,22,11.8,69.6,6,16.71,2180.2,0.0,91,21.3,11.5,47.5,32.7,67.3,44.4,82.7,95.8,Incident
EVT_01918,24,18.9,73.4,5,8.54,2198.7,0.0,57,8.6,266.0,57.6,28.9,59.1,64.8,89.0,69.7,Heavy_Traffic
EVT_01919,0,20.1,42.5,19,19.5,1340.1,0.0,0,14.8,305.0,38.8,29.7,65.9,15.9,86.2,82.8,Pedestrian_Event
EVT_01920,30,67.0,46.4,4,17.94,2343.1,0.0,32,24.9,251.4,65.9,31.9,60.1,37.5,74.8,93.4,Free_Flow
EVT_01921,36,15.7,60.6,7,7.88,2477.0,0.0,29,8.3,114.9,57.0,25.2,62.6,67.6,93.8,83.7,Heavy_Traffic
EVT_01922,5,63.2,21.2,2,13.47,2615.4,0.0,5,11.7,308.6,54.2,30.6,69.0,98.9,74.3,100.0,Free_Flow
EVT_01923,6,22.6,11.7,2,23.27,1204.6,0.0,13,0.9,56.1,47.6,22.1,80.4,42.8,88.9,82.4,Low_Activity
EVT_01924,30,25.3,90.9,19,6.93,1745.2,0.21,22,15.5,195.2,63.3,21.2,70.6,49.4,87.3,78.8,Heavy_Traffic
EVT_01925,24,25.3,47.9,9,21.01,665.0,0.0,21,5.7,139.7,54.1,23.1,54.6,26.0,75.6,83.4,Pedestrian_Event
EVT_01926,37,25.5,76.8,2,20.82,601.5,0.18,67,38.0,62.5,73.2,26.7,72.1,21.9,87.2,69.9,Heavy_Traffic
EVT_01927,36,12.8,71.3,0,19.85,1654.0,0.0,33,8.5,201.3,53.8,27.1,72.7,14.7,85.1,100.0,Pedestrian_Event
EVT_01928,31,17.3,27.8,9,17.97,2236.9,1.59,23,31.6,204.5,47.5,27.7,58.2,32.9,98.7,70.4,Pedestrian_Event
EVT_01929,4,47.7,0.2,4,12.76,2772.2,0.0,5,0.5,215.6,53.2,27.6,64.5,74.7,90.9,91.5,Low_Activity
EVT_01930,4,36.1,15.9,0,22.72,1187.2,0.39,47,37.3,64.8,48.2,18.0,49.7,0.0,81.3,92.7,Low_Activity
EVT_01931,50,14.8,82.5,6,13.21,2104.7,2.59,41,46.3,45.6,65.5,33.2,57.9,77.8,80.7,91.1,Incident
EVT_01932,21,33.9,48.6,14,8.23,2189.6,6.01,24,63.7,186.5,58.0,24.1,73.9,59.1,78.0,90.9,Pedestrian_Event
EVT_01933,19,30.2,17.9,36,12.51,2400.9,0.0,40,30.8,131.7,58.6,31.0,59.2,69.4,95.2,95.9,Pedestrian_Event
EVT_01934,12,17.6,31.8,5,5.25,1448.5,0.0,82,4.0,11.0,53.5,22.3,72.7,13.9,86.4,85.4,Incident
EVT_01935,5,70.6,15.7,1,1.75,616.7,9.04,18,57.5,71.8,57.2,16.8,90.3,26.4,82.0,63.5,Low_Activity
EVT_01936,21,44.7,50.3,0,5.13,947.6,0.0,48,17.6,260.8,55.8,21.6,74.6,25.7,97.3,90.6,Free_Flow
EVT_01937,9,38.6,53.0,3,5.63,894.4,7.07,30,22.0,96.1,58.9,20.9,75.1,25.0,89.8,77.6,Free_Flow
EVT_01938,19,13.9,79.3,4,20.4,1099.7,0.17,65,45.3,440.8,47.3,26.0,71.0,33.4,97.1,90.3,Heavy_Traffic
EVT_01939,17,12.7,61.8,3,17.96,1008.5,11.74,35,85.2,183.5,58.7,31.3,77.7,29.3,70.6,64.7,Heavy_Traffic
EVT_01940,17,36.4,36.1,5,8.22,2320.3,0.0,6,0.3,92.1,51.0,27.4,60.5,55.3,90.2,85.7,Free_Flow
EVT_01941,20,0.0,51.4,6,18.24,2281.3,0.1,11,47.4,495.1,39.1,26.8,62.9,12.9,84.8,83.8,Heavy_Traffic
EVT_01942,22,20.9,44.3,9,9.34,2012.1,0.0,45,9.9,82.5,54.2,24.6,67.6,48.9,74.8,100.0,Heavy_Traffic
EVT_01943,1,32.2,7.9,3,8.28,2196.0,0.0,0,15.7,401.9,54.1,26.6,65.1,53.2,83.9,67.4,Low_Activity
EVT_01944,1,10.1,50.8,15,16.85,1764.8,9.2,43,71.3,70.0,52.8,25.6,89.1,44.0,87.9,70.3,Pedestrian_Event
EVT_01945,3,23.8,5.7,2,0.37,780.4,3.9,6,43.9,154.1,52.0,24.1,81.8,11.4,93.8,78.1,Low_Activity
EVT_01946,28,13.1,83.6,8,20.24,865.3,1.58,80,30.2,8.6,63.0,25.3,64.8,23.2,87.0,76.1,Incident
EVT_01947,41,21.5,63.9,11,17.98,2135.2,0.0,46,1.6,156.9,55.8,27.4,74.0,20.2,88.6,100.0,Heavy_Traffic
EVT_01948,11,52.1,34.2,1,13.87,2235.6,1.64,24,40.9,280.9,56.4,32.8,66.0,86.0,85.0,90.6,Free_Flow
EVT_01949,5,57.8,8.0,1,4.28,1194.4,0.0,10,27.7,47.9,44.9,25.5,83.0,20.5,91.4,72.6,Low_Activity
EVT_01950,32,19.8,72.6,18,19.3,983.8,0.0,98,40.6,456.4,43.2,31.3,67.1,0.2,90.5,89.3,Heavy_Traffic
EVT_01951,27,32.9,28.3,2,10.01,1501.1,12.54,24,73.9,142.7,63.0,29.8,79.0,78.5,79.0,77.9,Free_Flow
EVT_01952,29,9.7,41.7,2,6.18,717.7,0.0,41,7.1,6.1,48.6,20.4,63.7,33.2,82.9,82.5,Incident
EVT_01953,28,17.5,53.1,29,16.64,297.6,29.17,59,100.0,47.0,65.8,23.6,100.0,55.7,86.4,55.2,Pedestrian_Event
EVT_01954,15,13.6,77.8,5,17.13,1096.3,11.35,104,59.2,227.8,56.5,28.7,78.0,39.7,82.6,64.8,Heavy_Traffic
EVT_01955,11,50.9,19.4,6,9.53,2067.0,3.13,21,61.8,57.3,57.7,27.9,72.9,67.9,77.9,73.6,Low_Activity
EVT_01956,10,36.4,14.5,7,13.72,2147.0,0.0,1,0.2,377.6,44.5,30.9,55.5,84.2,93.2,88.9,Free_Flow
EVT_01957,36,28.1,48.5,7,18.11,2098.3,0.0,23,4.4,183.3,57.6,23.5,74.4,16.3,83.8,83.0,Heavy_Traffic
EVT_01958,14,69.1,36.4,4,19.71,602.5,0.0,35,3.0,99.5,47.0,25.7,62.2,36.5,100.0,89.2,Free_Flow
EVT_01959,13,23.2,41.5,3,7.81,2401.0,0.0,35,4.5,214.1,62.0,27.5,64.4,81.6,95.6,87.2,Free_Flow
EVT_01960,42,2.4,78.5,2,16.84,1987.7,1.52,20,60.6,408.1,55.6,28.6,79.0,46.0,81.0,87.1,Heavy_Traffic
EVT_01961,5,58.2,0.0,1,23.26,1631.4,0.0,14,17.8,88.1,54.5,22.0,73.1,12.8,83.0,68.6,Low_Activity
EVT_01962,14,53.6,24.2,2,23.2,1288.6,7.82,23,56.6,50.5,61.4,20.8,91.7,3.7,85.2,59.4,Free_Flow
EVT_01963,4,40.4,6.4,0,20.81,414.2,12.15,26,56.7,264.4,57.8,26.4,89.4,11.7,89.8,61.9,Low_Activity
EVT_01964,16,38.0,10.5,1,2.17,1035.1,3.47,19,37.4,118.7,56.4,26.0,68.7,31.3,76.5,83.4,Low_Activity
EVT_01965,26,16.9,86.0,7,7.58,2070.7,0.0,79,34.3,35.7,52.1,21.7,68.5,39.5,91.0,97.9,Heavy_Traffic
EVT_01966,23,8.1,82.4,5,8.74,1534.0,7.88,59,54.3,144.7,50.2,26.8,84.8,65.5,85.3,75.9,Heavy_Traffic
EVT_01967,10,67.2,36.5,1,5.03,917.5,0.0,30,14.6,59.0,42.9,23.4,71.9,20.5,93.2,77.5,Free_Flow
EVT_01968,3,37.8,3.7,0,4.58,1323.7,0.0,6,28.1,387.2,50.0,22.8,65.5,20.4,82.6,79.1,Low_Activity
EVT_01969,17,48.2,50.1,2,21.26,681.5,5.95,43,60.5,113.0,62.2,29.5,72.4,42.0,86.4,86.4,Free_Flow
EVT_01970,19,18.6,49.8,11,18.04,1806.2,0.0,98,21.9,11.0,47.5,37.4,50.2,16.4,88.4,92.4,Incident
EVT_01971,21,54.0,19.8,3,22.92,1410.1,0.0,27,7.9,386.7,53.8,17.3,85.7,20.4,82.7,77.1,Free_Flow
EVT_01972,43,21.4,37.0,14,10.24,2495.8,0.0,39,2.1,173.6,67.5,23.2,57.3,76.3,96.3,83.5,Pedestrian_Event
EVT_01973,35,12.2,33.8,4,1.81,840.6,0.0,17,11.4,57.4,66.4,24.4,59.6,22.7,71.6,89.4,Incident
EVT_01974,20,14.6,61.3,0,16.85,1528.5,0.0,62,6.3,97.7,43.2,36.6,67.7,63.5,86.7,84.6,Heavy_Traffic
EVT_01975,22,17.4,71.6,5,7.44,2341.3,0.0,41,3.9,116.2,55.6,23.5,65.8,45.6,76.3,94.2,Heavy_Traffic
EVT_01976,23,16.8,39.2,15,9.88,1480.1,11.73,61,66.0,148.2,59.9,27.7,76.9,53.1,75.5,80.9,Pedestrian_Event
EVT_01977,33,4.0,100.0,4,5.8,853.7,0.11,22,35.0,38.7,58.0,27.2,70.5,17.1,81.4,85.6,Heavy_Traffic
EVT_01978,4,42.4,17.8,1,22.78,1057.5,0.0,0,2.0,65.4,48.2,24.4,63.9,20.3,85.6,70.8,Low_Activity
EVT_01979,33,12.8,95.9,7,11.62,2073.4,0.0,53,10.7,66.2,57.4,24.2,76.4,68.7,90.1,96.7,Incident
EVT_01980,37,38.7,29.8,1,21.93,644.1,9.4,31,89.2,171.3,66.7,29.5,82.4,18.7,92.0,61.3,Free_Flow
EVT_01981,23,50.3,21.7,3,21.57,866.6,0.0,24,4.6,109.2,53.3,25.1,46.5,9.7,97.8,85.2,Free_Flow
EVT_01982,33,38.1,52.5,2,10.79,2005.9,0.0,9,2.6,48.9,53.1,29.7,62.1,86.5,82.3,98.6,Free_Flow
EVT_01983,55,2.7,61.6,3,9.11,2286.3,0.0,39,3.7,160.2,68.5,23.7,57.8,75.6,71.3,97.0,Heavy_Traffic
EVT_01984,17,48.7,5.1,2,9.57,1561.2,3.02,7,45.4,40.1,56.2,25.6,79.5,67.3,74.3,77.7,Free_Flow
EVT_01985,13,43.0,24.6,10,10.46,2069.0,0.0,10,2.9,121.6,56.5,24.9,52.7,64.7,89.1,90.5,Free_Flow
EVT_01986,28,38.5,70.0,4,6.8,2291.3,1.83,72,40.3,35.7,64.6,26.3,71.4,46.9,94.4,89.0,Heavy_Traffic
EVT_01987,29,48.9,26.7,2,18.84,2068.4,0.0,18,3.2,310.7,69.1,29.9,62.4,21.8,92.8,91.9,Free_Flow
EVT_01988,26,33.5,39.4,3,13.66,2002.2,2.0,0,34.2,100.2,58.9,33.4,57.1,68.3,90.0,83.1,Free_Flow
EVT_01989,32,27.4,43.9,7,9.21,1559.4,2.33,60,51.9,148.8,63.4,22.9,67.7,67.2,71.5,78.3,Heavy_Traffic
EVT_01990,35,12.0,56.0,8,18.59,2056.3,0.48,38,43.2,242.9,58.1,25.2,57.5,54.5,90.1,90.0,Heavy_Traffic
EVT_01991,26,18.5,46.0,9,17.84,2173.8,0.0,36,7.0,55.5,49.5,33.5,57.1,38.0,88.2,87.7,Heavy_Traffic
EVT_01992,28,26.2,52.4,8,8.05,1743.3,0.0,46,26.4,41.4,59.9,22.8,70.8,56.1,72.8,87.0,Heavy_Traffic
EVT_01993,33,76.0,56.0,7,17.01,1472.0,6.56,9,33.9,380.4,68.6,32.6,65.7,52.1,88.1,81.6,Free_Flow
EVT_01994,30,45.9,30.4,7,7.47,2003.1,0.0,7,6.2,313.8,64.4,29.1,55.1,47.1,86.0,90.1,Free_Flow
EVT_01995,19,27.0,28.0,36,19.82,802.2,0.19,29,20.2,423.2,49.6,29.2,64.0,17.2,82.3,78.7,Pedestrian_Event
EVT_01996,20,0.7,52.1,15,8.84,2504.4,0.0,47,3.0,3.1,54.1,23.4,76.4,67.4,83.9,88.9,Heavy_Traffic
EVT_01997,41,3.9,69.2,13,11.02,2163.3,0.0,40,17.8,40.5,47.6,34.7,63.8,61.3,83.6,95.8,Incident
EVT_01998,6,8.8,57.4,3,4.17,788.7,4.76,67,35.8,2.8,51.0,16.7,78.9,5.6,84.4,84.5,Incident
EVT_01999,26,38.2,32.8,8,9.6,2021.2,0.0,71,3.4,58.5,54.8,31.2,66.0,60.0,82.4,84.2,Heavy_Traffic
EVT_02000,19,61.3,29.1,6,11.29,2705.0,0.0,20,17.9,202.9,50.1,25.2,72.0,77.6,92.4,87.8,Free_Flow
