event_id,road_occupancy_pct,pedestrian_count,vehicle_count,avg_vehicle_speed_kmph,signal_wait_time_s,time_of_day_hr,noise_level_db,ambient_temperature_c,camera_exposure_score,humidity_pct,label
EVT_00001,51.7,8,27,13.0,49,10.53,53.0,32.0,72.4,60.7,Free_Flow
EVT_00002,36.9,9,39,14.3,56,17.87,62.1,30.4,20.1,72.5,Incident
EVT_00003,39.9,1,18,49.1,32,7.12,53.9,18.3,48.3,70.0,Free_Flow
EVT_00004,30.5,6,21,12.8,48,15.94,46.3,26.8,64.9,53.7,Incident
EVT_00005,20.9,10,21,23.1,56,17.21,58.9,31.8,32.0,70.9,Incident
EVT_00006,72.0,6,57,40.1,64,8.21,64.8,18.6,56.0,71.4,Heavy_Traffic
EVT_00007,13.4,1,4,26.5,8,23.24,56.5,18.5,38.2,60.5,Low_Activity
EVT_00008,45.7,34,21,24.2,44,9.14,44.6,26.0,53.1,55.7,Pedestrian_Event
EVT_00009,76.1,2,37,20.6,56,3.15,52.3,15.5,23.5,63.3,Incident
EVT_00010,29.8,14,13,34.4,3,14.82,51.9,32.3,76.4,55.0,Free_Flow
EVT_00011,30.3,11,38,30.2,66,19.62,62.8,31.1,7.8,63.0,Pedestrian_Event
EVT_00012,57.3,2,22,17.5,48,3.23,57.2,26.4,24.8,71.4,Incident
EVT_00013,66.5,28,33,33.2,11,12.02,56.8,27.2,88.9,85.7,Pedestrian_Event
EVT_00014,46.8,36,24,26.8,1,12.09,59.1,24.6,86.0,75.2,Pedestrian_Event
EVT_00015,80.5,11,33,20.6,54,18.2,66.5,28.1,45.9,62.2,Heavy_Traffic
EVT_00016,76.2,5,30,20.9,55,18.98,62.3,27.2,17.4,68.2,Heavy_Traffic
EVT_00017,50.8,3,38,27.2,72,5.73,60.5,23.4,3.2,68.2,Incident
EVT_00018,0.0,0,13,22.2,34,23.38,50.6,21.8,26.8,69.3,Low_Activity
EVT_00019,47.0,13,19,17.2,55,13.31,55.7,29.8,76.7,69.8,Free_Flow
EVT_00020,17.3,1,6,51.2,28,23.32,49.7,23.3,37.2,66.6,Low_Activity
EVT_00021,9.9,5,0,35.3,30,9.31,50.8,28.3,90.4,63.4,Free_Flow
EVT_00022,13.5,1,2,54.2,3,23.2,56.2,22.1,0.0,69.8,Low_Activity
EVT_00023,34.1,4,30,30.6,14,18.55,59.8,23.3,20.1,68.6,Free_Flow
EVT_00024,12.3,1,6,39.4,8,5.67,37.6,30.5,1.1,56.5,Low_Activity
EVT_00025,26.8,10,33,45.9,10,6.57,67.3,21.6,35.1,51.5,Free_Flow
EVT_00026,14.5,4,19,34.8,19,11.02,62.1,31.8,74.7,64.4,Free_Flow
EVT_00027,8.5,12,12,17.4,24,14.2,56.6,30.5,75.1,51.3,Pedestrian_Event
EVT_00028,48.4,7,35,15.8,99,9.34,62.5,22.6,73.2,55.0,Heavy_Traffic
EVT_00029,16.1,2,0,72.9,33,0.98,54.2,22.7,27.0,80.1,Free_Flow
EVT_00030,66.2,11,38,25.8,61,7.78,62.1,21.5,37.6,82.1,Heavy_Traffic
EVT_00031,35.3,7,10,32.1,24,16.02,48.8,32.4,62.3,55.5,Free_Flow
EVT_00032,46.2,4,17,42.2,45,20.89,54.0,25.4,24.0,68.0,Free_Flow
EVT_00033,46.9,4,21,29.7,55,13.48,48.2,30.9,71.8,60.2,Pedestrian_Event
EVT_00034,64.5,22,35,10.1,45,7.19,69.2,17.3,36.3,100.0,Heavy_Traffic
EVT_00035,67.0,8,33,7.3,97,8.31,55.4,22.1,51.4,66.5,Heavy_Traffic
EVT_00036,39.8,29,27,11.9,59,13.01,63.9,31.2,84.2,85.1,Pedestrian_Event
EVT_00037,76.7,8,11,9.9,43,17.8,54.5,30.2,35.9,58.0,Incident
EVT_00038,65.2,10,7,17.0,47,11.07,55.6,28.4,88.7,72.8,Incident
EVT_00039,58.7,5,21,28.1,69,8.94,59.9,27.1,60.5,56.4,Heavy_Traffic
EVT_00040,77.7,12,46,13.0,126,12.39,69.7,30.7,83.3,66.7,Heavy_Traffic
EVT_00041,48.5,1,42,15.3,34,20.65,56.9,26.7,15.5,62.5,Incident
EVT_00042,82.4,7,46,25.6,100,9.53,62.9,24.2,70.9,83.1,Heavy_Traffic
EVT_00043,29.8,3,15,63.5,38,5.98,53.5,27.9,4.9,42.7,Free_Flow
EVT_00044,24.0,6,25,47.0,18,8.26,53.7,22.0,77.0,84.2,Free_Flow
EVT_00045,46.9,3,39,18.7,51,17.0,69.3,28.3,58.9,90.9,Heavy_Traffic
EVT_00046,31.9,15,25,24.9,28,10.28,67.6,28.8,70.2,67.7,Pedestrian_Event
EVT_00047,36.1,3,17,58.2,28,7.13,54.4,19.6,43.9,56.1,Free_Flow
EVT_00048,39.8,8,36,12.8,107,20.32,65.6,28.4,19.5,73.0,Heavy_Traffic
EVT_00049,37.9,32,38,30.0,0,19.63,64.7,28.8,19.7,50.1,Pedestrian_Event
EVT_00050,18.9,5,12,31.3,8,19.34,36.7,24.3,12.6,69.9,Free_Flow
EVT_00051,11.5,2,13,43.8,19,14.63,44.8,27.8,75.7,69.5,Free_Flow
EVT_00052,73.3,24,15,14.6,27,16.15,51.2,30.4,44.0,64.6,Pedestrian_Event
EVT_00053,35.7,24,3,35.5,19,15.08,56.2,34.8,78.2,46.8,Pedestrian_Event
EVT_00054,46.3,4,40,0.0,25,13.1,66.0,29.0,60.2,65.9,Incident
EVT_00055,0.0,2,5,79.4,24,9.25,55.6,25.6,71.8,60.6,Low_Activity
EVT_00056,69.4,6,25,4.4,99,9.35,55.4,34.4,65.0,73.2,Heavy_Traffic
EVT_00057,30.9,13,25,34.8,51,12.85,62.4,24.7,65.7,68.3,Pedestrian_Event
EVT_00058,48.9,22,39,30.9,49,20.32,55.9,22.3,22.0,66.7,Pedestrian_Event
EVT_00059,40.8,2,11,11.2,52,1.68,38.7,21.5,34.4,59.6,Incident
EVT_00060,45.3,10,27,31.6,19,20.54,59.4,23.0,17.1,85.2,Pedestrian_Event
EVT_00061,32.9,18,5,18.0,14,11.51,45.0,32.0,79.5,65.3,Pedestrian_Event
EVT_00062,48.0,1,6,16.2,0,5.65,44.7,19.4,4.3,66.2,Incident
EVT_00063,50.5,4,38,28.5,74,18.07,64.5,27.0,30.5,79.8,Heavy_Traffic
EVT_00064,83.0,7,36,23.6,60,15.99,65.3,25.3,60.1,70.3,Heavy_Traffic
EVT_00065,48.8,14,24,25.9,31,6.91,56.0,24.1,39.0,57.8,Incident
EVT_00066,33.5,5,22,3.2,74,8.08,45.0,20.0,41.3,63.2,Incident
EVT_00067,34.2,2,32,37.5,23,5.5,66.0,23.8,12.7,66.8,Free_Flow
EVT_00068,1.5,1,4,52.9,8,4.03,49.6,18.1,26.9,82.3,Low_Activity
EVT_00069,41.5,7,16,27.7,25,17.83,62.4,23.7,45.6,97.2,Free_Flow
EVT_00070,61.6,5,35,19.7,72,19.74,53.9,21.3,20.0,68.6,Heavy_Traffic
EVT_00071,37.0,7,22,54.3,10,10.31,62.2,28.0,80.3,52.3,Free_Flow
EVT_00072,66.5,3,21,1.2,52,17.54,54.6,28.0,52.1,59.6,Heavy_Traffic
EVT_00073,78.6,9,31,19.4,48,9.83,47.7,28.1,74.6,56.4,Heavy_Traffic
EVT_00074,58.0,5,30,8.9,47,17.95,52.3,31.7,2.9,64.1,Heavy_Traffic
EVT_00075,32.8,4,20,12.9,59,6.15,47.4,26.7,47.0,52.2,Pedestrian_Event
EVT_00076,28.8,39,13,15.1,43,10.13,44.7,24.6,63.3,74.3,Pedestrian_Event
EVT_00077,29.9,1,21,46.6,4,21.37,57.0,27.1,13.8,62.9,Free_Flow
EVT_00078,33.9,7,20,50.0,27,14.53,50.3,35.3,61.3,57.3,Free_Flow
EVT_00079,8.2,4,7,49.1,23,22.39,47.2,20.7,25.5,72.3,Free_Flow
EVT_00080,45.0,2,28,8.6,55,22.01,44.5,24.6,19.6,58.4,Heavy_Traffic
EVT_00081,23.1,4,16,38.9,24,5.47,55.4,19.9,8.5,78.3,Free_Flow
EVT_00082,33.7,4,18,45.2,24,13.29,53.5,32.4,81.3,67.9,Free_Flow
EVT_00083,17.9,0,5,45.0,15,2.74,44.6,18.0,9.6,62.6,Low_Activity
EVT_00084,15.8,13,8,40.0,30,7.11,49.0,22.9,22.3,73.1,Free_Flow
EVT_00085,72.3,5,32,13.9,60,18.07,56.9,27.6,34.3,49.3,Heavy_Traffic
EVT_00086,5.6,2,4,64.0,26,2.89,55.8,23.6,23.7,59.6,Low_Activity
EVT_00087,13.0,1,3,59.6,0,22.61,57.1,25.3,27.7,66.4,Free_Flow
EVT_00088,24.7,0,38,35.1,0,6.28,61.2,28.4,45.4,71.2,Heavy_Traffic
EVT_00089,12.7,1,10,38.6,22,3.56,41.8,23.3,18.1,55.9,Low_Activity
EVT_00090,63.0,35,24,38.0,22,18.05,63.4,37.3,45.9,77.7,Pedestrian_Event
EVT_00091,31.5,9,21,36.1,0,8.66,48.3,26.4,48.8,59.7,Free_Flow
EVT_00092,36.0,0,4,26.6,31,13.39,64.4,22.9,92.0,75.1,Pedestrian_Event
EVT_00093,96.5,6,36,26.6,34,17.57,51.8,27.0,51.2,64.9,Heavy_Traffic
EVT_00094,33.5,17,29,35.0,53,18.75,56.7,29.4,17.0,68.2,Pedestrian_Event
EVT_00095,13.7,0,9,32.8,14,23.23,47.8,20.6,11.6,71.9,Low_Activity
EVT_00096,10.3,0,15,54.2,12,3.6,51.3,22.4,21.6,67.4,Low_Activity
EVT_00097,24.9,4,23,41.9,15,12.53,63.8,27.6,91.1,60.2,Free_Flow
EVT_00098,11.4,2,3,48.3,28,9.11,57.4,25.5,71.2,72.6,Low_Activity
EVT_00099,57.2,6,15,24.5,23,15.95,62.5,25.0,69.5,68.2,Incident
EVT_00100,38.8,33,23,18.6,71,7.12,58.2,22.5,42.2,68.1,Pedestrian_Event
EVT_00101,18.9,5,22,43.0,7,20.16,54.5,24.4,13.6,64.6,Free_Flow
EVT_00102,44.8,2,20,17.0,89,8.53,56.1,24.5,77.4,66.0,Incident
EVT_00103,47.1,8,3,41.4,10,19.15,44.3,32.6,18.1,61.4,Free_Flow
EVT_00104,54.9,2,26,17.0,34,21.3,51.4,21.3,5.7,56.0,Incident
EVT_00105,80.8,3,26,3.1,32,8.19,52.7,19.2,68.2,70.9,Heavy_Traffic
EVT_00106,52.6,28,2,44.8,61,15.34,50.7,30.5,95.6,62.9,Pedestrian_Event
EVT_00107,65.2,20,36,17.6,84,17.44,54.9,30.8,20.9,73.4,Heavy_Traffic
EVT_00108,43.7,3,43,24.2,110,8.51,54.0,33.8,70.8,50.5,Heavy_Traffic
EVT_00109,56.4,6,41,22.6,67,8.39,71.4,24.2,54.9,73.2,Heavy_Traffic
EVT_00110,15.2,15,22,32.3,21,11.48,56.6,21.7,75.1,53.8,Pedestrian_Event
EVT_00111,72.1,2,31,10.9,62,21.32,51.6,29.0,15.5,61.4,Heavy_Traffic
EVT_00112,80.4,3,29,31.0,16,15.69,59.0,33.1,66.2,78.8,Incident
EVT_00113,21.4,0,5,56.7,10,4.31,46.7,21.1,41.5,71.0,Low_Activity
EVT_00114,30.6,10,25,43.4,24,9.7,56.0,27.7,73.8,74.6,Free_Flow
EVT_00115,10.6,1,22,34.6,0,2.32,52.9,16.4,32.0,72.9,Low_Activity
EVT_00116,45.3,5,19,17.7,48,15.75,47.7,29.9,55.2,56.7,Incident
EVT_00117,20.4,3,4,27.1,24,4.04,52.9,26.9,34.6,53.0,Low_Activity
EVT_00118,22.9,14,29,27.4,47,9.29,66.0,29.1,76.1,62.6,Pedestrian_Event
EVT_00119,51.2,13,28,20.7,44,15.55,54.8,32.7,63.3,66.1,Incident
EVT_00120,40.3,26,6,18.3,53,7.35,45.8,24.9,39.1,55.9,Pedestrian_Event
EVT_00121,51.7,15,42,20.5,50,20.07,53.3,27.6,18.7,52.6,Heavy_Traffic
EVT_00122,60.6,15,30,12.2,34,16.9,58.7,32.1,44.2,56.8,Incident
EVT_00123,5.2,1,1,51.1,24,22.8,45.9,20.5,21.2,63.4,Low_Activity
EVT_00124,5.9,1,1,13.7,5,0.54,52.4,17.5,23.1,73.1,Free_Flow
EVT_00125,10.6,1,6,55.7,11,23.02,56.2,22.2,28.6,68.6,Low_Activity
EVT_00126,0.0,1,3,29.8,22,14.29,48.1,32.3,81.1,60.7,Low_Activity
EVT_00127,4.6,0,0,49.2,13,2.9,49.4,15.3,13.6,56.5,Low_Activity
EVT_00128,51.6,4,24,19.6,37,22.5,48.8,18.7,27.8,60.8,Incident
EVT_00129,54.2,11,22,27.3,67,5.13,58.3,30.9,24.2,63.5,Pedestrian_Event
EVT_00130,9.4,4,4,62.1,3,21.54,53.7,20.3,25.4,62.2,Low_Activity
EVT_00131,2.3,1,9,42.1,13,1.79,49.3,19.6,27.0,83.7,Low_Activity
EVT_00132,58.4,6,17,23.6,7,7.02,65.4,23.2,24.5,68.3,Incident
EVT_00133,71.1,21,26,18.8,85,9.11,55.2,27.4,57.1,70.4,Heavy_Traffic
EVT_00134,71.3,7,43,23.8,115,9.43,61.9,27.7,57.9,77.9,Heavy_Traffic
EVT_00135,23.7,1,2,25.2,29,22.77,50.1,21.6,0.0,61.7,Free_Flow
EVT_00136,31.6,13,16,64.4,20,11.13,61.1,22.3,75.6,90.6,Free_Flow
EVT_00137,35.7,5,22,32.3,50,10.59,47.4,28.7,83.2,65.0,Incident
EVT_00138,32.7,7,12,50.2,0,9.6,61.0,24.2,68.8,58.2,Free_Flow
EVT_00139,72.8,3,33,15.3,81,9.18,60.2,27.2,74.5,62.1,Heavy_Traffic
EVT_00140,35.8,22,28,57.3,33,9.09,68.5,23.8,48.5,59.8,Pedestrian_Event
EVT_00141,51.6,19,14,24.0,32,14.26,51.7,27.1,55.7,65.5,Pedestrian_Event
EVT_00142,46.5,5,43,14.0,9,10.02,51.9,24.2,93.9,76.2,Free_Flow
EVT_00143,17.8,5,16,25.1,0,12.74,55.8,29.7,84.5,72.8,Free_Flow
EVT_00144,65.1,8,46,26.8,39,17.35,66.4,32.0,39.7,67.6,Heavy_Traffic
EVT_00145,20.9,3,39,53.5,0,14.2,64.2,30.0,62.4,63.3,Heavy_Traffic
EVT_00146,3.0,2,3,39.9,28,6.91,56.6,20.6,29.2,65.5,Low_Activity
EVT_00147,32.1,24,7,45.7,55,9.72,44.8,26.2,98.5,49.2,Pedestrian_Event
EVT_00148,56.6,4,32,15.0,60,9.86,61.5,22.4,64.3,52.7,Heavy_Traffic
EVT_00149,11.6,0,4,16.4,39,23.12,45.3,20.5,13.1,73.3,Low_Activity
EVT_00150,69.2,16,24,4.3,23,12.32,52.5,25.7,95.2,73.2,Heavy_Traffic
EVT_00151,44.5,29,14,12.2,47,18.44,58.3,28.4,33.2,58.3,Pedestrian_Event
EVT_00152,31.1,8,25,38.0,5,18.17,67.4,29.5,33.7,75.2,Free_Flow
EVT_00153,41.9,29,15,23.5,40,12.96,51.5,32.2,90.7,69.2,Free_Flow
EVT_00154,23.3,3,1,43.6,22,22.65,54.3,20.9,15.1,53.1,Low_Activity
EVT_00155,28.3,3,24,48.8,31,14.13,64.9,36.4,82.3,61.0,Free_Flow
EVT_00156,65.2,4,16,10.5,44,8.56,56.7,22.8,59.7,66.8,Incident
EVT_00157,77.6,2,28,12.8,60,1.61,50.8,25.4,25.0,71.8,Incident
EVT_00158,5.7,1,8,10.7,39,10.1,61.2,25.5,66.4,89.0,Low_Activity
EVT_00159,35.0,7,4,21.6,39,6.39,57.3,21.2,38.7,78.9,Free_Flow
EVT_00160,58.2,26,11,41.0,46,15.73,54.2,33.1,53.4,67.6,Pedestrian_Event
EVT_00161,18.9,0,5,39.0,17,22.61,42.2,25.1,24.3,82.4,Low_Activity
EVT_00162,56.1,7,54,8.6,42,10.33,72.1,23.5,68.0,97.2,Heavy_Traffic
EVT_00163,34.1,0,17,44.5,29,11.87,50.9,40.0,82.9,49.3,Free_Flow
EVT_00164,43.8,2,7,60.7,21,10.7,44.2,32.1,72.7,60.6,Free_Flow
EVT_00165,7.2,1,4,40.5,21,3.43,43.8,23.5,3.3,46.3,Low_Activity
EVT_00166,2.7,0,3,32.2,2,4.03,45.3,26.0,34.0,62.2,Low_Activity
EVT_00167,46.4,8,16,34.5,3,7.11,46.8,23.2,48.5,51.8,Heavy_Traffic
EVT_00168,5.9,1,1,45.5,40,1.85,48.2,21.5,31.9,71.1,Low_Activity
EVT_00169,9.4,1,10,52.3,17,23.74,40.9,20.6,31.9,59.2,Low_Activity
EVT_00170,3.6,0,6,57.8,24,3.51,53.7,25.4,23.2,69.8,Free_Flow
EVT_00171,66.3,6,24,21.8,70,7.06,64.3,24.3,50.7,72.8,Heavy_Traffic
EVT_00172,29.7,7,22,48.7,15,10.2,56.7,30.2,89.2,62.8,Free_Flow
EVT_00173,78.6,7,32,23.6,65,7.9,65.0,20.6,53.9,61.6,Heavy_Traffic
EVT_00174,24.2,0,12,36.9,13,1.23,50.9,21.6,9.6,67.0,Low_Activity
EVT_00175,74.2,11,17,14.6,96,17.17,56.4,27.4,63.4,52.6,Heavy_Traffic
EVT_00176,34.3,4,26,43.7,21,13.56,65.9,21.8,87.1,94.4,Free_Flow
EVT_00177,41.9,9,12,61.2,17,12.66,56.5,37.4,77.4,49.0,Free_Flow
EVT_00178,48.2,6,38,23.5,65,18.15,55.6,27.9,63.6,63.0,Heavy_Traffic
EVT_00179,62.6,8,31,22.7,18,19.53,57.2,30.0,0.0,46.4,Heavy_Traffic
EVT_00180,80.1,8,41,15.3,65,17.98,75.8,27.5,19.4,83.7,Heavy_Traffic
EVT_00181,25.8,14,7,3.7,10,15.52,40.2,27.2,69.3,83.1,Pedestrian_Event
EVT_00182,28.5,3,17,40.5,30,5.17,54.5,20.2,21.1,82.5,Free_Flow
EVT_00183,44.8,15,9,20.0,36,7.58,48.5,24.8,47.0,75.5,Pedestrian_Event
EVT_00184,14.5,6,29,12.2,41,4.73,45.6,24.9,23.6,74.8,Incident
EVT_00185,46.2,16,28,15.5,37,12.46,55.4,36.8,85.8,68.8,Pedestrian_Event
EVT_00186,52.9,7,12,22.4,69,15.93,44.5,34.7,55.7,36.4,Heavy_Traffic
EVT_00187,9.3,0,5,61.8,3,22.34,48.7,24.5,1.8,57.6,Low_Activity
EVT_00188,19.3,8,20,39.4,19,9.06,46.7,30.0,79.5,67.4,Free_Flow
EVT_00189,85.9,5,15,0.5,90,16.15,50.4,31.2,53.9,60.2,Heavy_Traffic
EVT_00190,46.2,2,24,36.6,12,21.02,57.0,28.4,9.3,71.5,Free_Flow
EVT_00191,10.9,0,1,61.6,23,22.94,53.2,22.5,28.7,64.2,Low_Activity
EVT_00192,24.6,3,14,43.1,9,10.43,54.6,23.4,73.0,59.3,Free_Flow
EVT_00193,21.5,3,18,61.4,13,21.38,49.6,26.1,12.3,54.8,Free_Flow
EVT_00194,3.4,0,3,90.0,21,3.96,58.1,21.1,35.5,78.8,Low_Activity
EVT_00195,28.1,3,7,25.8,31,7.69,48.0,26.0,41.6,57.2,Free_Flow
EVT_00196,35.6,7,17,39.0,11,18.38,64.6,25.4,38.0,87.5,Free_Flow
EVT_00197,40.8,5,31,56.8,27,16.05,66.3,27.8,37.3,76.5,Free_Flow
EVT_00198,43.9,6,30,33.3,108,7.64,54.4,25.2,50.7,82.3,Free_Flow
EVT_00199,11.8,2,4,43.3,0,23.69,48.7,29.3,25.8,53.8,Low_Activity
EVT_00200,33.5,1,26,45.6,40,6.18,55.2,25.3,29.7,64.2,Free_Flow
EVT_00201,14.5,1,4,57.3,23,7.58,51.1,23.1,62.3,72.5,Low_Activity
EVT_00202,42.5,9,53,6.1,24,16.67,64.9,34.9,52.3,44.9,Heavy_Traffic
EVT_00203,24.2,19,8,34.3,41,14.91,54.1,27.3,81.6,82.0,Pedestrian_Event
EVT_00204,13.3,2,6,65.4,0,3.44,56.2,20.0,18.5,62.2,Low_Activity
EVT_00205,75.2,5,23,8.8,81,8.11,54.7,19.9,52.6,74.1,Heavy_Traffic
EVT_00206,11.9,4,16,11.8,55,18.45,53.7,29.4,21.1,48.8,Incident
EVT_00207,45.6,3,44,16.2,76,7.22,62.6,24.7,34.3,53.7,Heavy_Traffic
EVT_00208,45.7,12,39,36.9,56,8.64,65.1,23.3,63.2,64.1,Pedestrian_Event
EVT_00209,15.9,1,13,51.8,15,10.24,59.0,27.1,76.1,53.9,Low_Activity
EVT_00210,64.7,10,42,20.2,57,17.37,64.9,38.8,50.2,65.6,Heavy_Traffic
EVT_00211,0.0,2,21,43.4,24,21.77,52.9,26.7,24.2,57.4,Low_Activity
EVT_00212,27.1,5,17,16.2,73,14.38,56.0,28.2,70.7,79.7,Pedestrian_Event
EVT_00213,66.3,7,48,22.3,129,17.78,62.6,30.1,48.8,56.8,Heavy_Traffic
EVT_00214,14.3,11,13,56.6,28,16.13,46.6,26.2,57.0,56.2,Free_Flow
EVT_00215,11.2,1,2,70.7,25,23.74,52.9,26.7,16.9,65.2,Low_Activity
EVT_00216,31.4,3,28,56.4,18,18.82,56.8,30.4,7.3,56.3,Free_Flow
EVT_00217,67.9,2,31,20.9,14,0.89,46.8,24.6,15.7,83.0,Incident
EVT_00218,61.9,6,19,11.1,87,8.27,60.7,18.4,54.2,74.4,Heavy_Traffic
EVT_00219,60.3,6,22,26.6,74,20.67,64.9,25.0,20.3,81.6,Incident
EVT_00220,66.8,10,54,12.3,68,17.87,74.3,28.6,33.4,84.3,Heavy_Traffic
EVT_00221,22.3,3,18,49.8,31,10.34,59.7,21.6,83.3,56.0,Free_Flow
EVT_00222,48.3,3,3,19.6,83,1.59,44.9,22.4,17.8,66.8,Heavy_Traffic
EVT_00223,0.0,5,15,51.5,24,11.74,51.7,24.4,99.3,69.8,Free_Flow
EVT_00224,59.4,3,8,8.8,24,7.83,52.1,22.9,50.9,100.0,Incident
EVT_00225,29.1,1,3,56.7,12,23.03,56.3,20.1,6.8,73.2,Low_Activity
EVT_00226,48.0,36,12,27.1,49,12.25,57.2,25.7,70.1,64.1,Pedestrian_Event
EVT_00227,25.6,11,0,30.0,15,16.35,51.9,37.3,58.3,51.1,Pedestrian_Event
EVT_00228,24.0,5,14,34.0,17,6.69,60.2,18.5,52.9,90.1,Low_Activity
EVT_00229,40.8,4,15,28.0,33,13.53,56.9,31.0,56.3,51.0,Free_Flow
EVT_00230,10.4,3,4,25.1,24,7.37,54.6,21.1,63.9,85.8,Low_Activity
EVT_00231,54.9,6,54,19.5,21,7.76,65.8,30.1,49.2,58.2,Heavy_Traffic
EVT_00232,78.8,7,16,15.4,33,18.54,61.9,28.4,23.5,84.1,Incident
EVT_00233,40.1,2,25,23.5,22,20.93,53.9,30.2,33.8,78.3,Incident
EVT_00234,31.2,11,24,31.2,28,19.03,53.7,31.2,30.7,74.2,Free_Flow
EVT_00235,42.2,6,26,8.7,77,5.41,61.8,20.4,4.1,77.2,Free_Flow
EVT_00236,58.7,2,32,18.0,64,20.83,48.0,27.3,33.8,55.3,Pedestrian_Event
EVT_00237,35.8,12,22,44.1,16,15.89,52.3,28.1,67.9,74.0,Free_Flow
EVT_00238,65.1,3,20,8.4,12,21.42,60.2,29.4,8.7,51.2,Incident
EVT_00239,42.0,12,14,44.5,36,17.35,51.8,34.4,64.0,65.5,Pedestrian_Event
EVT_00240,19.2,0,1,49.0,29,1.32,55.7,21.1,37.8,82.8,Low_Activity
EVT_00241,26.3,4,18,46.4,5,9.94,58.4,35.7,81.1,76.1,Free_Flow
EVT_00242,26.7,9,15,36.5,23,11.27,54.6,31.8,100.0,67.6,Free_Flow
EVT_00243,72.0,10,28,11.6,90,9.77,58.8,31.1,68.8,46.4,Heavy_Traffic
EVT_00244,12.5,1,9,36.1,13,2.38,46.3,22.6,8.9,74.9,Low_Activity
EVT_00245,73.1,3,16,4.7,50,7.01,52.4,21.1,45.6,65.0,Heavy_Traffic
EVT_00246,12.5,1,7,45.1,13,1.65,48.2,25.7,12.2,67.0,Low_Activity
EVT_00247,28.7,6,6,44.9,13,15.28,48.0,31.8,48.9,53.0,Free_Flow
EVT_00248,26.8,4,57,37.1,35,20.09,66.4,21.7,12.9,80.3,Heavy_Traffic
EVT_00249,2.1,2,3,52.0,8,11.68,58.1,26.3,66.9,83.6,Low_Activity
EVT_00250,18.6,10,18,35.4,45,11.07,59.7,28.5,64.6,64.2,Free_Flow
EVT_00251,57.9,3,43,20.5,38,23.7,67.1,21.1,35.2,63.5,Free_Flow
EVT_00252,71.5,10,22,6.1,11,11.86,56.9,28.5,73.8,64.3,Incident
EVT_00253,64.1,19,24,21.2,0,8.68,48.6,24.7,71.9,66.6,Heavy_Traffic
EVT_00254,36.8,0,18,32.8,0,17.46,61.3,36.7,27.5,62.3,Pedestrian_Event
EVT_00255,27.4,3,29,44.8,35,7.29,65.6,22.9,31.8,63.1,Free_Flow
EVT_00256,29.4,5,15,45.6,20,12.08,56.2,25.7,65.9,60.7,Free_Flow
EVT_00257,64.3,9,33,10.7,49,20.13,50.1,24.4,4.6,70.9,Incident
EVT_00258,46.0,22,0,17.8,66,16.58,56.3,33.9,71.9,81.5,Pedestrian_Event
EVT_00259,61.4,24,19,30.7,71,18.47,67.8,32.8,43.3,63.1,Pedestrian_Event
EVT_00260,0.3,1,12,52.5,21,4.21,53.2,15.3,15.6,70.0,Low_Activity
EVT_00261,87.6,2,43,17.8,62,21.3,52.2,22.8,5.8,74.4,Heavy_Traffic
EVT_00262,37.5,4,19,55.0,14,14.69,57.6,35.1,79.2,52.4,Free_Flow
EVT_00263,33.0,5,36,26.9,84,20.07,57.3,25.2,19.5,71.5,Heavy_Traffic
EVT_00264,2.8,0,11,48.9,15,1.25,51.7,19.7,11.5,61.2,Low_Activity
EVT_00265,46.0,2,71,20.9,48,17.84,68.8,33.4,31.6,62.9,Heavy_Traffic
EVT_00266,66.3,4,30,19.8,58,18.63,55.9,34.1,30.2,75.2,Heavy_Traffic
EVT_00267,57.7,8,43,9.3,83,7.93,65.9,23.9,44.3,70.4,Heavy_Traffic
EVT_00268,26.4,4,5,26.8,11,5.64,49.8,24.9,33.7,60.8,Free_Flow
EVT_00269,11.2,0,6,31.5,31,4.56,41.7,25.0,15.4,72.1,Low_Activity
EVT_00270,72.7,6,42,5.8,94,9.3,52.1,28.3,84.9,57.6,Heavy_Traffic
EVT_00271,68.4,3,36,18.1,69,7.39,55.6,22.8,64.3,57.5,Incident
EVT_00272,52.6,33,9,42.1,70,9.01,50.4,22.5,65.9,75.4,Pedestrian_Event
EVT_00273,28.5,4,7,51.3,8,6.09,43.9,20.3,23.4,62.6,Free_Flow
EVT_00274,26.1,4,19,17.9,15,13.91,53.4,28.5,72.7,64.3,Pedestrian_Event
EVT_00275,14.2,5,11,48.2,41,11.65,49.5,39.1,60.6,57.2,Free_Flow
EVT_00276,69.1,7,32,7.4,41,7.89,63.9,27.0,28.7,54.5,Heavy_Traffic
EVT_00277,45.2,0,19,57.7,7,22.53,52.6,28.8,12.9,58.8,Free_Flow
EVT_00278,68.8,7,37,23.8,86,16.23,60.8,21.0,61.0,61.7,Heavy_Traffic
EVT_00279,34.5,2,15,23.4,38,20.58,59.3,26.2,30.6,77.6,Heavy_Traffic
EVT_00280,49.6,2,21,38.2,17,13.57,48.9,36.4,84.1,59.8,Free_Flow
EVT_00281,77.0,8,38,13.9,71,17.79,61.3,25.8,31.8,73.5,Heavy_Traffic
EVT_00282,29.7,0,17,41.9,21,5.52,57.9,25.5,28.2,58.8,Free_Flow
EVT_00283,26.1,5,17,31.7,19,18.07,64.6,29.4,28.9,66.4,Free_Flow
EVT_00284,53.9,9,33,20.1,108,17.97,56.4,30.7,44.2,58.4,Heavy_Traffic
EVT_00285,51.6,4,0,3.0,56,14.49,49.8,29.3,67.8,54.5,Incident
EVT_00286,28.4,12,17,28.5,6,9.48,61.7,28.7,82.5,70.6,Free_Flow
EVT_00287,13.4,2,8,24.4,1,22.95,48.7,26.6,31.9,70.3,Low_Activity
EVT_00288,56.0,9,21,8.0,64,18.87,50.6,30.4,21.5,77.6,Heavy_Traffic
EVT_00289,17.5,3,8,71.5,18,17.79,68.0,28.8,33.5,75.1,Free_Flow
EVT_00290,36.4,1,14,27.4,16,4.85,53.7,17.2,27.9,68.0,Incident
EVT_00291,32.9,7,27,29.5,82,16.25,50.9,35.5,54.5,59.0,Incident
EVT_00292,84.1,15,41,22.5,58,9.79,60.4,27.0,72.0,58.3,Heavy_Traffic
EVT_00293,23.3,3,8,26.4,16,13.31,62.6,27.2,88.9,64.4,Heavy_Traffic
EVT_00294,0.0,2,6,31.6,7,14.79,47.2,31.9,96.4,64.6,Free_Flow
EVT_00295,42.3,11,54,13.2,21,16.22,65.0,29.8,41.7,70.6,Heavy_Traffic
EVT_00296,15.7,1,4,46.1,6,23.18,45.2,22.2,23.9,66.1,Low_Activity
EVT_00297,69.6,9,15,19.7,51,13.2,56.1,34.4,75.5,77.0,Pedestrian_Event
EVT_00298,49.2,31,12,38.7,73,18.17,60.8,24.7,26.5,70.8,Pedestrian_Event
EVT_00299,9.5,1,13,54.3,30,0.72,48.8,23.3,13.0,66.4,Low_Activity
EVT_00300,30.3,6,34,34.4,20,18.53,63.4,30.9,40.1,56.5,Low_Activity
EVT_00301,85.4,8,33,7.8,80,17.61,59.8,26.5,48.0,51.7,Pedestrian_Event
EVT_00302,16.6,1,4,66.9,12,23.27,60.2,22.6,11.9,77.7,Low_Activity
EVT_00303,71.6,31,9,33.8,41,13.71,45.0,29.8,70.5,57.0,Pedestrian_Event
EVT_00304,61.8,9,6,19.6,33,20.07,39.4,27.5,1.3,65.8,Incident
EVT_00305,18.4,5,16,46.9,13,18.18,74.5,29.5,38.1,87.5,Pedestrian_Event
EVT_00306,33.5,2,19,48.4,24,21.32,50.6,26.1,18.2,61.3,Free_Flow
EVT_00307,44.6,33,22,25.1,18,8.47,62.2,25.7,89.8,79.5,Pedestrian_Event
EVT_00308,65.0,10,21,14.5,15,0.46,48.6,23.2,0.0,68.9,Incident
EVT_00309,16.1,3,11,53.0,36,20.43,44.2,30.2,6.5,67.6,Free_Flow
EVT_00310,7.6,1,8,16.3,78,16.42,53.7,27.1,64.6,71.9,Pedestrian_Event
EVT_00311,15.6,0,11,68.4,5,12.2,53.4,30.8,74.6,67.1,Low_Activity
EVT_00312,80.6,17,36,4.2,66,8.69,57.4,27.4,63.3,61.8,Heavy_Traffic
EVT_00313,64.7,8,23,25.3,89,18.08,50.5,31.5,36.8,59.7,Heavy_Traffic
EVT_00314,48.9,25,9,26.1,32,11.12,58.8,29.5,82.1,52.9,Pedestrian_Event
EVT_00315,40.0,1,24,13.0,43,6.16,60.1,22.4,21.2,66.7,Incident
EVT_00316,40.9,10,21,13.3,49,17.18,52.6,32.5,53.5,63.7,Free_Flow
EVT_00317,30.2,17,31,42.4,86,19.29,67.9,29.2,30.4,58.1,Pedestrian_Event
EVT_00318,42.7,21,8,13.3,23,16.91,51.8,29.8,37.9,67.3,Pedestrian_Event
EVT_00319,29.6,7,9,30.9,19,18.44,51.6,31.3,24.9,61.3,Free_Flow
EVT_00320,18.1,0,12,29.5,11,22.86,58.7,27.0,22.5,61.5,Low_Activity
EVT_00321,34.6,19,20,30.6,40,15.46,59.6,25.9,67.0,68.1,Heavy_Traffic
EVT_00322,37.5,6,0,41.4,18,12.51,52.8,29.3,84.3,50.3,Free_Flow
EVT_00323,46.6,4,32,7.9,82,5.87,53.3,20.4,10.5,60.9,Heavy_Traffic
EVT_00324,76.2,14,31,24.5,72,20.15,48.6,23.9,35.5,52.8,Heavy_Traffic
EVT_00325,26.7,4,17,54.9,25,11.94,64.2,25.9,77.0,84.2,Free_Flow
EVT_00326,3.1,18,26,27.6,51,10.5,65.6,23.4,59.7,65.7,Free_Flow
EVT_00327,41.2,8,14,52.4,26,18.05,64.3,28.3,19.8,60.4,Free_Flow
EVT_00328,21.9,1,15,67.0,0,4.62,53.2,21.6,7.4,70.1,Low_Activity
EVT_00329,33.4,3,32,15.0,63,0.73,50.9,19.5,27.9,65.2,Incident
EVT_00330,38.1,8,5,27.7,35,13.31,54.3,32.3,68.1,63.9,Free_Flow
EVT_00331,42.1,2,15,36.4,35,17.87,60.9,34.6,8.4,48.3,Free_Flow
EVT_00332,10.6,0,4,61.6,12,0.56,55.0,20.6,7.6,68.6,Low_Activity
EVT_00333,6.8,1,3,65.2,21,15.95,51.2,36.1,70.3,58.4,Low_Activity
EVT_00334,41.6,8,28,0.0,71,8.63,73.3,24.3,49.5,100.0,Heavy_Traffic
EVT_00335,45.2,8,43,31.6,153,8.55,59.4,20.9,50.1,64.3,Heavy_Traffic
EVT_00336,8.6,0,7,37.4,8,3.94,48.3,27.0,23.8,58.4,Low_Activity
EVT_00337,27.7,4,13,29.0,23,15.54,54.7,33.2,66.6,48.6,Free_Flow
EVT_00338,46.6,3,20,17.0,29,14.31,48.5,32.8,74.7,55.4,Pedestrian_Event
EVT_00339,48.3,30,10,5.6,6,6.77,54.4,25.0,27.7,63.3,Pedestrian_Event
EVT_00340,55.4,5,28,26.9,91,18.85,54.4,27.7,16.6,72.5,Heavy_Traffic
EVT_00341,0.9,0,7,41.5,1,1.1,44.8,27.3,16.9,60.5,Low_Activity
EVT_00342,75.2,3,50,3.9,62,3.31,47.6,20.5,27.9,71.8,Incident
EVT_00343,71.4,10,16,56.3,3,15.86,54.5,22.7,48.9,80.6,Free_Flow
EVT_00344,23.3,2,2,17.9,13,12.14,52.6,23.0,69.7,63.1,Low_Activity
EVT_00345,29.1,1,17,41.2,18,22.26,54.3,25.1,28.8,57.7,Free_Flow
EVT_00346,8.7,0,5,32.8,15,12.96,47.0,29.1,72.7,60.1,Low_Activity
EVT_00347,35.8,12,14,30.3,32,20.0,47.0,34.2,29.6,61.9,Free_Flow
EVT_00348,64.5,5,16,40.6,21,17.77,59.3,28.3,22.9,66.8,Free_Flow
EVT_00349,28.5,3,33,32.7,10,11.68,59.3,31.9,100.0,54.4,Free_Flow
EVT_00350,54.6,7,24,23.1,74,18.82,52.9,26.2,27.7,61.1,Heavy_Traffic
EVT_00351,56.7,3,45,19.4,12,9.7,54.2,29.2,73.3,52.5,Incident
EVT_00352,32.6,4,12,43.5,22,6.2,52.6,28.6,18.4,71.0,Free_Flow
EVT_00353,34.9,2,17,56.2,0,9.64,57.5,27.3,64.6,58.7,Free_Flow
EVT_00354,17.1,2,4,42.6,13,7.4,52.8,25.6,28.4,84.0,Low_Activity
EVT_00355,0.0,4,16,38.5,0,7.19,60.4,21.8,22.1,83.0,Pedestrian_Event
EVT_00356,67.5,19,18,21.2,48,17.82,47.5,29.1,46.0,74.5,Heavy_Traffic
EVT_00357,75.1,12,34,29.3,70,17.06,60.7,30.7,47.0,66.1,Free_Flow
EVT_00358,73.9,5,45,4.2,0,7.76,71.5,21.0,50.7,93.2,Heavy_Traffic
EVT_00359,12.2,1,6,44.2,17,23.48,56.6,25.8,46.5,72.4,Free_Flow
EVT_00360,61.8,9,32,15.7,2,12.21,59.9,30.3,73.0,72.1,Incident
EVT_00361,52.7,2,26,5.6,76,3.22,45.7,14.1,2.0,76.3,Incident
EVT_00362,56.3,1,11,63.1,33,23.24,40.8,16.6,33.0,76.9,Free_Flow
EVT_00363,56.6,6,33,19.7,11,8.9,58.0,25.2,64.3,69.1,Heavy_Traffic
EVT_00364,22.4,7,36,16.1,40,2.65,59.8,17.4,12.8,72.4,Incident
EVT_00365,51.7,2,23,6.3,0,4.06,58.4,13.1,24.5,89.3,Incident
EVT_00366,56.7,6,58,19.4,43,6.17,73.8,22.1,23.6,76.7,Heavy_Traffic
EVT_00367,47.6,3,40,5.5,24,16.35,60.5,29.4,76.6,74.9,Incident
EVT_00368,62.2,7,18,22.7,24,17.84,55.0,29.7,32.3,43.6,Pedestrian_Event
EVT_00369,37.1,14,2,26.1,63,4.32,48.0,19.7,33.9,76.7,Pedestrian_Event
EVT_00370,46.3,12,9,29.9,22,11.63,50.4,30.1,65.2,68.1,Heavy_Traffic
EVT_00371,55.8,10,43,11.0,41,9.5,62.4,28.8,92.7,65.9,Heavy_Traffic
EVT_00372,81.3,7,31,4.4,38,10.13,52.0,28.9,65.8,63.2,Heavy_Traffic
EVT_00373,16.5,11,22,29.9,0,15.68,63.4,32.7,46.2,59.8,Pedestrian_Event
EVT_00374,29.4,3,10,29.9,16,15.74,48.9,28.3,60.3,52.5,Free_Flow
EVT_00375,53.4,11,33,11.7,44,14.72,63.7,36.2,71.1,62.0,Heavy_Traffic
EVT_00376,55.5,9,36,23.1,56,13.57,66.1,32.1,88.9,59.3,Incident
EVT_00377,34.7,14,20,25.0,64,6.85,54.6,21.1,23.2,75.0,Pedestrian_Event
EVT_00378,72.5,8,65,14.2,108,19.45,61.9,27.7,6.5,59.8,Heavy_Traffic
EVT_00379,30.4,3,17,27.9,24,12.33,65.2,27.8,84.9,100.0,Free_Flow
EVT_00380,30.0,15,0,43.9,28,19.72,46.9,25.7,14.1,65.6,Free_Flow
EVT_00381,17.3,3,15,42.4,7,18.49,47.7,31.0,20.1,59.5,Low_Activity
EVT_00382,18.7,0,7,42.2,18,23.68,53.4,27.9,18.0,51.3,Low_Activity
EVT_00383,39.7,30,19,1.0,74,10.44,47.6,25.1,63.2,64.3,Pedestrian_Event
EVT_00384,27.3,29,28,26.6,15,18.16,61.3,34.2,27.1,92.5,Pedestrian_Event
EVT_00385,46.3,22,16,31.1,58,17.32,48.5,29.6,39.2,48.7,Pedestrian_Event
EVT_00386,61.3,3,17,3.6,88,17.6,46.4,27.6,46.7,68.8,Heavy_Traffic
EVT_00387,25.2,6,12,33.4,18,12.92,56.3,34.0,72.3,58.7,Free_Flow
EVT_00388,77.4,24,32,31.1,56,9.65,58.8,26.1,76.7,66.8,Heavy_Traffic
EVT_00389,18.9,3,16,32.7,19,23.25,57.4,27.7,25.5,70.1,Free_Flow
EVT_00390,37.3,2,31,19.4,62,4.29,49.3,16.6,15.5,88.1,Incident
EVT_00391,29.6,1,19,28.1,4,23.3,51.7,22.4,16.4,85.4,Free_Flow
EVT_00392,49.0,5,33,31.4,94,19.61,58.2,29.9,13.9,66.0,Heavy_Traffic
EVT_00393,22.5,3,27,49.3,35,18.41,63.7,27.2,38.0,69.6,Free_Flow
EVT_00394,29.6,8,31,21.8,46,7.2,63.2,25.1,41.3,52.1,Heavy_Traffic
EVT_00395,56.9,5,50,18.2,98,20.13,76.0,26.6,5.9,79.3,Heavy_Traffic
EVT_00396,39.8,27,13,27.5,8,14.75,64.9,27.4,64.4,66.8,Free_Flow
EVT_00397,11.0,1,4,47.8,11,23.24,61.0,22.5,5.6,64.2,Low_Activity
EVT_00398,12.9,2,8,50.1,17,5.74,69.9,18.6,18.1,100.0,Low_Activity
EVT_00399,67.3,2,55,14.9,32,6.38,62.6,20.8,27.4,62.5,Heavy_Traffic
EVT_00400,52.7,6,58,9.1,44,12.91,60.5,35.3,76.0,52.5,Heavy_Traffic
EVT_00401,25.3,6,20,36.2,38,17.55,67.8,30.1,26.2,57.8,Free_Flow
EVT_00402,56.6,4,12,57.1,4,11.72,59.6,23.3,75.9,62.6,Free_Flow
EVT_00403,9.6,1,15,38.1,20,11.05,65.4,28.8,73.0,69.7,Free_Flow
EVT_00404,63.6,11,47,18.1,51,17.26,71.8,32.7,39.9,62.9,Heavy_Traffic
EVT_00405,37.1,2,14,38.4,26,17.22,59.0,30.7,23.6,60.1,Free_Flow
EVT_00406,46.2,19,6,15.2,88,10.57,51.1,20.4,84.2,75.0,Heavy_Traffic
EVT_00407,43.8,4,42,31.6,78,10.94,59.6,29.6,81.5,65.6,Incident
EVT_00408,63.5,4,33,17.7,83,9.77,65.3,25.3,88.2,74.0,Heavy_Traffic
EVT_00409,79.9,4,23,16.9,67,17.67,60.5,28.0,53.2,95.3,Heavy_Traffic
EVT_00410,36.1,5,19,34.5,41,11.5,39.8,37.6,84.8,59.1,Free_Flow
EVT_00411,25.3,2,11,57.4,14,17.89,56.2,33.9,52.5,74.8,Free_Flow
EVT_00412,29.3,13,30,25.1,28,8.75,62.1,20.3,65.2,70.3,Pedestrian_Event
EVT_00413,59.9,9,17,5.2,46,7.4,44.5,24.1,41.4,51.9,Heavy_Traffic
EVT_00414,7.5,2,9,62.4,14,18.84,62.0,28.2,12.7,59.7,Low_Activity
EVT_00415,16.6,14,0,37.4,31,17.77,50.6,32.3,34.2,78.1,Free_Flow
EVT_00416,58.1,8,7,22.4,14,17.93,40.7,30.5,20.2,58.0,Free_Flow
EVT_00417,8.0,4,3,64.4,20,0.64,48.3,26.4,28.7,76.0,Low_Activity
EVT_00418,67.6,7,36,8.1,18,7.95,64.7,25.3,44.7,61.3,Pedestrian_Event
EVT_00419,47.4,9,9,36.4,29,21.89,47.9,19.4,46.1,65.0,Pedestrian_Event
EVT_00420,42.1,2,23,25.8,3,21.67,55.3,23.4,17.7,75.1,Free_Flow
EVT_00421,67.4,9,41,8.2,1,19.15,63.8,33.0,25.5,58.4,Heavy_Traffic
EVT_00422,42.3,25,12,28.2,32,9.57,53.8,23.1,69.1,76.1,Heavy_Traffic
EVT_00423,16.7,6,13,33.8,3,10.48,57.1,24.6,71.2,74.0,Free_Flow
EVT_00424,60.5,3,34,22.7,0,4.95,52.3,17.8,17.3,76.3,Incident
EVT_00425,32.2,4,10,0.0,125,4.34,50.3,21.4,7.8,62.8,Incident
EVT_00426,65.7,12,34,30.2,44,17.65,61.4,34.7,41.2,53.2,Heavy_Traffic
EVT_00427,74.6,6,38,24.2,90,4.52,67.8,21.9,25.9,77.5,Incident
EVT_00428,57.2,7,30,16.0,80,16.48,63.7,26.3,51.2,95.6,Free_Flow
EVT_00429,39.0,10,31,52.7,5,9.65,66.2,26.7,70.8,64.4,Pedestrian_Event
EVT_00430,42.5,31,11,29.9,48,15.48,56.3,29.3,66.2,70.1,Pedestrian_Event
EVT_00431,45.1,15,28,14.6,26,17.91,54.1,27.8,38.5,58.4,Heavy_Traffic
EVT_00432,10.1,2,3,40.5,10,11.47,52.6,28.7,71.7,71.2,Low_Activity
EVT_00433,38.1,3,19,64.7,11,9.68,58.6,27.7,64.7,60.1,Free_Flow
EVT_00434,73.2,6,61,16.0,33,17.44,58.2,27.5,27.1,78.4,Heavy_Traffic
EVT_00435,40.9,2,19,61.3,1,12.24,59.2,26.3,83.5,62.5,Free_Flow
EVT_00436,27.2,15,13,20.0,14,6.52,54.8,20.0,32.2,64.7,Pedestrian_Event
EVT_00437,44.2,17,4,33.1,49,17.41,57.3,32.2,36.0,51.7,Pedestrian_Event
EVT_00438,32.4,0,5,46.1,15,22.51,56.8,25.3,17.9,61.8,Low_Activity
EVT_00439,50.2,3,0,21.9,71,2.48,53.1,19.1,4.1,57.0,Incident
EVT_00440,55.7,3,26,17.0,42,20.89,55.7,31.8,29.6,75.7,Incident
EVT_00441,44.6,7,34,58.1,18,16.63,63.3,34.8,64.5,52.0,Free_Flow
EVT_00442,30.1,2,15,26.5,16,8.22,49.1,24.9,46.8,63.4,Free_Flow
EVT_00443,58.2,18,27,13.0,102,8.14,52.4,26.8,61.6,59.5,Heavy_Traffic
EVT_00444,10.8,2,11,33.7,30,17.13,52.9,29.3,49.5,58.7,Low_Activity
EVT_00445,41.5,8,19,42.6,13,18.61,56.3,30.2,0.0,59.3,Free_Flow
EVT_00446,60.9,9,40,22.7,94,13.18,67.1,27.4,84.0,82.8,Heavy_Traffic
EVT_00447,64.0,0,22,54.7,43,9.59,57.6,25.3,76.6,61.6,Pedestrian_Event
EVT_00448,77.4,16,29,20.7,26,7.78,59.5,24.1,46.2,65.1,Heavy_Traffic
EVT_00449,48.8,5,35,20.2,47,7.49,60.1,16.5,55.6,78.9,Heavy_Traffic
EVT_00450,44.2,8,26,12.1,39,21.96,58.2,16.5,17.3,98.3,Incident
EVT_00451,78.9,12,26,16.3,8,7.82,59.9,22.9,58.7,83.3,Heavy_Traffic
EVT_00452,59.7,2,33,21.9,109,16.34,57.2,35.5,54.1,56.5,Heavy_Traffic
EVT_00453,17.7,0,17,37.8,23,9.49,55.5,19.4,65.2,70.9,Free_Flow
EVT_00454,32.7,33,22,31.5,42,9.84,55.9,31.0,82.9,63.9,Pedestrian_Event
EVT_00455,35.8,26,25,46.8,42,18.09,57.8,26.9,29.9,67.4,Pedestrian_Event
EVT_00456,62.8,9,49,32.3,92,19.95,64.2,25.1,20.7,70.1,Heavy_Traffic
EVT_00457,74.0,10,20,14.8,68,8.78,55.8,24.8,65.6,96.6,Incident
EVT_00458,38.8,5,20,25.6,38,14.02,52.7,29.1,80.2,64.7,Incident
EVT_00459,74.2,8,42,18.7,86,17.85,65.6,29.3,29.3,59.0,Heavy_Traffic
EVT_00460,27.6,4,23,35.4,37,6.74,48.9,24.9,36.6,67.5,Free_Flow
EVT_00461,40.5,23,17,40.4,0,17.16,59.8,27.0,47.6,75.7,Pedestrian_Event
EVT_00462,57.8,8,28,19.4,66,19.41,48.8,27.6,9.7,77.2,Heavy_Traffic
EVT_00463,29.8,12,38,50.1,27,15.62,67.3,32.5,61.4,53.8,Free_Flow
EVT_00464,17.7,21,16,19.8,60,7.26,64.2,23.5,37.8,81.5,Pedestrian_Event
EVT_00465,51.0,7,27,22.9,74,6.99,63.6,21.3,38.4,76.3,Pedestrian_Event
EVT_00466,25.4,1,3,1.8,7,22.53,46.2,26.6,15.8,71.3,Low_Activity
EVT_00467,53.4,14,21,3.7,114,13.62,63.2,33.8,75.4,69.5,Incident
EVT_00468,45.1,7,67,31.2,41,9.78,66.7,30.1,89.9,60.0,Heavy_Traffic
EVT_00469,0.0,1,7,42.7,9,23.91,46.7,22.0,16.8,55.8,Low_Activity
EVT_00470,98.4,2,52,15.2,38,19.52,65.2,26.5,31.3,58.4,Heavy_Traffic
EVT_00471,68.6,5,34,14.3,52,21.87,62.3,25.3,12.5,85.1,Incident
EVT_00472,16.9,1,13,23.4,46,21.49,45.3,20.2,1.1,54.1,Free_Flow
EVT_00473,49.8,1,21,5.5,44,23.08,54.8,16.8,20.5,98.0,Heavy_Traffic
EVT_00474,69.2,34,33,23.8,32,13.64,55.9,31.2,91.0,64.6,Pedestrian_Event
EVT_00475,0.3,1,2,39.6,13,3.59,46.4,23.4,16.5,56.6,Low_Activity
EVT_00476,29.6,11,8,26.8,14,15.0,47.8,30.7,75.1,52.3,Free_Flow
EVT_00477,61.1,3,37,16.1,49,9.53,56.7,18.7,91.8,66.0,Incident
EVT_00478,19.0,3,19,31.4,41,7.19,55.2,25.1,36.8,56.4,Free_Flow
EVT_00479,28.6,8,20,39.5,9,12.57,55.0,32.8,88.5,57.1,Free_Flow
EVT_00480,18.2,32,16,0.0,54,16.68,50.3,29.9,29.8,63.4,Pedestrian_Event
EVT_00481,8.6,0,1,39.3,1,4.58,46.9,18.7,23.4,63.0,Low_Activity
EVT_00482,19.4,32,21,0.0,49,14.48,49.4,27.2,70.1,73.0,Pedestrian_Event
EVT_00483,75.0,6,37,23.3,45,18.53,74.6,28.6,34.6,89.5,Heavy_Traffic
EVT_00484,4.1,1,4,28.4,20,3.07,58.4,17.7,44.9,64.6,Low_Activity
EVT_00485,10.2,3,16,52.5,24,6.56,55.1,24.0,42.6,56.5,Free_Flow
EVT_00486,75.1,3,28,10.9,101,20.74,60.8,23.7,2.3,72.2,Incident
EVT_00487,33.2,6,12,43.6,30,19.87,54.3,22.4,34.2,69.8,Free_Flow
EVT_00488,60.7,6,37,18.7,21,9.04,60.3,27.7,85.2,54.4,Heavy_Traffic
EVT_00489,31.2,7,30,35.7,24,8.86,55.9,24.7,62.6,72.2,Free_Flow
EVT_00490,17.3,1,3,47.6,13,3.22,43.4,17.9,9.4,71.2,Low_Activity
EVT_00491,39.7,3,4,34.6,35,9.84,49.7,26.2,88.7,51.3,Free_Flow
EVT_00492,62.5,7,30,23.2,32,23.62,50.6,19.5,25.8,76.3,Incident
EVT_00493,32.3,23,22,29.0,93,6.6,54.2,21.0,47.5,43.6,Pedestrian_Event
EVT_00494,41.4,4,25,48.1,19,17.12,49.0,33.6,78.8,55.2,Free_Flow
EVT_00495,49.0,2,42,17.4,57,13.31,59.5,29.9,82.5,76.9,Heavy_Traffic
EVT_00496,91.1,8,45,30.2,60,10.25,63.5,25.1,85.9,46.1,Heavy_Traffic
EVT_00497,68.5,3,16,18.8,1,16.73,59.9,34.0,64.8,61.9,Heavy_Traffic
EVT_00498,57.3,7,48,21.9,0,8.76,53.8,22.3,44.5,50.3,Heavy_Traffic
EVT_00499,30.1,12,13,22.2,43,12.93,56.8,28.3,94.9,72.4,Pedestrian_Event
EVT_00500,46.7,5,15,35.9,47,7.49,55.9,25.8,52.2,74.9,Pedestrian_Event
EVT_00501,20.7,0,4,67.3,21,3.15,53.6,20.3,17.3,69.8,Low_Activity
EVT_00502,75.3,4,29,7.0,63,2.75,54.7,20.0,12.2,80.1,Incident
EVT_00503,14.0,7,0,19.9,96,19.37,40.9,31.6,48.9,59.8,Incident
EVT_00504,65.1,6,42,19.5,115,16.76,62.3,33.7,48.3,48.4,Heavy_Traffic
EVT_00505,0.2,2,12,17.4,4,13.62,51.2,31.3,100.0,54.3,Low_Activity
EVT_00506,79.6,7,34,14.1,25,10.66,61.1,30.7,82.8,72.7,Heavy_Traffic
EVT_00507,34.6,38,21,15.9,55,8.17,48.7,22.5,58.1,59.3,Pedestrian_Event
EVT_00508,68.6,2,23,6.5,100,6.27,66.5,16.6,48.9,90.8,Incident
EVT_00509,40.2,2,16,54.5,20,5.73,60.2,13.6,22.7,90.4,Free_Flow
EVT_00510,55.2,9,25,37.7,28,11.62,67.3,26.9,86.0,58.1,Pedestrian_Event
EVT_00511,13.5,0,10,56.1,27,0.29,54.7,26.5,18.9,64.4,Low_Activity
EVT_00512,62.1,7,38,22.9,112,7.92,57.4,32.4,60.1,46.0,Pedestrian_Event
EVT_00513,42.0,13,39,9.5,41,17.9,58.3,32.9,32.5,55.3,Heavy_Traffic
EVT_00514,26.6,1,4,41.9,0,23.63,60.4,14.6,8.9,67.2,Low_Activity
EVT_00515,46.7,10,36,20.8,68,16.83,59.2,30.8,55.6,62.2,Heavy_Traffic
EVT_00516,33.6,6,15,28.3,12,12.91,46.9,30.5,72.2,60.0,Free_Flow
EVT_00517,80.3,1,36,21.8,44,18.52,67.5,32.1,17.4,56.2,Heavy_Traffic
EVT_00518,50.3,20,29,35.5,73,13.42,69.6,34.7,84.0,68.5,Pedestrian_Event
EVT_00519,83.1,8,37,16.7,74,12.65,62.8,31.9,70.3,56.8,Heavy_Traffic
EVT_00520,75.0,14,2,18.4,64,14.91,49.1,31.1,68.5,61.3,Heavy_Traffic
EVT_00521,44.3,30,11,29.5,59,18.67,50.7,28.8,30.1,71.5,Pedestrian_Event
EVT_00522,8.0,1,3,35.6,7,23.04,45.1,24.4,14.3,65.8,Low_Activity
EVT_00523,0.0,0,12,13.5,24,21.73,54.4,23.1,15.4,75.4,Low_Activity
EVT_00524,24.0,7,3,58.4,17,16.93,59.8,32.8,42.3,67.5,Free_Flow
EVT_00525,36.6,4,19,41.8,19,8.7,63.7,26.6,51.8,64.4,Free_Flow
EVT_00526,18.8,8,3,10.6,18,19.17,53.0,26.0,30.1,79.0,Free_Flow
EVT_00527,73.5,6,34,21.3,40,7.24,67.4,24.5,44.8,100.0,Heavy_Traffic
EVT_00528,12.6,3,15,36.2,23,6.61,47.3,24.5,33.3,51.0,Free_Flow
EVT_00529,24.3,2,12,38.6,2,10.81,54.6,22.4,94.6,78.8,Low_Activity
EVT_00530,20.5,2,3,51.8,16,23.55,59.8,20.0,14.3,55.9,Low_Activity
EVT_00531,41.9,14,26,12.5,54,16.28,59.1,29.8,74.5,69.2,Heavy_Traffic
EVT_00532,22.1,7,24,53.6,0,13.51,60.5,34.9,95.4,59.5,Free_Flow
EVT_00533,66.6,2,19,15.0,80,4.35,49.0,15.7,26.0,72.5,Incident
EVT_00534,15.1,19,0,55.2,19,16.45,52.5,24.1,67.3,62.6,Pedestrian_Event
EVT_00535,34.6,7,14,16.3,51,13.08,55.4,37.1,90.0,76.2,Incident
EVT_00536,45.5,11,28,0.3,15,7.24,60.4,16.4,49.9,83.5,Heavy_Traffic
EVT_00537,84.6,2,17,15.3,29,12.41,44.4,32.6,82.5,51.3,Incident
EVT_00538,25.3,1,10,24.1,24,2.29,40.6,17.5,22.9,57.3,Low_Activity
EVT_00539,23.4,7,11,37.6,22,7.8,50.6,28.2,60.9,64.7,Free_Flow
EVT_00540,74.1,16,56,9.8,63,11.72,75.9,29.8,100.0,57.0,Heavy_Traffic
EVT_00541,86.2,6,25,24.6,49,18.21,59.4,30.6,35.4,67.7,Heavy_Traffic
EVT_00542,51.4,4,19,34.5,20,14.01,54.3,31.4,80.5,77.2,Free_Flow
EVT_00543,48.4,9,41,6.7,63,17.08,61.8,32.6,36.2,61.3,Incident
EVT_00544,40.6,6,15,39.0,18,10.59,62.0,29.5,72.6,63.3,Free_Flow
EVT_00545,71.6,8,34,3.4,54,19.87,62.3,26.3,40.7,75.8,Heavy_Traffic
EVT_00546,12.0,2,3,37.6,24,23.96,51.1,22.8,15.4,62.5,Low_Activity
EVT_00547,30.0,2,11,68.1,26,19.72,63.1,35.6,37.0,50.7,Low_Activity
EVT_00548,20.3,17,24,38.8,56,15.84,53.1,34.5,53.0,53.6,Pedestrian_Event
EVT_00549,28.0,15,15,7.9,27,17.05,55.8,38.2,64.8,56.4,Pedestrian_Event
EVT_00550,45.0,18,23,20.9,86,7.68,52.4,25.5,62.6,72.9,Heavy_Traffic
EVT_00551,15.0,8,13,43.9,13,6.3,54.2,22.4,34.0,71.2,Free_Flow
EVT_00552,77.1,11,34,12.6,35,8.92,57.2,28.3,44.1,74.4,Heavy_Traffic
EVT_00553,70.5,4,19,29.1,58,13.79,52.3,37.2,70.0,45.2,Heavy_Traffic
EVT_00554,52.3,3,7,58.4,0,8.06,57.0,22.8,72.7,83.3,Free_Flow
EVT_00555,25.9,10,14,28.1,23,6.96,50.1,21.2,29.8,70.8,Pedestrian_Event
EVT_00556,53.6,9,34,31.4,50,16.92,56.1,32.0,58.6,47.9,Heavy_Traffic
EVT_00557,49.3,28,32,25.1,31,14.92,58.6,27.4,63.2,54.5,Pedestrian_Event
EVT_00558,21.1,3,21,27.6,22,11.54,60.2,33.5,66.2,70.4,Free_Flow
EVT_00559,57.1,9,26,1.5,90,7.09,55.0,23.9,41.6,64.9,Heavy_Traffic
EVT_00560,35.7,10,14,15.3,57,15.92,51.1,35.2,54.3,57.7,Incident
EVT_00561,40.3,15,22,36.1,18,8.74,53.7,25.4,57.6,63.8,Pedestrian_Event
EVT_00562,84.2,5,48,0.0,78,6.42,58.0,19.6,37.7,61.9,Heavy_Traffic
EVT_00563,50.0,5,27,8.5,80,10.3,59.0,28.0,82.4,77.0,Heavy_Traffic
EVT_00564,24.7,6,28,44.3,20,14.61,58.9,29.5,46.7,59.5,Free_Flow
EVT_00565,14.7,0,28,41.4,41,21.7,57.9,27.1,8.4,60.4,Free_Flow
EVT_00566,41.5,1,18,15.6,6,2.6,43.0,21.5,22.9,62.8,Incident
EVT_00567,58.7,23,9,38.7,37,13.21,51.3,23.9,90.3,68.4,Pedestrian_Event
EVT_00568,35.1,16,13,23.2,10,13.16,56.8,29.5,85.2,71.3,Pedestrian_Event
EVT_00569,47.2,3,30,21.1,56,20.51,52.2,19.2,18.1,75.3,Incident
EVT_00570,22.0,4,28,47.6,0,10.19,63.9,26.0,74.5,79.3,Free_Flow
EVT_00571,60.9,7,26,1.5,67,18.65,67.0,30.9,21.8,59.3,Heavy_Traffic
EVT_00572,54.7,5,34,26.9,80,7.93,57.2,29.9,48.9,65.8,Heavy_Traffic
EVT_00573,41.1,27,27,41.1,62,18.07,63.3,32.0,27.4,74.7,Pedestrian_Event
EVT_00574,55.8,5,23,18.9,99,8.72,53.7,29.5,51.3,81.9,Incident
EVT_00575,35.1,3,20,61.2,32,17.12,54.2,25.6,29.4,70.0,Free_Flow
EVT_00576,0.0,1,3,51.4,10,0.14,55.2,15.3,1.5,71.5,Low_Activity
EVT_00577,61.7,16,35,3.9,31,10.94,58.9,24.9,84.9,60.9,Pedestrian_Event
EVT_00578,5.3,1,5,43.9,7,3.19,56.3,21.2,25.3,69.5,Low_Activity
EVT_00579,41.7,3,11,24.7,13,21.63,51.6,26.0,23.0,69.6,Free_Flow
EVT_00580,17.0,3,8,37.1,45,5.22,56.8,20.3,16.5,76.8,Free_Flow
EVT_00581,30.8,3,25,6.2,41,10.93,51.4,31.5,69.8,69.5,Incident
EVT_00582,56.1,5,30,34.4,24,7.14,54.1,18.9,45.6,70.8,Heavy_Traffic
EVT_00583,5.0,0,4,29.0,23,3.85,41.9,19.3,12.1,80.8,Low_Activity
EVT_00584,15.0,2,5,32.8,2,18.32,60.3,21.0,19.7,87.5,Low_Activity
EVT_00585,27.2,17,30,16.0,64,12.85,55.3,28.9,63.2,50.9,Incident
EVT_00586,24.4,1,2,51.4,8,23.35,42.8,18.0,10.3,78.0,Low_Activity
EVT_00587,27.9,12,18,42.3,35,11.99,58.0,33.3,73.2,55.4,Free_Flow
EVT_00588,23.5,2,21,35.2,9,5.52,62.8,20.0,6.3,58.3,Free_Flow
EVT_00589,39.6,23,27,30.5,16,14.78,62.8,33.8,87.8,66.3,Pedestrian_Event
EVT_00590,39.2,3,0,53.9,25,12.87,50.9,34.5,68.3,66.1,Free_Flow
EVT_00591,15.5,3,26,45.3,29,16.46,48.1,40.6,60.9,57.4,Free_Flow
EVT_00592,13.9,1,2,47.7,8,0.26,55.3,25.6,20.0,75.1,Low_Activity
EVT_00593,3.3,10,7,44.9,0,17.69,59.2,32.8,57.3,63.4,Low_Activity
EVT_00594,9.4,1,16,51.9,0,23.14,63.5,21.2,27.8,89.1,Low_Activity
EVT_00595,25.8,5,7,48.5,33,10.11,53.0,25.9,77.7,70.3,Free_Flow
EVT_00596,95.3,5,35,19.2,75,11.56,65.9,28.3,77.0,68.0,Heavy_Traffic
EVT_00597,31.0,7,8,21.9,59,8.19,50.8,22.5,62.0,65.6,Pedestrian_Event
EVT_00598,27.8,15,20,0.0,40,16.66,51.5,32.8,63.8,67.7,Incident
EVT_00599,0.0,2,3,43.1,23,0.68,53.8,21.0,4.7,62.2,Low_Activity
EVT_00600,1.9,6,13,64.3,37,19.96,46.7,22.1,24.6,82.3,Free_Flow
EVT_00601,53.2,5,45,19.1,57,16.74,70.0,30.3,31.7,69.9,Heavy_Traffic
EVT_00602,41.8,6,26,0.0,0,12.13,54.8,27.7,99.8,60.7,Incident
EVT_00603,59.9,2,21,10.6,134,16.09,59.4,27.7,59.7,80.0,Heavy_Traffic
EVT_00604,30.2,3,19,13.0,49,3.52,57.3,19.8,33.2,68.4,Incident
EVT_00605,39.1,8,4,26.9,35,20.57,42.0,27.4,8.6,61.3,Pedestrian_Event
EVT_00606,43.4,1,24,43.6,38,21.06,53.6,22.3,39.9,66.4,Free_Flow
EVT_00607,55.5,21,17,16.0,61,14.73,57.0,32.1,74.2,93.4,Pedestrian_Event
EVT_00608,5.3,2,5,59.2,17,18.06,64.1,26.4,41.1,98.8,Low_Activity
EVT_00609,58.4,3,21,22.2,60,10.2,46.6,29.0,49.2,66.1,Incident
EVT_00610,20.0,13,13,34.8,45,15.08,61.6,30.7,58.9,52.7,Pedestrian_Event
EVT_00611,14.3,1,1,49.8,25,22.57,49.8,20.8,18.6,80.2,Low_Activity
EVT_00612,66.3,1,31,21.6,35,3.94,50.8,15.2,7.2,66.7,Incident
EVT_00613,56.0,29,30,45.3,95,14.43,58.7,32.0,74.9,51.8,Pedestrian_Event
EVT_00614,81.2,1,17,12.5,21,17.05,59.2,34.4,64.4,57.2,Heavy_Traffic
EVT_00615,58.3,9,22,19.6,52,17.25,50.4,29.8,61.3,64.7,Heavy_Traffic
EVT_00616,19.9,2,22,62.0,28,23.09,58.1,30.6,22.6,61.1,Free_Flow
EVT_00617,65.2,2,17,23.8,24,23.25,46.1,21.0,20.8,75.9,Incident
EVT_00618,25.1,19,11,32.4,30,17.57,51.1,33.4,50.4,67.4,Pedestrian_Event
EVT_00619,60.4,35,26,23.3,52,7.97,53.7,19.6,42.2,68.7,Pedestrian_Event
EVT_00620,62.9,4,19,13.2,94,8.26,48.1,25.9,76.2,72.2,Heavy_Traffic
EVT_00621,4.1,2,1,50.0,9,22.85,48.6,24.5,25.5,65.8,Low_Activity
EVT_00622,15.0,2,11,48.8,36,21.08,48.8,24.0,24.1,79.2,Free_Flow
EVT_00623,55.3,2,36,20.9,35,6.32,61.5,19.4,42.2,70.9,Heavy_Traffic
EVT_00624,24.1,2,18,57.5,30,21.16,60.0,21.4,28.1,79.6,Free_Flow
EVT_00625,34.5,30,35,28.3,49,19.79,57.7,26.7,38.7,65.0,Pedestrian_Event
EVT_00626,14.1,8,19,33.0,38,12.28,64.3,34.6,78.2,66.0,Free_Flow
EVT_00627,81.8,3,49,15.3,0,19.26,62.6,31.1,16.5,73.0,Heavy_Traffic
EVT_00628,17.4,0,4,67.9,18,8.65,58.3,28.7,63.2,91.4,Low_Activity
EVT_00629,6.2,2,8,52.5,28,6.06,52.5,22.1,40.3,73.9,Free_Flow
EVT_00630,0.0,1,5,19.6,22,21.7,46.3,19.3,18.0,77.6,Low_Activity
EVT_00631,38.1,2,17,42.4,26,15.51,55.9,36.8,93.7,59.8,Low_Activity
EVT_00632,36.8,11,15,61.0,25,19.29,57.0,32.8,41.0,62.9,Free_Flow
EVT_00633,6.9,1,3,24.4,12,4.4,46.8,22.5,21.2,71.6,Low_Activity
EVT_00634,27.4,1,4,56.4,25,23.29,48.0,20.1,9.2,64.0,Low_Activity
EVT_00635,55.5,6,13,42.5,10,19.96,47.5,29.5,16.2,73.8,Heavy_Traffic
EVT_00636,67.2,31,12,21.2,62,18.92,44.4,32.5,22.7,70.6,Pedestrian_Event
EVT_00637,31.6,7,16,39.7,21,20.14,59.3,26.9,36.9,54.8,Free_Flow
EVT_00638,23.7,3,12,30.7,19,14.93,67.1,26.3,70.6,100.0,Free_Flow
EVT_00639,14.8,1,15,63.5,9,22.93,59.1,20.2,0.2,63.3,Free_Flow
EVT_00640,50.8,16,20,8.9,50,8.03,55.5,27.0,49.0,51.3,Pedestrian_Event
EVT_00641,59.2,10,18,6.0,54,9.9,54.1,26.3,69.5,84.1,Incident
EVT_00642,56.3,8,45,24.5,44,14.21,55.8,33.2,73.9,49.9,Incident
EVT_00643,83.0,10,34,16.0,54,15.68,66.9,34.0,51.8,51.8,Heavy_Traffic
EVT_00644,46.7,22,19,30.2,16,16.28,50.6,37.4,53.8,70.8,Pedestrian_Event
EVT_00645,5.6,1,8,20.6,27,7.2,44.8,20.8,44.3,79.0,Low_Activity
EVT_00646,87.9,5,44,14.4,62,7.69,57.3,17.5,48.0,78.8,Heavy_Traffic
EVT_00647,15.0,2,7,26.9,33,22.54,40.7,29.3,31.5,59.5,Low_Activity
EVT_00648,61.0,8,36,22.4,90,17.83,64.5,22.0,52.7,74.0,Heavy_Traffic
EVT_00649,55.5,17,11,17.2,47,15.38,48.5,33.5,66.5,68.1,Incident
EVT_00650,19.4,1,14,54.8,24,8.23,67.7,22.2,57.3,100.0,Free_Flow
EVT_00651,39.6,10,10,33.5,42,5.47,42.2,26.9,7.9,54.6,Pedestrian_Event
EVT_00652,14.0,21,36,31.5,32,12.84,55.4,33.2,94.3,66.4,Pedestrian_Event
EVT_00653,48.8,13,26,29.7,24,7.87,57.4,22.5,62.5,71.0,Pedestrian_Event
EVT_00654,41.3,30,7,50.5,30,18.17,56.9,31.5,49.0,69.7,Pedestrian_Event
EVT_00655,75.5,2,30,28.9,39,23.72,54.0,26.4,42.2,63.9,Incident
EVT_00656,41.6,2,21,31.3,38,17.93,52.6,32.8,33.2,65.5,Pedestrian_Event
EVT_00657,47.8,30,30,36.3,10,13.28,52.2,29.7,92.3,74.7,Pedestrian_Event
EVT_00658,48.3,10,44,12.0,62,18.83,56.2,28.2,22.4,64.7,Heavy_Traffic
EVT_00659,87.7,7,51,26.6,110,17.71,61.4,24.0,63.2,64.7,Heavy_Traffic
EVT_00660,35.2,4,24,58.3,27,23.12,66.3,18.8,23.0,70.6,Free_Flow
EVT_00661,41.5,23,35,14.1,109,17.34,68.6,26.4,38.4,86.3,Incident
EVT_00662,9.4,1,1,43.1,14,22.47,45.8,24.8,26.6,49.1,Free_Flow
EVT_00663,48.5,2,0,18.4,0,1.91,42.0,22.7,22.2,70.2,Incident
EVT_00664,5.1,1,4,32.7,10,23.2,55.4,17.1,8.4,69.6,Low_Activity
EVT_00665,60.0,3,50,31.8,60,6.43,58.6,20.6,13.3,69.9,Heavy_Traffic
EVT_00666,47.1,2,18,37.8,7,5.79,44.1,26.1,31.4,74.6,Free_Flow
EVT_00667,40.9,3,46,19.7,33,4.59,68.7,22.3,13.0,75.5,Incident
EVT_00668,37.1,7,15,46.9,30,15.0,64.7,31.9,57.8,87.6,Free_Flow
EVT_00669,70.7,3,56,36.4,64,8.27,65.4,20.3,49.6,70.8,Heavy_Traffic
EVT_00670,43.4,2,20,52.4,2,22.34,64.1,19.7,27.2,82.0,Free_Flow
EVT_00671,49.5,11,24,26.2,50,20.5,56.8,21.2,6.0,71.4,Pedestrian_Event
EVT_00672,35.8,38,12,41.3,14,18.75,59.9,27.1,22.4,73.9,Pedestrian_Event
EVT_00673,37.1,4,2,0.0,43,2.2,53.7,18.5,17.8,89.5,Incident
EVT_00674,38.7,3,21,49.1,29,22.87,61.2,19.8,40.4,80.3,Free_Flow
EVT_00675,54.3,9,45,15.1,69,9.86,62.3,23.1,74.2,86.2,Free_Flow
EVT_00676,35.3,1,8,52.6,20,5.09,51.6,18.0,13.4,54.1,Free_Flow
EVT_00677,23.1,19,9,23.9,72,10.88,43.9,26.3,64.6,56.2,Free_Flow
EVT_00678,17.8,3,6,53.3,28,19.33,49.2,35.0,14.7,57.2,Low_Activity
EVT_00679,0.0,0,6,51.4,13,2.87,43.9,16.7,25.3,74.8,Low_Activity
EVT_00680,68.4,7,28,25.3,84,18.62,63.2,30.3,17.4,73.8,Heavy_Traffic
EVT_00681,30.6,3,20,31.6,23,14.08,56.6,27.9,72.6,72.2,Free_Flow
EVT_00682,43.3,2,38,16.6,80,20.72,67.8,29.0,9.3,70.9,Heavy_Traffic
EVT_00683,65.3,11,41,27.6,37,15.84,66.4,31.4,65.8,70.1,Heavy_Traffic
EVT_00684,27.8,10,0,9.2,33,18.17,48.9,26.0,19.6,56.3,Incident
EVT_00685,58.4,10,33,23.6,106,10.06,63.1,32.6,73.8,60.2,Incident
EVT_00686,40.4,3,7,50.8,20,12.41,57.0,27.7,87.7,46.4,Heavy_Traffic
EVT_00687,29.9,21,29,17.9,35,7.83,56.8,19.9,62.6,66.8,Pedestrian_Event
EVT_00688,72.1,4,37,20.4,13,18.71,55.7,33.3,13.7,70.5,Heavy_Traffic
EVT_00689,39.1,2,12,45.8,13,21.03,47.9,28.0,22.4,57.6,Free_Flow
EVT_00690,17.2,6,20,30.0,34,13.13,58.8,39.1,69.6,60.8,Incident
EVT_00691,18.4,33,29,26.9,38,16.93,58.8,28.7,50.5,59.7,Pedestrian_Event
EVT_00692,60.0,9,14,44.6,27,16.48,49.3,30.8,39.2,66.4,Pedestrian_Event
EVT_00693,29.6,8,18,7.7,40,17.16,63.7,31.7,58.4,100.0,Incident
EVT_00694,56.1,3,36,10.1,94,12.02,68.4,26.4,92.1,62.1,Heavy_Traffic
EVT_00695,61.7,6,27,15.4,53,9.95,60.0,22.5,67.5,63.6,Pedestrian_Event
EVT_00696,28.7,15,0,18.1,35,9.28,42.9,22.5,81.0,71.0,Pedestrian_Event
EVT_00697,51.9,7,27,41.7,32,10.19,63.0,24.4,80.5,71.0,Free_Flow
EVT_00698,57.0,25,28,28.7,26,20.32,60.2,27.0,13.3,75.7,Pedestrian_Event
EVT_00699,31.5,11,23,19.0,0,18.97,65.7,30.3,20.0,67.6,Heavy_Traffic
EVT_00700,56.9,5,10,11.0,77,7.36,47.0,16.7,39.5,62.2,Incident
EVT_00701,1.3,0,5,16.6,17,5.62,44.1,23.6,20.1,79.8,Low_Activity
EVT_00702,23.3,7,6,66.5,23,22.05,43.2,23.5,21.6,66.4,Free_Flow
EVT_00703,72.5,3,35,12.3,21,21.86,62.7,25.5,25.5,95.6,Incident
EVT_00704,25.8,9,29,11.6,99,15.47,65.9,31.7,63.7,57.4,Incident
EVT_00705,41.4,11,32,28.5,3,21.4,53.4,34.1,23.1,56.8,Heavy_Traffic
EVT_00706,67.2,7,41,19.8,86,18.16,64.3,27.2,14.3,78.0,Heavy_Traffic
EVT_00707,40.0,6,33,0.3,57,2.99,62.7,19.7,11.4,63.8,Incident
EVT_00708,64.6,25,29,16.6,104,6.76,64.9,22.3,30.0,70.6,Heavy_Traffic
EVT_00709,26.0,9,13,3.0,93,12.02,44.8,32.8,86.4,59.3,Incident
EVT_00710,19.4,1,4,39.4,26,23.33,39.6,22.3,8.1,64.5,Low_Activity
EVT_00711,11.5,4,12,43.8,23,10.21,55.4,25.2,96.8,80.9,Low_Activity
EVT_00712,6.1,0,3,59.8,10,3.86,41.6,24.0,0.0,68.3,Low_Activity
EVT_00713,60.7,26,26,19.0,71,6.52,61.2,22.9,45.8,95.6,Pedestrian_Event
EVT_00714,60.4,2,14,52.4,20,5.04,53.6,18.8,14.2,67.9,Free_Flow
EVT_00715,67.4,7,26,21.7,19,8.43,54.6,19.5,73.2,70.5,Heavy_Traffic
EVT_00716,31.7,6,26,32.1,19,21.4,63.7,20.3,40.5,68.3,Free_Flow
EVT_00717,49.7,10,18,28.9,18,15.8,53.0,35.1,62.3,62.2,Heavy_Traffic
EVT_00718,9.9,0,6,60.3,0,3.34,47.3,17.0,21.1,80.1,Low_Activity
EVT_00719,20.8,4,3,30.0,10,13.62,61.4,34.5,100.0,61.7,Low_Activity
EVT_00720,38.6,5,22,34.9,23,10.29,56.7,25.7,74.5,55.7,Free_Flow
EVT_00721,91.0,20,40,13.8,106,7.48,79.9,13.9,43.7,81.1,Heavy_Traffic
EVT_00722,36.9,1,24,13.9,63,5.76,54.4,23.5,45.7,58.1,Incident
EVT_00723,11.0,4,8,45.4,0,10.37,61.5,25.1,70.1,61.1,Free_Flow
EVT_00724,4.3,0,6,64.3,14,15.7,49.9,34.1,56.7,53.8,Free_Flow
EVT_00725,48.0,6,45,10.6,48,19.23,62.4,25.8,22.6,51.8,Heavy_Traffic
EVT_00726,54.6,8,16,13.7,38,7.76,47.3,22.7,31.0,72.8,Incident
EVT_00727,64.3,8,49,17.0,30,9.29,61.4,23.8,76.6,61.5,Heavy_Traffic
EVT_00728,28.2,6,42,15.4,35,11.09,57.8,25.0,89.5,75.0,Incident
EVT_00729,4.6,1,3,76.8,18,5.8,52.0,17.5,32.1,63.8,Low_Activity
EVT_00730,39.0,7,24,14.9,55,20.08,51.3,23.1,30.0,65.5,Heavy_Traffic
EVT_00731,20.3,0,30,58.1,24,20.83,51.0,26.7,32.6,54.7,Pedestrian_Event
EVT_00732,96.3,4,1,16.6,53,1.65,51.9,21.1,10.8,76.8,Incident
EVT_00733,50.3,10,19,32.1,70,16.77,67.8,25.0,48.7,81.6,Pedestrian_Event
EVT_00734,59.3,6,49,7.2,59,17.61,60.2,25.3,31.6,84.9,Heavy_Traffic
EVT_00735,8.8,2,8,36.0,16,19.92,47.6,31.7,23.9,75.8,Low_Activity
EVT_00736,72.3,5,40,35.2,49,7.2,57.9,21.8,36.0,59.1,Heavy_Traffic
EVT_00737,36.8,3,21,52.1,40,16.72,54.7,35.2,72.6,37.0,Free_Flow
EVT_00738,39.1,3,17,32.2,31,21.86,44.4,26.2,17.0,68.7,Free_Flow
EVT_00739,19.5,7,12,42.9,47,16.63,61.1,30.0,58.3,55.6,Free_Flow
EVT_00740,40.8,3,10,38.6,12,10.95,54.0,30.0,90.8,64.7,Free_Flow
EVT_00741,4.2,0,5,73.6,19,23.92,59.1,21.0,37.5,66.0,Low_Activity
EVT_00742,40.6,9,22,26.9,9,19.84,56.3,26.8,29.6,66.1,Incident
EVT_00743,35.6,9,10,31.0,34,8.9,57.1,26.4,49.5,91.4,Free_Flow
EVT_00744,61.5,3,43,11.3,43,22.89,67.3,15.9,5.9,100.0,Incident
EVT_00745,59.2,7,37,46.0,50,11.26,62.3,30.0,66.8,68.8,Heavy_Traffic
EVT_00746,62.2,6,55,17.8,63,10.1,66.8,28.5,96.8,56.8,Heavy_Traffic
EVT_00747,21.1,0,11,70.3,21,23.71,68.9,32.4,11.8,65.4,Low_Activity
EVT_00748,56.0,8,20,20.3,0,12.99,53.9,26.0,100.0,52.4,Pedestrian_Event
EVT_00749,80.3,7,17,22.9,47,16.77,47.5,37.3,54.4,58.4,Heavy_Traffic
EVT_00750,66.4,27,17,34.4,29,13.47,65.3,34.4,93.1,83.1,Pedestrian_Event
EVT_00751,42.7,6,37,19.2,75,8.18,59.3,20.2,63.3,69.0,Heavy_Traffic
EVT_00752,43.7,9,21,17.5,54,19.48,51.7,27.3,26.8,80.4,Heavy_Traffic
EVT_00753,60.1,5,42,26.3,52,10.59,69.3,27.3,61.4,75.1,Heavy_Traffic
EVT_00754,59.5,4,31,17.5,35,14.85,62.3,29.5,74.5,61.2,Heavy_Traffic
EVT_00755,58.6,9,22,17.5,43,16.31,45.3,28.8,74.8,54.3,Incident
EVT_00756,43.7,6,6,35.5,0,8.21,57.2,27.1,59.0,85.0,Free_Flow
EVT_00757,45.8,15,1,9.7,20,13.19,51.7,31.9,76.4,78.3,Incident
EVT_00758,59.5,4,40,25.1,75,16.35,71.1,33.7,74.1,72.3,Heavy_Traffic
EVT_00759,25.9,6,24,16.6,52,8.15,50.9,18.4,53.9,70.7,Heavy_Traffic
EVT_00760,26.9,4,17,44.8,25,12.62,52.0,29.4,100.0,56.4,Free_Flow
EVT_00761,20.8,17,16,35.8,5,18.32,60.6,29.2,42.1,73.2,Pedestrian_Event
EVT_00762,60.8,4,31,21.9,71,20.63,57.2,31.7,17.6,58.7,Heavy_Traffic
EVT_00763,12.6,2,7,31.0,23,19.87,43.7,27.9,23.9,69.7,Low_Activity
EVT_00764,2.6,1,6,41.1,19,6.2,48.4,19.6,52.1,59.1,Low_Activity
EVT_00765,11.9,3,14,41.1,21,2.56,49.6,19.6,10.0,60.7,Low_Activity
EVT_00766,66.4,5,29,28.1,62,18.11,55.0,32.9,50.1,38.7,Heavy_Traffic
EVT_00767,75.0,7,37,18.9,64,7.44,67.8,22.8,54.9,70.9,Heavy_Traffic
EVT_00768,77.9,3,25,15.3,18,8.66,48.5,29.1,55.3,64.9,Heavy_Traffic
EVT_00769,30.6,7,18,38.3,33,13.48,55.9,31.0,57.5,48.9,Free_Flow
EVT_00770,34.5,10,13,43.5,5,10.18,54.3,29.7,79.1,60.0,Free_Flow
EVT_00771,23.1,3,23,16.8,50,14.4,54.8,33.0,81.5,81.5,Free_Flow
EVT_00772,56.3,6,25,25.8,61,17.23,56.0,32.8,55.3,60.8,Heavy_Traffic
EVT_00773,53.7,10,30,8.3,69,7.74,57.0,25.0,52.4,81.6,Heavy_Traffic
EVT_00774,22.1,3,11,49.1,43,23.1,59.9,21.3,30.6,73.6,Free_Flow
EVT_00775,60.8,8,13,15.8,79,17.35,58.1,30.0,53.1,71.6,Incident
EVT_00776,66.0,14,47,13.1,76,9.56,60.3,26.9,82.8,60.8,Heavy_Traffic
EVT_00777,3.2,1,4,19.3,0,15.57,48.6,25.1,63.6,58.3,Low_Activity
EVT_00778,6.4,0,6,19.8,18,23.63,51.8,21.2,0.0,58.1,Low_Activity
EVT_00779,31.7,2,17,36.2,15,23.5,44.0,26.6,17.4,64.0,Free_Flow
EVT_00780,55.1,6,36,15.5,9,21.33,62.4,29.7,2.4,63.6,Heavy_Traffic
EVT_00781,33.1,1,12,47.4,25,5.89,58.2,18.8,24.1,64.0,Free_Flow
EVT_00782,88.3,6,35,11.0,69,18.08,56.5,31.9,19.8,58.0,Heavy_Traffic
EVT_00783,29.0,31,26,21.6,60,11.82,59.8,31.7,72.5,53.4,Free_Flow
EVT_00784,74.1,4,42,21.1,16,18.61,59.8,32.5,27.2,52.3,Heavy_Traffic
EVT_00785,36.6,43,2,15.6,36,15.01,49.3,32.7,56.4,60.7,Pedestrian_Event
EVT_00786,42.8,29,30,2.4,60,18.68,62.1,19.4,28.2,84.8,Pedestrian_Event
EVT_00787,48.7,1,23,23.9,27,22.95,63.9,12.3,14.7,71.8,Free_Flow
EVT_00788,73.1,3,36,14.7,75,9.33,57.5,24.0,66.8,68.4,Heavy_Traffic
EVT_00789,36.8,9,11,43.9,10,7.01,61.1,25.1,30.1,61.8,Free_Flow
EVT_00790,22.5,4,18,5.0,30,9.71,52.1,28.7,74.7,59.6,Incident
EVT_00791,34.5,3,40,23.9,114,21.07,52.5,25.5,23.3,66.6,Heavy_Traffic
EVT_00792,59.2,1,22,22.8,71,4.51,57.2,24.9,42.8,78.1,Incident
EVT_00793,33.5,6,22,21.5,65,18.11,43.2,31.2,30.2,63.2,Incident
EVT_00794,81.5,6,42,14.7,110,20.96,61.6,24.7,10.8,70.5,Heavy_Traffic
EVT_00795,14.0,1,2,50.9,4,2.4,47.2,20.1,22.3,77.6,Low_Activity
EVT_00796,35.3,7,5,47.8,34,19.9,45.5,30.9,23.1,43.3,Free_Flow
EVT_00797,35.9,1,10,39.3,8,5.32,50.3,25.0,4.8,66.4,Free_Flow
EVT_00798,33.4,6,22,35.8,37,7.56,60.8,27.6,38.4,53.0,Free_Flow
EVT_00799,100.0,2,50,20.2,53,10.46,76.2,31.3,68.2,64.8,Heavy_Traffic
EVT_00800,41.9,6,30,15.4,0,20.28,60.7,23.2,24.2,91.8,Heavy_Traffic
EVT_00801,34.2,6,14,54.8,9,18.81,69.6,28.5,10.2,66.1,Free_Flow
EVT_00802,41.4,6,37,11.6,58,15.65,60.5,29.5,73.8,84.3,Incident
EVT_00803,14.5,2,18,64.4,44,13.33,59.9,28.1,74.4,73.3,Free_Flow
EVT_00804,22.0,2,24,58.8,33,19.0,63.1,25.8,25.7,51.9,Free_Flow
EVT_00805,22.5,15,22,49.5,16,17.49,59.3,23.6,33.9,55.7,Low_Activity
EVT_00806,23.3,2,16,52.3,10,5.01,55.3,22.8,18.2,75.2,Free_Flow
EVT_00807,42.9,23,18,36.4,0,13.86,50.5,30.2,79.4,60.8,Pedestrian_Event
EVT_00808,58.9,35,6,36.4,47,7.27,51.1,17.8,47.6,63.3,Pedestrian_Event
EVT_00809,8.4,3,3,60.6,11,18.96,54.1,28.3,30.7,78.7,Free_Flow
EVT_00810,20.3,2,15,70.2,8,22.64,41.8,20.0,29.4,60.0,Low_Activity
EVT_00811,27.3,8,4,29.7,50,15.05,54.9,34.5,72.3,50.2,Pedestrian_Event
EVT_00812,4.1,0,4,47.1,20,3.49,51.6,23.8,23.4,53.4,Low_Activity
EVT_00813,8.5,2,5,49.4,0,23.38,54.5,28.5,6.8,48.5,Low_Activity
EVT_00814,32.0,32,32,6.8,48,7.78,69.9,21.3,52.4,100.0,Free_Flow
EVT_00815,22.8,0,2,45.6,12,23.06,49.5,31.6,26.9,63.9,Low_Activity
EVT_00816,62.7,19,10,27.6,79,7.71,51.2,24.6,28.7,60.5,Pedestrian_Event
EVT_00817,68.3,7,19,19.1,63,18.45,43.8,30.0,39.0,68.7,Incident
EVT_00818,27.1,5,21,27.1,18,16.63,54.9,31.6,47.8,54.3,Free_Flow
EVT_00819,0.0,2,6,45.4,0,4.08,53.9,17.0,19.9,83.4,Low_Activity
EVT_00820,58.1,22,9,28.4,36,9.69,53.0,22.8,81.2,56.8,Pedestrian_Event
EVT_00821,30.5,5,16,42.0,24,5.32,59.7,25.2,32.6,73.7,Free_Flow
EVT_00822,49.1,4,33,12.8,72,20.56,60.1,25.9,10.6,71.3,Heavy_Traffic
EVT_00823,27.0,2,8,50.9,38,21.1,65.1,26.7,7.6,62.3,Free_Flow
EVT_00824,41.4,7,35,13.9,107,16.36,66.2,31.5,42.3,66.6,Incident
EVT_00825,52.0,5,40,30.1,28,9.92,61.9,26.8,69.1,59.7,Heavy_Traffic
EVT_00826,75.4,20,19,12.5,57,9.82,56.1,34.1,65.2,66.1,Heavy_Traffic
EVT_00827,32.2,3,10,46.2,9,11.32,54.1,23.6,95.9,77.4,Free_Flow
EVT_00828,6.9,7,7,51.0,18,10.28,55.0,28.1,62.7,65.1,Low_Activity
EVT_00829,21.5,11,5,32.3,40,15.4,56.1,31.2,76.8,60.0,Heavy_Traffic
EVT_00830,44.0,7,29,22.0,32,8.66,62.9,22.1,49.1,70.0,Heavy_Traffic
EVT_00831,50.8,25,20,43.9,21,14.64,63.4,33.1,73.5,65.5,Pedestrian_Event
EVT_00832,15.6,0,5,44.3,20,6.19,57.3,20.5,20.8,82.6,Low_Activity
EVT_00833,10.9,34,6,35.4,44,13.83,46.2,25.7,63.3,65.6,Free_Flow
EVT_00834,25.7,5,18,35.4,9,11.59,53.6,30.1,98.9,63.5,Low_Activity
EVT_00835,30.1,0,10,42.7,4,12.32,52.9,32.2,63.0,60.9,Free_Flow
EVT_00836,61.0,9,41,29.0,65,9.11,53.8,28.9,70.1,61.2,Heavy_Traffic
EVT_00837,35.9,27,11,37.6,41,16.35,38.9,39.7,23.5,55.4,Pedestrian_Event
EVT_00838,73.6,10,18,15.7,91,18.43,56.4,28.5,24.6,62.9,Heavy_Traffic
EVT_00839,56.3,14,30,26.2,63,9.75,45.7,28.4,80.5,71.7,Incident
EVT_00840,46.4,16,17,26.8,21,10.95,60.9,29.4,80.8,66.9,Free_Flow
EVT_00841,85.6,6,35,32.0,69,17.27,64.5,34.6,38.7,49.2,Heavy_Traffic
EVT_00842,26.4,29,34,35.2,54,12.5,53.4,31.6,76.2,58.4,Pedestrian_Event
EVT_00843,9.8,0,6,39.1,14,19.78,52.0,31.1,13.1,52.2,Free_Flow
EVT_00844,22.9,1,8,32.5,9,21.14,52.1,23.3,33.6,73.7,Low_Activity
EVT_00845,83.7,6,40,0.1,15,18.21,52.1,27.9,23.5,65.2,Incident
EVT_00846,34.6,6,26,39.3,8,13.71,57.6,33.0,72.6,71.6,Heavy_Traffic
EVT_00847,57.3,19,35,13.0,63,16.53,58.6,27.7,71.2,65.3,Heavy_Traffic
EVT_00848,23.0,19,17,51.0,7,20.29,57.3,24.5,25.6,53.8,Low_Activity
EVT_00849,47.5,34,17,29.2,26,7.31,53.3,32.1,31.8,62.1,Pedestrian_Event
EVT_00850,60.6,1,10,17.4,0,4.08,51.1,19.9,7.5,66.1,Incident
EVT_00851,82.7,4,41,36.7,26,7.77,60.2,23.2,62.1,55.5,Heavy_Traffic
EVT_00852,2.8,0,3,48.6,0,23.58,52.9,16.2,2.8,78.3,Low_Activity
EVT_00853,13.9,1,0,63.4,12,22.7,54.5,23.6,21.7,75.5,Low_Activity
EVT_00854,45.0,26,6,29.0,40,7.83,51.7,25.7,51.2,66.3,Pedestrian_Event
EVT_00855,50.5,6,44,22.9,56,19.24,63.9,29.5,19.8,67.8,Incident
EVT_00856,21.7,0,3,66.6,23,18.75,46.1,30.6,19.1,71.8,Low_Activity
EVT_00857,40.7,3,8,48.1,9,14.84,59.4,37.0,63.2,59.7,Free_Flow
EVT_00858,12.9,1,1,50.3,17,3.85,58.3,26.6,19.3,71.0,Low_Activity
EVT_00859,21.7,6,10,50.3,28,9.88,48.6,26.1,59.3,73.4,Free_Flow
EVT_00860,46.2,18,21,25.8,9,8.85,58.4,18.0,82.9,71.2,Pedestrian_Event
EVT_00861,65.7,17,26,19.3,14,13.48,59.2,28.4,85.7,63.4,Pedestrian_Event
EVT_00862,25.8,3,14,48.6,13,8.16,54.6,26.5,59.2,77.2,Free_Flow
EVT_00863,23.6,4,19,44.6,8,7.03,50.5,20.1,38.0,73.6,Free_Flow
EVT_00864,10.7,5,11,16.4,63,20.55,53.4,25.9,23.4,79.7,Pedestrian_Event
EVT_00865,33.7,18,29,26.2,66,8.64,60.4,27.0,64.4,54.1,Pedestrian_Event
EVT_00866,81.9,5,43,19.9,92,12.11,61.2,28.1,83.0,65.8,Pedestrian_Event
EVT_00867,27.6,1,4,48.3,13,12.87,50.8,33.1,85.5,60.1,Pedestrian_Event
EVT_00868,70.7,8,25,7.0,61,8.39,49.5,22.9,69.5,69.3,Heavy_Traffic
EVT_00869,64.9,15,45,14.4,63,7.76,57.3,24.0,51.3,74.6,Heavy_Traffic
EVT_00870,73.5,13,28,32.3,26,8.92,53.8,30.9,52.1,67.4,Incident
EVT_00871,45.3,5,37,46.6,0,8.8,69.4,21.5,50.7,80.8,Free_Flow
EVT_00872,5.4,2,8,45.6,17,3.14,49.9,17.9,26.8,75.4,Low_Activity
EVT_00873,92.3,2,49,12.2,82,21.58,65.6,27.7,19.8,63.5,Free_Flow
EVT_00874,19.3,0,2,26.3,26,22.91,50.4,22.9,18.2,81.9,Low_Activity
EVT_00875,42.3,13,20,16.8,18,15.67,54.5,23.6,71.0,61.6,Pedestrian_Event
EVT_00876,73.3,11,53,19.1,45,7.16,70.3,22.5,62.5,56.3,Heavy_Traffic
EVT_00877,49.2,5,23,30.8,30,9.12,58.4,24.1,65.3,66.4,Incident
EVT_00878,0.0,4,4,63.9,16,23.48,62.3,21.4,24.3,61.9,Low_Activity
EVT_00879,42.4,18,18,17.2,65,11.15,52.0,29.7,81.6,62.8,Pedestrian_Event
EVT_00880,12.3,0,5,34.2,23,22.41,57.8,21.6,10.9,60.1,Low_Activity
EVT_00881,53.3,22,21,30.9,70,7.18,53.8,21.9,27.9,71.4,Pedestrian_Event
EVT_00882,22.8,19,24,42.9,35,9.64,69.2,28.4,80.5,69.4,Pedestrian_Event
EVT_00883,45.5,3,3,20.0,17,12.84,46.5,31.5,72.0,60.9,Free_Flow
EVT_00884,47.0,15,15,44.8,49,12.92,57.2,29.7,72.0,58.5,Pedestrian_Event
EVT_00885,27.5,0,3,65.8,16,6.16,51.2,23.7,28.1,54.7,Low_Activity
EVT_00886,10.3,0,7,50.7,28,23.36,53.0,21.6,19.9,61.4,Low_Activity
EVT_00887,79.1,5,11,23.7,50,3.04,49.6,14.6,31.7,75.3,Incident
EVT_00888,16.5,1,8,34.3,10,23.61,55.1,24.8,23.0,82.7,Low_Activity
EVT_00889,48.2,15,32,1.3,80,11.69,63.4,28.7,70.6,75.8,Incident
EVT_00890,17.8,1,2,47.5,44,1.42,40.8,21.1,17.1,66.1,Low_Activity
EVT_00891,49.1,9,37,10.6,76,16.86,49.5,32.2,57.8,58.3,Incident
EVT_00892,48.4,2,38,19.6,59,6.44,62.9,21.2,32.9,58.8,Incident
EVT_00893,6.1,1,3,37.2,0,0.24,49.2,21.0,28.6,64.9,Low_Activity
EVT_00894,35.3,6,31,0.0,48,16.14,68.1,37.4,38.7,100.0,Incident
EVT_00895,61.9,7,38,9.1,40,6.53,57.5,22.6,48.5,63.0,Heavy_Traffic
EVT_00896,48.0,11,21,34.6,11,21.9,50.4,27.4,31.7,60.2,Pedestrian_Event
EVT_00897,0.0,2,8,22.5,14,4.95,51.7,22.1,38.8,66.5,Low_Activity
EVT_00898,22.0,2,3,34.9,20,4.46,49.0,20.9,25.1,77.2,Low_Activity
EVT_00899,66.2,2,12,3.9,47,0.91,49.7,14.6,10.4,66.4,Free_Flow
EVT_00900,18.0,5,15,50.4,20,20.29,55.6,25.0,20.4,76.4,Free_Flow
EVT_00901,22.1,2,17,49.4,0,10.57,57.6,29.5,97.9,61.2,Free_Flow
EVT_00902,35.3,2,30,10.7,54,6.14,48.7,21.0,44.2,74.6,Incident
EVT_00903,44.4,2,26,40.6,36,22.04,65.8,28.6,40.1,63.7,Free_Flow
EVT_00904,13.4,6,16,22.7,24,6.57,50.6,26.8,27.1,54.6,Low_Activity
EVT_00905,50.3,3,16,45.6,22,5.13,48.3,16.4,24.6,60.5,Free_Flow
EVT_00906,53.8,28,29,24.0,60,8.76,63.1,26.9,53.9,51.4,Pedestrian_Event
EVT_00907,13.0,0,5,26.1,14,0.72,46.4,17.3,25.9,71.4,Low_Activity
EVT_00908,25.1,24,15,47.7,28,8.99,58.3,29.7,57.4,72.6,Pedestrian_Event
EVT_00909,55.6,10,10,67.2,0,19.94,55.7,22.9,31.7,69.4,Free_Flow
EVT_00910,0.0,0,3,66.6,12,0.87,55.2,22.7,23.7,66.1,Low_Activity
EVT_00911,42.5,33,18,29.1,19,12.25,64.4,30.3,89.4,90.2,Pedestrian_Event
EVT_00912,52.5,6,13,20.4,70,6.8,55.8,24.9,49.3,57.7,Heavy_Traffic
EVT_00913,34.8,6,14,14.5,56,18.96,45.3,27.4,26.4,76.4,Incident
EVT_00914,18.3,0,4,49.5,0,23.35,46.6,23.9,18.1,63.7,Low_Activity
EVT_00915,64.0,23,2,28.7,44,13.92,51.3,30.6,67.9,70.1,Pedestrian_Event
EVT_00916,23.6,6,21,36.8,45,16.17,51.0,27.8,36.1,60.1,Free_Flow
EVT_00917,23.9,2,13,14.3,17,1.03,50.3,17.8,13.7,100.0,Low_Activity
EVT_00918,44.2,4,29,21.3,58,8.9,53.1,26.9,66.9,66.6,Heavy_Traffic
EVT_00919,22.3,0,4,51.3,18,16.6,51.7,30.6,57.1,56.2,Low_Activity
EVT_00920,17.0,2,1,32.9,0,6.59,48.4,27.4,56.7,66.0,Low_Activity
EVT_00921,22.1,13,23,45.0,42,18.25,46.4,23.3,37.3,50.9,Free_Flow
EVT_00922,35.4,10,38,45.6,21,13.93,56.0,26.7,83.0,60.9,Free_Flow
EVT_00923,68.5,7,27,30.5,75,12.12,56.4,32.8,50.2,49.2,Incident
EVT_00924,78.3,7,35,22.9,33,9.84,63.7,26.0,53.6,66.0,Heavy_Traffic
EVT_00925,33.1,1,19,45.7,0,10.77,52.8,32.1,81.6,41.5,Low_Activity
EVT_00926,31.0,5,24,39.2,4,6.8,61.6,27.8,38.5,74.4,Free_Flow
EVT_00927,18.9,10,10,40.2,28,18.95,57.7,23.6,17.5,62.1,Free_Flow
EVT_00928,25.9,2,23,50.4,28,9.33,59.2,27.6,61.3,61.8,Free_Flow
EVT_00929,30.4,3,15,59.2,18,7.79,56.8,25.5,41.4,63.4,Free_Flow
EVT_00930,28.7,10,7,37.3,47,7.09,65.9,19.4,41.8,70.8,Free_Flow
EVT_00931,29.8,27,8,24.3,41,7.11,59.2,24.7,36.3,61.3,Pedestrian_Event
EVT_00932,57.5,3,34,21.9,56,7.83,60.4,25.4,60.4,56.7,Heavy_Traffic
EVT_00933,8.9,6,34,16.7,91,20.27,59.5,25.5,7.3,52.3,Incident
EVT_00934,86.6,1,35,24.4,78,7.43,51.1,22.1,48.6,62.7,Heavy_Traffic
EVT_00935,30.1,6,14,55.9,14,19.03,43.6,29.0,33.2,46.3,Free_Flow
EVT_00936,6.5,0,3,48.7,18,22.38,41.5,20.2,41.2,59.3,Low_Activity
EVT_00937,52.4,7,31,19.6,45,6.55,78.7,12.7,35.8,87.6,Incident
EVT_00938,7.2,1,3,35.0,0,23.22,38.9,27.6,20.8,57.4,Low_Activity
EVT_00939,50.9,13,30,13.7,52,5.93,53.2,22.0,26.5,72.8,Pedestrian_Event
EVT_00940,22.7,5,14,40.6,11,18.18,48.2,27.2,47.2,77.4,Free_Flow
EVT_00941,18.9,6,13,30.8,1,11.3,48.4,24.1,79.7,65.6,Free_Flow
EVT_00942,66.5,16,35,12.7,102,12.7,67.9,33.3,86.9,81.6,Incident
EVT_00943,40.4,3,23,52.0,30,9.47,57.8,22.7,70.4,56.5,Free_Flow
EVT_00944,58.8,11,36,11.6,61,17.85,57.3,28.6,14.9,69.5,Heavy_Traffic
EVT_00945,37.3,7,23,46.3,17,19.02,60.3,31.4,22.0,62.7,Free_Flow
EVT_00946,75.1,6,44,24.9,3,8.57,58.3,22.6,70.2,48.4,Heavy_Traffic
EVT_00947,10.6,2,24,60.1,13,21.71,65.6,22.5,22.7,52.8,Free_Flow
EVT_00948,67.2,5,35,22.6,73,7.06,53.0,23.3,46.6,64.8,Heavy_Traffic
EVT_00949,68.4,22,25,15.2,19,18.08,58.6,32.2,38.3,55.0,Pedestrian_Event
EVT_00950,25.4,2,25,48.8,10,22.73,56.2,21.0,26.8,77.4,Heavy_Traffic
EVT_00951,53.0,8,14,41.3,5,12.07,52.1,33.5,83.7,69.1,Free_Flow
EVT_00952,63.8,7,38,7.7,48,13.25,60.4,27.2,75.5,71.7,Heavy_Traffic
EVT_00953,83.9,2,45,21.6,97,20.82,68.6,23.4,11.0,64.4,Heavy_Traffic
EVT_00954,58.1,5,34,25.6,66,18.28,62.9,35.4,51.3,68.8,Heavy_Traffic
EVT_00955,60.2,9,21,24.1,39,9.35,66.9,22.7,80.0,79.1,Pedestrian_Event
EVT_00956,42.6,1,60,12.1,46,18.39,63.6,31.2,25.7,79.9,Heavy_Traffic
EVT_00957,22.0,4,12,56.9,8,13.56,63.0,34.0,67.4,67.8,Free_Flow
EVT_00958,31.0,27,20,28.1,18,8.71,62.3,21.2,46.6,80.6,Pedestrian_Event
EVT_00959,84.8,16,51,9.3,103,9.62,59.3,23.0,88.0,77.7,Heavy_Traffic
EVT_00960,3.5,6,38,17.1,49,23.17,54.4,21.7,13.4,50.5,Incident
EVT_00961,61.5,6,35,14.4,52,16.86,53.7,22.7,45.9,86.5,Heavy_Traffic
EVT_00962,50.6,19,30,20.7,35,9.82,60.7,24.1,99.8,67.7,Heavy_Traffic
EVT_00963,31.8,2,13,47.3,32,22.79,55.8,20.6,37.5,68.4,Free_Flow
EVT_00964,43.7,10,22,13.9,28,13.62,61.1,32.4,72.9,61.3,Incident
EVT_00965,47.4,9,8,15.4,2,7.13,55.4,22.4,62.2,87.5,Incident
EVT_00966,82.8,2,21,6.7,90,20.64,43.9,24.3,38.4,70.1,Incident
EVT_00967,6.1,1,17,36.0,14,22.53,48.0,23.3,21.9,62.4,Low_Activity
EVT_00968,20.8,1,6,61.6,30,23.66,55.3,23.5,7.3,70.1,Low_Activity
EVT_00969,15.5,5,23,36.8,12,11.23,59.7,30.1,92.3,51.8,Free_Flow
EVT_00970,33.1,23,34,11.0,67,17.48,66.1,31.5,50.9,61.6,Pedestrian_Event
EVT_00971,29.0,18,23,29.8,49,15.58,48.8,32.4,76.1,67.7,Pedestrian_Event
EVT_00972,66.0,5,24,10.2,39,19.81,59.2,28.6,33.2,80.4,Heavy_Traffic
EVT_00973,47.1,21,39,23.2,53,20.07,56.1,32.7,29.1,62.4,Pedestrian_Event
EVT_00974,76.4,1,3,11.9,1,21.77,44.6,27.0,27.1,66.5,Heavy_Traffic
EVT_00975,98.9,7,30,19.7,39,13.42,60.5,31.1,75.2,55.5,Incident
EVT_00976,61.5,6,30,24.5,43,11.67,52.7,32.5,73.0,64.9,Heavy_Traffic
EVT_00977,52.6,19,14,20.2,48,17.5,52.7,30.5,30.5,76.7,Pedestrian_Event
EVT_00978,23.7,6,22,30.6,15,19.15,46.3,30.2,45.8,71.2,Incident
EVT_00979,11.9,6,5,69.5,17,5.09,52.9,22.9,10.2,76.1,Free_Flow
EVT_00980,94.6,5,49,22.1,27,8.06,56.7,23.1,64.0,45.6,Heavy_Traffic
EVT_00981,56.3,19,28,23.5,42,7.71,55.8,31.5,55.3,53.9,Pedestrian_Event
EVT_00982,4.9,2,5,62.4,8,1.88,49.0,21.9,19.1,51.3,Low_Activity
EVT_00983,83.3,22,10,10.7,62,8.7,56.9,26.6,77.1,72.4,Incident
EVT_00984,61.5,11,31,18.3,81,16.56,60.3,27.7,54.1,52.2,Heavy_Traffic
EVT_00985,84.1,7,38,7.1,52,7.08,59.0,27.0,59.7,65.2,Incident
EVT_00986,70.9,20,44,37.9,9,6.88,62.5,19.4,50.8,57.9,Pedestrian_Event
EVT_00987,42.4,4,47,17.1,80,7.98,65.9,25.3,56.5,67.8,Heavy_Traffic
EVT_00988,1.0,0,6,23.2,15,22.75,48.8,21.4,1.7,76.8,Low_Activity
EVT_00989,67.9,4,10,18.6,91,13.81,41.5,34.5,75.2,73.3,Incident
EVT_00990,47.4,8,27,48.8,11,13.93,63.0,32.0,100.0,44.5,Low_Activity
EVT_00991,18.1,0,3,36.7,15,22.62,46.7,23.7,15.5,68.6,Low_Activity
EVT_00992,64.7,3,34,18.4,78,6.71,67.9,27.0,26.6,77.8,Heavy_Traffic
EVT_00993,34.0,5,21,8.8,55,23.27,56.7,19.1,40.8,74.9,Incident
EVT_00994,68.2,10,44,6.9,26,12.03,76.3,28.1,100.0,70.6,Incident
EVT_00995,28.5,0,4,39.3,29,4.99,36.4,17.5,28.3,72.4,Low_Activity
EVT_00996,13.9,3,4,5.8,14,13.47,42.9,34.5,76.7,60.7,Low_Activity
EVT_00997,31.3,2,23,52.1,19,23.48,55.5,26.0,9.8,64.2,Free_Flow
EVT_00998,55.5,1,21,30.2,24,5.61,51.4,18.8,23.0,93.8,Free_Flow
EVT_00999,50.6,21,29,48.1,43,17.34,65.4,25.4,40.6,99.4,Free_Flow
EVT_01000,53.7,1,24,10.4,40,19.17,55.7,31.4,34.4,56.3,Heavy_Traffic
EVT_01001,56.2,28,14,28.2,36,17.74,52.0,26.8,20.9,45.1,Pedestrian_Event
EVT_01002,66.1,4,33,39.0,43,23.26,61.7,22.7,22.7,60.8,Free_Flow
EVT_01003,20.7,4,26,44.9,49,20.29,50.9,30.6,8.7,44.2,Free_Flow
EVT_01004,36.4,23,12,0.0,18,13.76,53.3,30.9,86.4,68.3,Pedestrian_Event
EVT_01005,8.7,3,7,33.0,14,22.84,57.1,19.8,22.9,78.8,Low_Activity
EVT_01006,70.0,7,58,23.8,51,18.74,65.8,35.5,13.1,52.5,Heavy_Traffic
EVT_01007,27.3,2,26,48.7,34,20.56,52.0,27.7,22.6,66.1,Free_Flow
EVT_01008,12.1,0,2,42.7,29,4.2,54.4,17.7,29.3,62.6,Low_Activity
EVT_01009,31.0,21,0,25.7,61,7.98,50.4,23.8,43.9,61.4,Pedestrian_Event
EVT_01010,64.7,2,49,13.1,76,8.93,57.6,28.6,67.7,74.0,Heavy_Traffic
EVT_01011,24.5,3,7,39.5,14,23.51,46.8,25.7,20.9,62.6,Free_Flow
EVT_01012,29.9,26,23,23.3,22,15.3,53.8,26.8,64.5,67.0,Pedestrian_Event
EVT_01013,51.2,7,23,20.5,42,9.46,65.7,28.8,72.0,74.5,Heavy_Traffic
EVT_01014,56.6,4,24,42.9,22,10.7,57.0,25.0,94.3,55.9,Free_Flow
EVT_01015,56.8,3,17,50.5,41,5.64,60.2,19.4,24.8,97.9,Free_Flow
EVT_01016,19.5,10,21,3.7,51,12.21,59.3,29.6,83.9,73.8,Incident
EVT_01017,76.1,2,43,11.8,31,9.79,60.0,27.8,72.4,50.6,Incident
EVT_01018,15.4,2,6,37.6,6,23.28,54.4,21.1,23.6,75.7,Low_Activity
EVT_01019,65.8,5,18,22.7,17,21.46,53.8,28.6,15.6,60.1,Pedestrian_Event
EVT_01020,67.0,7,3,14.3,68,14.83,52.2,27.5,74.5,60.6,Incident
EVT_01021,35.1,5,44,55.3,44,18.22,62.2,30.6,29.8,60.5,Free_Flow
EVT_01022,29.2,13,24,12.3,25,17.29,49.0,29.4,38.3,70.1,Pedestrian_Event
EVT_01023,10.3,6,2,83.1,6,15.14,62.9,32.9,59.3,67.5,Low_Activity
EVT_01024,75.5,3,11,15.2,58,7.71,61.9,21.3,56.5,74.6,Incident
EVT_01025,56.0,5,35,23.0,85,11.98,58.1,28.1,80.3,64.0,Heavy_Traffic
EVT_01026,25.9,4,0,38.8,0,7.21,42.3,26.8,54.4,62.2,Free_Flow
EVT_01027,61.3,3,42,15.4,64,1.22,61.0,19.7,12.3,56.9,Incident
EVT_01028,73.6,4,26,30.2,74,8.54,56.1,25.7,66.9,74.0,Heavy_Traffic
EVT_01029,69.9,10,35,10.3,40,7.7,61.3,28.7,69.8,50.4,Heavy_Traffic
EVT_01030,65.9,6,38,41.7,43,9.18,61.2,28.6,96.2,74.5,Heavy_Traffic
EVT_01031,26.9,4,26,41.0,14,11.06,68.1,24.0,64.4,61.0,Free_Flow
EVT_01032,14.1,24,18,30.6,25,13.42,46.7,29.8,84.7,65.3,Pedestrian_Event
EVT_01033,70.6,6,28,38.9,107,9.72,51.0,25.4,80.7,86.0,Heavy_Traffic
EVT_01034,28.6,2,22,24.4,59,0.5,50.0,19.4,10.1,67.5,Incident
EVT_01035,38.6,4,23,59.3,37,10.98,67.8,28.0,85.6,80.1,Free_Flow
EVT_01036,9.9,36,9,17.5,14,7.1,57.1,24.7,46.3,64.1,Pedestrian_Event
EVT_01037,68.1,3,0,17.7,17,23.0,48.3,21.3,34.4,64.0,Incident
EVT_01038,10.7,0,6,39.7,0,23.58,49.0,17.4,6.3,71.8,Low_Activity
EVT_01039,59.3,9,45,6.6,93,18.61,61.1,21.0,21.2,71.4,Heavy_Traffic
EVT_01040,46.7,16,25,15.0,26,10.12,49.4,25.4,74.4,60.9,Pedestrian_Event
EVT_01041,55.5,7,44,26.4,40,8.81,73.9,22.8,63.9,93.4,Heavy_Traffic
EVT_01042,18.5,3,4,29.3,1,15.38,62.6,28.5,60.4,73.1,Low_Activity
EVT_01043,30.9,2,0,39.7,18,17.88,54.1,27.0,15.3,68.3,Free_Flow
EVT_01044,14.1,36,26,16.3,72,8.9,51.1,26.4,62.6,56.1,Pedestrian_Event
EVT_01045,41.8,1,31,28.6,52,11.91,63.5,27.3,69.3,70.3,Free_Flow
EVT_01046,12.3,13,4,13.0,33,16.42,46.8,29.7,50.2,65.3,Pedestrian_Event
EVT_01047,67.1,26,20,13.3,10,17.83,45.4,32.6,36.7,58.3,Pedestrian_Event
EVT_01048,87.7,3,17,7.2,81,13.7,48.4,31.4,83.7,49.1,Heavy_Traffic
EVT_01049,71.5,9,31,38.8,25,21.68,55.2,34.3,30.2,58.4,Pedestrian_Event
EVT_01050,33.3,2,30,19.8,70,23.5,48.1,19.0,16.1,65.2,Incident
EVT_01051,59.1,22,21,11.4,45,12.0,47.1,27.8,62.5,62.5,Pedestrian_Event
EVT_01052,79.3,2,39,24.1,48,10.85,57.7,25.8,82.5,62.5,Heavy_Traffic
EVT_01053,25.1,1,11,38.6,33,5.59,54.8,25.2,28.2,71.7,Free_Flow
EVT_01054,37.8,18,29,30.7,45,14.66,54.4,27.2,84.5,62.0,Pedestrian_Event
EVT_01055,67.9,12,35,13.5,79,8.59,55.5,28.4,49.8,55.2,Heavy_Traffic
EVT_01056,44.5,31,25,32.2,0,15.58,62.2,36.5,44.3,47.0,Pedestrian_Event
EVT_01057,10.6,1,7,61.8,14,15.73,54.3,37.1,61.4,80.2,Low_Activity
EVT_01058,68.1,8,40,4.3,17,8.86,57.8,24.3,61.3,69.0,Pedestrian_Event
EVT_01059,39.7,5,9,52.5,0,12.68,53.9,34.3,82.4,59.9,Free_Flow
EVT_01060,42.5,3,22,41.8,19,15.03,66.0,29.4,56.1,79.5,Free_Flow
EVT_01061,0.0,0,5,40.9,3,22.34,50.6,22.8,30.4,61.6,Low_Activity
EVT_01062,42.7,4,36,7.1,50,18.63,55.4,26.1,22.7,48.5,Heavy_Traffic
EVT_01063,16.4,0,4,36.0,15,23.26,51.9,20.1,34.3,46.4,Low_Activity
EVT_01064,26.7,30,24,32.3,42,13.61,63.4,32.9,86.7,65.5,Pedestrian_Event
EVT_01065,90.7,2,29,6.4,68,21.55,60.3,32.0,2.3,62.6,Incident
EVT_01066,73.4,4,23,35.6,58,7.56,64.1,23.1,77.0,53.9,Heavy_Traffic
EVT_01067,17.7,0,4,36.8,0,22.72,52.5,26.5,26.7,59.3,Free_Flow
EVT_01068,43.8,15,25,20.0,63,12.64,52.0,31.8,71.3,78.6,Pedestrian_Event
EVT_01069,8.7,2,14,73.1,26,4.34,51.4,20.3,31.2,56.4,Low_Activity
EVT_01070,69.5,33,21,28.7,58,8.21,50.8,23.3,42.6,52.8,Pedestrian_Event
EVT_01071,29.2,6,26,19.2,9,14.68,52.0,34.2,60.8,57.8,Free_Flow
EVT_01072,33.3,28,9,24.0,36,18.19,48.9,28.8,30.0,81.3,Pedestrian_Event
EVT_01073,14.3,2,2,31.4,14,23.99,54.3,17.4,27.3,54.7,Low_Activity
EVT_01074,47.6,29,37,0.2,62,6.65,66.6,28.1,41.3,66.8,Pedestrian_Event
EVT_01075,17.9,1,12,41.6,24,23.31,47.6,23.6,33.0,64.4,Low_Activity
EVT_01076,50.1,4,43,2.7,70,15.71,54.1,32.1,77.3,54.3,Free_Flow
EVT_01077,59.5,20,25,38.7,18,10.92,52.3,26.6,95.8,78.0,Pedestrian_Event
EVT_01078,66.1,3,41,8.6,86,21.82,73.8,20.4,26.3,90.6,Heavy_Traffic
EVT_01079,35.0,3,11,59.0,21,19.19,63.9,28.6,33.5,62.5,Free_Flow
EVT_01080,66.9,8,13,9.5,63,9.61,43.7,23.3,69.1,61.5,Heavy_Traffic
EVT_01081,86.0,4,25,18.7,17,0.53,54.8,23.5,21.2,59.4,Free_Flow
EVT_01082,26.6,15,20,15.7,23,9.36,62.0,27.8,71.0,77.5,Pedestrian_Event
EVT_01083,36.8,24,14,37.9,39,8.69,44.0,26.6,66.2,53.2,Pedestrian_Event
EVT_01084,30.5,8,14,55.1,36,10.05,61.4,27.1,96.2,65.9,Free_Flow
EVT_01085,46.2,26,25,32.9,54,8.14,68.1,22.0,69.7,80.7,Pedestrian_Event
EVT_01086,17.7,1,8,39.1,26,23.68,52.1,27.3,17.9,68.1,Low_Activity
EVT_01087,45.9,5,17,45.6,27,20.0,54.6,22.4,16.8,61.1,Free_Flow
EVT_01088,56.9,7,40,16.1,0,18.64,58.1,25.3,16.2,68.0,Heavy_Traffic
EVT_01089,46.9,2,20,10.3,55,12.14,55.3,24.5,80.3,77.3,Incident
EVT_01090,57.7,5,22,20.4,0,17.88,52.2,32.3,64.0,52.0,Incident
EVT_01091,25.2,17,10,33.8,41,18.32,43.2,26.3,23.1,63.2,Pedestrian_Event
EVT_01092,32.7,17,18,40.0,58,12.81,56.1,24.1,91.0,60.3,Pedestrian_Event
EVT_01093,48.8,43,30,26.3,32,7.82,60.4,25.1,45.9,78.1,Pedestrian_Event
EVT_01094,21.9,3,3,47.7,20,17.1,55.1,35.4,57.0,56.5,Free_Flow
EVT_01095,20.7,0,5,20.4,14,23.02,51.1,20.9,37.3,71.5,Low_Activity
EVT_01096,80.2,5,3,20.5,23,11.84,51.2,31.3,80.4,60.7,Incident
EVT_01097,52.1,17,21,42.5,59,7.65,59.2,24.7,16.2,51.0,Pedestrian_Event
EVT_01098,39.4,22,29,32.4,58,8.7,63.9,27.5,78.9,63.8,Pedestrian_Event
EVT_01099,53.6,7,26,25.8,84,12.8,62.2,29.4,65.0,64.4,Heavy_Traffic
EVT_01100,22.2,4,21,54.6,35,20.95,60.7,24.7,30.5,52.0,Free_Flow
EVT_01101,52.6,18,11,25.2,58,18.02,53.5,33.8,18.0,57.5,Pedestrian_Event
EVT_01102,39.0,3,41,30.3,108,7.02,71.5,24.3,34.5,52.4,Heavy_Traffic
EVT_01103,75.1,10,61,10.1,91,18.9,60.7,31.1,14.9,71.3,Heavy_Traffic
EVT_01104,7.3,1,11,52.6,14,23.19,48.0,24.4,25.9,83.0,Low_Activity
EVT_01105,29.9,4,12,60.8,15,20.74,48.7,21.4,20.3,67.1,Free_Flow
EVT_01106,53.4,5,32,15.1,38,13.36,62.4,26.8,99.9,64.8,Incident
EVT_01107,68.8,12,48,16.2,41,17.97,68.1,25.0,38.7,67.7,Heavy_Traffic
EVT_01108,25.9,6,26,43.2,26,8.99,62.2,24.9,54.3,77.3,Free_Flow
EVT_01109,51.4,2,45,13.1,13,22.17,63.4,30.2,12.5,72.0,Incident
EVT_01110,51.3,15,3,2.2,37,15.89,43.3,27.6,58.4,77.8,Pedestrian_Event
EVT_01111,60.6,15,24,5.8,32,10.11,53.6,26.7,83.9,77.2,Pedestrian_Event
EVT_01112,19.1,4,16,44.2,0,9.6,56.9,30.4,94.2,60.0,Free_Flow
EVT_01113,29.3,4,21,42.5,33,19.54,48.5,28.2,37.3,51.2,Free_Flow
EVT_01114,31.7,16,40,17.2,29,9.38,60.2,26.7,70.5,62.6,Pedestrian_Event
EVT_01115,3.7,15,49,11.2,8,12.09,60.1,25.7,92.5,67.1,Pedestrian_Event
EVT_01116,5.7,1,8,57.9,1,23.65,55.8,24.0,29.6,65.5,Low_Activity
EVT_01117,63.3,6,16,25.8,51,16.34,54.4,29.4,70.8,64.6,Heavy_Traffic
EVT_01118,13.5,0,4,58.2,15,2.78,50.9,23.0,0.1,67.5,Low_Activity
EVT_01119,80.7,4,44,28.5,35,8.69,68.1,23.1,81.9,68.4,Heavy_Traffic
EVT_01120,43.3,1,20,62.1,23,16.71,59.7,31.6,55.7,76.0,Free_Flow
EVT_01121,57.5,6,16,17.4,83,7.95,53.5,25.7,76.5,60.4,Heavy_Traffic
EVT_01122,39.0,5,44,0.0,10,7.3,68.8,25.4,45.6,70.2,Heavy_Traffic
EVT_01123,4.5,3,16,53.4,38,10.37,59.3,33.6,67.4,67.3,Free_Flow
EVT_01124,33.5,5,18,59.4,26,11.51,57.6,28.3,75.7,55.2,Low_Activity
EVT_01125,66.4,4,27,11.6,60,9.63,51.9,25.7,76.0,71.0,Heavy_Traffic
EVT_01126,96.0,25,18,13.7,47,14.07,54.8,33.2,71.0,64.4,Incident
EVT_01127,89.5,4,23,16.1,28,13.14,51.3,34.0,85.6,73.4,Heavy_Traffic
EVT_01128,27.4,28,0,11.4,27,14.37,45.3,31.7,77.6,63.3,Free_Flow
EVT_01129,26.8,2,23,63.6,20,9.18,69.6,25.6,76.0,57.6,Free_Flow
EVT_01130,62.4,11,36,23.6,38,15.83,58.8,35.7,79.4,54.5,Heavy_Traffic
EVT_01131,8.4,1,3,44.8,28,23.75,58.2,20.9,36.1,75.4,Free_Flow
EVT_01132,72.1,6,26,24.1,10,15.46,60.2,26.5,61.9,68.4,Incident
EVT_01133,1.7,0,2,83.1,11,21.24,55.7,36.2,35.2,55.9,Low_Activity
EVT_01134,50.8,10,5,19.3,0,3.9,44.4,24.0,23.7,80.7,Incident
EVT_01135,65.3,10,38,7.4,25,16.25,49.6,32.7,61.4,67.5,Heavy_Traffic
EVT_01136,36.3,2,20,37.2,43,8.34,62.0,25.1,72.9,68.6,Free_Flow
EVT_01137,38.1,2,25,48.4,21,15.51,61.7,23.0,70.0,66.7,Free_Flow
EVT_01138,73.8,5,37,24.8,52,8.64,66.2,20.2,60.6,66.1,Heavy_Traffic
EVT_01139,50.5,7,29,35.6,29,21.75,63.9,22.4,12.4,55.3,Pedestrian_Event
EVT_01140,82.5,3,20,18.3,20,9.31,47.7,26.5,81.3,65.6,Heavy_Traffic
EVT_01141,27.6,0,7,51.3,20,22.73,43.9,24.8,19.0,82.4,Low_Activity
EVT_01142,50.9,9,49,13.1,11,7.13,61.6,21.8,41.1,67.8,Heavy_Traffic
EVT_01143,15.0,2,10,59.4,15,9.63,59.4,25.5,70.9,57.6,Low_Activity
EVT_01144,33.0,16,40,26.3,22,16.81,57.9,31.5,57.7,59.2,Free_Flow
EVT_01145,19.6,24,15,11.2,58,17.88,52.6,29.4,45.5,66.7,Pedestrian_Event
EVT_01146,72.5,24,35,25.7,54,8.24,61.1,24.4,51.8,67.1,Pedestrian_Event
EVT_01147,28.4,5,35,30.6,61,7.41,57.6,23.6,46.9,58.0,Heavy_Traffic
EVT_01148,43.5,10,35,5.5,48,4.21,61.8,23.0,9.0,74.5,Incident
EVT_01149,9.1,2,7,30.5,18,4.39,46.1,20.3,17.0,52.0,Low_Activity
EVT_01150,3.3,0,7,33.3,34,1.43,47.0,20.1,41.2,68.8,Low_Activity
EVT_01151,51.4,19,1,31.2,46,14.12,48.1,34.8,62.2,68.4,Pedestrian_Event
EVT_01152,11.7,1,4,34.5,12,23.43,53.0,19.9,25.4,74.1,Low_Activity
EVT_01153,15.4,1,4,68.5,0,4.46,54.5,22.2,14.5,57.8,Low_Activity
EVT_01154,14.1,1,5,24.4,24,23.76,40.0,15.3,30.3,69.8,Low_Activity
EVT_01155,9.7,6,25,32.2,35,6.64,54.4,26.5,21.3,66.8,Free_Flow
EVT_01156,26.8,4,21,49.0,34,11.5,62.5,26.6,80.0,67.7,Free_Flow
EVT_01157,30.9,4,29,55.4,0,9.54,59.5,25.2,63.7,61.5,Free_Flow
EVT_01158,2.1,1,6,46.0,0,3.12,45.0,20.8,32.2,57.8,Low_Activity
EVT_01159,39.7,32,18,42.2,38,12.97,57.8,32.6,63.7,47.6,Pedestrian_Event
EVT_01160,3.6,2,3,54.1,9,22.57,47.6,17.7,21.6,74.9,Low_Activity
EVT_01161,36.7,2,2,36.3,31,8.34,54.4,23.0,61.9,60.1,Free_Flow
EVT_01162,67.7,6,43,14.8,88,20.21,55.9,22.8,2.8,64.5,Heavy_Traffic
EVT_01163,37.4,8,24,44.4,22,18.29,60.1,27.5,30.8,80.6,Free_Flow
EVT_01164,23.2,1,14,36.4,23,5.55,49.6,26.6,15.6,49.0,Free_Flow
EVT_01165,3.2,4,3,71.1,1,23.93,41.6,25.7,23.0,61.5,Low_Activity
EVT_01166,77.0,7,15,11.2,72,9.06,50.5,31.4,62.1,71.0,Heavy_Traffic
EVT_01167,35.5,5,23,54.9,0,17.66,58.8,33.7,31.7,54.6,Free_Flow
EVT_01168,83.3,4,25,23.1,56,10.11,58.3,32.3,67.5,88.3,Heavy_Traffic
EVT_01169,15.9,2,12,63.5,16,19.9,53.0,29.6,0.0,59.7,Low_Activity
EVT_01170,12.0,1,6,46.9,19,23.65,55.0,24.1,21.4,63.3,Low_Activity
EVT_01171,43.7,16,45,21.2,7,8.48,59.7,26.2,58.9,84.0,Heavy_Traffic
EVT_01172,80.8,5,50,31.6,68,10.26,60.4,27.8,84.7,64.2,Heavy_Traffic
EVT_01173,20.7,5,15,49.2,16,19.07,54.7,31.2,28.5,68.7,Free_Flow
EVT_01174,55.2,4,25,60.5,32,16.65,65.4,35.6,65.8,59.1,Pedestrian_Event
EVT_01175,43.4,5,19,7.1,66,14.41,52.7,29.1,70.2,66.0,Free_Flow
EVT_01176,21.9,20,17,44.7,32,16.71,60.8,27.7,43.0,71.4,Free_Flow
EVT_01177,19.3,3,18,40.4,36,6.11,51.5,24.6,29.2,55.4,Free_Flow
EVT_01178,2.5,0,6,46.1,9,23.44,47.2,19.7,6.2,60.6,Low_Activity
EVT_01179,68.0,4,28,3.2,94,6.7,59.5,20.8,43.3,76.2,Heavy_Traffic
EVT_01180,35.9,2,25,44.2,29,23.13,54.5,17.8,26.1,57.3,Free_Flow
EVT_01181,3.7,1,10,13.1,8,3.94,50.4,24.3,21.4,74.0,Low_Activity
EVT_01182,42.8,18,14,62.2,22,12.86,56.6,28.6,93.3,61.1,Free_Flow
EVT_01183,32.4,11,13,56.8,15,9.56,50.6,30.6,66.3,68.0,Free_Flow
EVT_01184,19.4,0,2,41.3,14,20.6,44.4,24.4,21.2,63.6,Low_Activity
EVT_01185,12.3,1,12,45.5,18,23.2,46.5,18.9,12.6,64.2,Low_Activity
EVT_01186,37.4,2,11,46.8,10,5.45,47.1,24.7,31.6,63.6,Free_Flow
EVT_01187,37.7,8,32,27.1,0,14.37,59.8,32.5,75.1,57.6,Heavy_Traffic
EVT_01188,27.0,3,3,71.8,19,5.06,58.1,23.8,25.7,67.8,Low_Activity
EVT_01189,30.3,3,14,41.2,7,20.64,60.4,24.4,33.2,99.6,Free_Flow
EVT_01190,30.0,2,4,37.5,0,14.05,63.8,31.7,61.0,73.8,Low_Activity
EVT_01191,32.7,27,19,37.0,3,14.16,67.1,33.4,66.9,64.4,Pedestrian_Event
EVT_01192,31.9,9,2,51.3,17,11.18,57.1,24.3,74.3,74.0,Low_Activity
EVT_01193,38.1,8,27,25.6,17,8.47,62.8,29.0,87.7,74.3,Heavy_Traffic
EVT_01194,59.7,10,45,11.9,33,17.62,63.4,25.8,33.3,78.0,Heavy_Traffic
EVT_01195,17.9,1,5,23.3,14,20.67,47.7,29.8,36.8,54.0,Low_Activity
EVT_01196,84.9,6,26,12.9,31,17.67,68.7,35.4,27.8,55.4,Heavy_Traffic
EVT_01197,5.2,5,7,32.1,12,15.69,49.1,32.1,59.3,91.9,Low_Activity
EVT_01198,48.0,5,0,31.1,74,19.89,43.4,27.6,41.7,72.8,Incident
EVT_01199,33.1,2,10,46.7,28,13.25,45.1,34.4,81.2,59.9,Free_Flow
EVT_01200,27.6,2,54,14.2,51,20.95,51.8,27.7,15.5,63.4,Heavy_Traffic
EVT_01201,59.5,1,2,9.0,18,22.3,46.7,23.7,12.5,56.1,Incident
EVT_01202,32.9,1,13,37.7,12,22.38,49.6,21.2,12.3,80.9,Free_Flow
EVT_01203,29.4,6,0,11.4,32,8.97,51.1,25.7,60.6,61.2,Pedestrian_Event
EVT_01204,45.7,1,16,40.0,4,9.02,60.4,27.7,50.7,74.1,Free_Flow
EVT_01205,54.0,8,20,19.1,93,8.57,62.8,28.4,50.5,72.1,Heavy_Traffic
EVT_01206,41.6,6,30,11.0,49,6.67,49.4,23.1,35.7,76.1,Heavy_Traffic
EVT_01207,28.8,36,18,37.8,34,16.94,46.1,34.6,35.5,68.4,Pedestrian_Event
EVT_01208,15.1,1,2,70.5,0,1.37,54.0,24.5,23.1,64.0,Low_Activity
EVT_01209,23.1,1,3,41.2,10,6.03,35.0,19.2,44.6,65.3,Low_Activity
EVT_01210,54.3,5,16,13.8,7,1.42,47.8,17.3,13.7,73.9,Incident
EVT_01211,91.3,4,32,29.6,108,0.41,62.9,14.1,19.2,48.8,Incident
EVT_01212,45.1,5,6,26.0,40,20.12,54.4,30.2,9.6,68.8,Incident
EVT_01213,50.3,9,17,17.6,60,21.8,57.7,18.6,11.1,82.6,Pedestrian_Event
EVT_01214,46.4,20,13,19.6,29,14.32,48.5,29.4,82.3,57.9,Pedestrian_Event
EVT_01215,31.6,2,17,49.0,15,5.34,51.3,24.0,19.1,63.7,Free_Flow
EVT_01216,40.5,11,26,18.2,46,8.85,69.9,24.6,57.7,80.1,Heavy_Traffic
EVT_01217,30.9,3,12,35.7,29,12.86,58.8,28.2,83.9,78.9,Free_Flow
EVT_01218,93.0,4,30,13.1,69,8.94,59.4,29.0,61.7,85.0,Heavy_Traffic
EVT_01219,41.6,8,25,11.7,45,8.17,58.9,26.4,60.1,56.8,Incident
EVT_01220,40.1,5,23,39.3,0,19.66,57.6,27.5,12.1,51.7,Free_Flow
EVT_01221,58.3,9,38,14.4,106,18.37,57.0,28.9,33.7,73.4,Heavy_Traffic
EVT_01222,72.7,10,30,7.4,86,19.39,58.3,22.5,27.0,62.1,Heavy_Traffic
EVT_01223,39.6,7,24,13.2,66,16.77,56.8,29.9,67.9,57.3,Incident
EVT_01224,39.0,35,29,35.6,49,17.41,55.1,35.6,59.8,59.4,Pedestrian_Event
EVT_01225,40.1,6,24,58.1,9,17.84,59.5,33.1,19.5,68.4,Free_Flow
EVT_01226,20.7,3,9,27.5,28,13.05,53.9,26.7,60.1,58.3,Free_Flow
EVT_01227,15.7,0,3,60.3,8,20.88,42.4,28.3,20.9,59.9,Low_Activity
EVT_01228,67.5,10,26,18.8,71,10.57,48.7,33.6,99.3,56.7,Heavy_Traffic
EVT_01229,22.6,3,27,43.4,34,9.15,60.5,31.7,69.1,66.5,Free_Flow
EVT_01230,40.2,1,10,59.7,33,21.24,56.1,25.4,9.3,59.7,Free_Flow
EVT_01231,16.1,0,3,28.6,29,23.08,54.2,19.0,13.6,100.0,Low_Activity
EVT_01232,48.4,4,54,10.1,14,16.46,70.1,32.2,50.8,53.2,Heavy_Traffic
EVT_01233,44.9,5,47,30.5,62,10.25,61.9,25.1,64.7,59.8,Heavy_Traffic
EVT_01234,41.3,5,11,47.7,21,15.43,56.1,32.8,65.7,50.2,Free_Flow
EVT_01235,18.5,2,15,50.8,31,13.99,58.3,26.6,91.6,56.9,Free_Flow
EVT_01236,19.9,2,32,13.2,58,3.62,63.3,22.1,18.3,75.7,Incident
EVT_01237,39.5,3,26,28.2,29,21.69,52.6,24.4,2.2,73.9,Incident
EVT_01238,74.7,6,30,16.5,117,19.45,56.2,31.2,21.0,71.1,Heavy_Traffic
EVT_01239,27.3,4,26,40.9,17,11.76,56.6,30.1,83.8,73.0,Free_Flow
EVT_01240,44.5,26,15,20.3,42,9.25,54.4,26.8,64.2,55.6,Pedestrian_Event
EVT_01241,61.6,7,35,18.1,45,6.92,55.9,18.3,34.4,72.7,Heavy_Traffic
EVT_01242,27.7,12,23,34.2,21,7.01,61.9,30.7,46.5,59.0,Free_Flow
EVT_01243,63.9,3,32,7.1,40,21.09,51.8,25.2,4.8,74.7,Heavy_Traffic
EVT_01244,45.7,5,9,52.7,24,15.98,54.0,28.4,55.1,53.1,Free_Flow
EVT_01245,87.3,6,46,14.6,97,9.47,65.4,21.6,52.0,100.0,Heavy_Traffic
EVT_01246,47.7,8,42,32.8,24,16.95,64.5,30.1,38.9,77.2,Heavy_Traffic
EVT_01247,87.4,9,40,24.7,38,11.04,57.5,22.3,71.9,71.9,Heavy_Traffic
EVT_01248,44.8,20,24,15.0,2,10.95,54.5,28.7,88.9,58.3,Pedestrian_Event
EVT_01249,38.8,1,8,21.9,37,5.08,43.6,23.0,12.9,71.6,Free_Flow
EVT_01250,27.5,26,9,33.3,21,19.11,54.1,28.7,21.0,62.2,Pedestrian_Event
EVT_01251,25.4,9,32,43.4,45,15.91,55.2,35.5,60.7,50.8,Pedestrian_Event
EVT_01252,7.3,2,10,47.3,10,7.34,55.1,25.5,26.0,89.0,Low_Activity
EVT_01253,42.0,8,14,41.5,36,10.0,53.8,25.1,63.9,86.2,Free_Flow
EVT_01254,25.2,14,17,26.7,16,9.32,59.2,21.6,79.8,84.9,Pedestrian_Event
EVT_01255,41.1,8,52,15.8,74,17.73,62.9,30.3,37.0,54.7,Heavy_Traffic
EVT_01256,59.9,5,48,32.7,37,18.81,57.3,29.0,20.3,77.1,Heavy_Traffic
EVT_01257,12.4,0,5,37.1,7,23.77,49.2,21.6,9.7,59.8,Low_Activity
EVT_01258,30.4,4,28,45.7,74,21.69,58.7,24.7,18.3,74.1,Free_Flow
EVT_01259,50.2,6,11,41.2,20,12.23,52.4,31.4,70.6,71.4,Free_Flow
EVT_01260,28.6,12,19,39.3,15,7.25,62.6,25.7,62.4,63.5,Free_Flow
EVT_01261,43.2,3,17,53.9,6,18.42,57.9,32.2,43.8,62.4,Free_Flow
EVT_01262,31.6,18,30,28.1,67,15.6,57.9,34.5,56.3,61.4,Heavy_Traffic
EVT_01263,28.1,4,6,43.2,40,13.66,51.5,26.1,55.8,65.2,Free_Flow
EVT_01264,38.6,8,25,9.1,27,11.48,61.3,30.6,87.6,63.4,Incident
EVT_01265,49.7,15,20,30.4,59,17.53,63.9,28.3,50.0,48.3,Pedestrian_Event
EVT_01266,13.6,2,3,60.7,6,1.65,42.1,19.2,21.5,62.3,Low_Activity
EVT_01267,13.7,3,6,29.7,17,3.71,47.9,19.4,6.9,65.0,Low_Activity
EVT_01268,35.8,48,16,26.5,31,11.66,59.8,33.9,76.7,66.9,Pedestrian_Event
EVT_01269,16.6,0,8,34.3,7,1.11,51.5,15.4,16.7,71.1,Low_Activity
EVT_01270,29.7,11,10,21.2,33,5.75,55.4,22.2,1.0,57.1,Free_Flow
EVT_01271,20.0,22,36,15.6,12,12.87,57.3,33.8,93.5,64.7,Pedestrian_Event
EVT_01272,34.6,3,23,38.9,10,20.9,64.7,22.1,20.0,74.1,Free_Flow
EVT_01273,13.7,6,9,59.0,7,13.81,48.7,33.8,76.5,49.8,Free_Flow
EVT_01274,49.0,1,32,26.6,35,15.54,55.9,35.5,63.5,50.9,Pedestrian_Event
EVT_01275,57.4,3,25,5.7,63,7.36,51.0,24.0,32.4,53.2,Heavy_Traffic
EVT_01276,29.1,5,20,43.9,52,20.02,60.5,31.0,1.5,90.2,Free_Flow
EVT_01277,19.8,2,16,37.2,23,6.35,59.2,19.4,16.9,77.2,Free_Flow
EVT_01278,53.5,6,11,42.7,31,13.06,57.2,34.5,60.7,60.3,Free_Flow
EVT_01279,31.9,4,7,38.9,11,15.69,51.4,37.9,69.3,57.2,Free_Flow
EVT_01280,60.3,21,14,11.2,48,10.63,44.0,27.6,81.3,53.1,Pedestrian_Event
EVT_01281,39.3,3,19,58.7,7,17.7,48.0,26.2,32.9,54.6,Free_Flow
EVT_01282,37.3,11,13,49.5,25,7.34,55.6,26.7,67.5,63.8,Free_Flow
EVT_01283,42.2,9,26,10.5,82,10.6,67.3,24.8,75.1,87.6,Incident
EVT_01284,61.0,30,28,34.9,30,12.8,62.6,31.9,71.9,59.8,Pedestrian_Event
EVT_01285,39.7,1,5,13.7,45,1.63,50.8,16.8,31.4,63.9,Incident
EVT_01286,67.2,3,34,7.3,79,18.22,54.9,29.9,37.0,46.3,Heavy_Traffic
EVT_01287,15.9,1,3,42.1,27,15.87,54.9,38.2,62.8,49.4,Low_Activity
EVT_01288,37.1,6,12,51.4,24,12.56,46.5,29.0,86.4,63.1,Free_Flow
EVT_01289,56.4,15,17,3.8,59,9.65,58.2,28.7,64.5,68.2,Pedestrian_Event
EVT_01290,61.3,1,20,37.0,37,14.18,51.6,26.3,75.3,68.5,Low_Activity
EVT_01291,7.9,1,6,30.6,12,21.67,51.4,22.4,33.5,56.3,Free_Flow
EVT_01292,75.2,8,39,18.4,32,14.31,61.4,31.6,75.9,50.4,Heavy_Traffic
EVT_01293,64.5,14,39,5.9,28,10.68,66.4,23.4,81.1,72.5,Heavy_Traffic
EVT_01294,31.0,1,4,48.9,10,11.49,56.8,36.3,76.0,85.4,Low_Activity
EVT_01295,50.1,3,45,10.4,80,13.65,65.4,30.2,82.7,46.6,Heavy_Traffic
EVT_01296,15.7,2,22,8.1,5,4.62,51.6,19.2,35.5,68.1,Low_Activity
EVT_01297,31.1,0,10,42.8,8,17.9,67.8,26.3,49.2,96.4,Free_Flow
EVT_01298,37.3,8,44,16.1,107,18.54,60.8,32.1,14.6,69.6,Heavy_Traffic
EVT_01299,52.5,2,0,19.9,64,4.41,45.8,21.0,21.5,68.9,Incident
EVT_01300,46.7,13,30,18.0,42,19.12,60.5,39.0,22.6,45.0,Free_Flow
EVT_01301,6.7,0,5,52.5,35,3.07,53.3,24.4,12.2,67.2,Free_Flow
EVT_01302,61.8,5,38,34.1,69,19.1,56.6,36.1,26.4,61.4,Heavy_Traffic
EVT_01303,28.2,8,39,13.8,51,14.53,56.0,37.3,67.3,63.3,Incident
EVT_01304,11.6,1,8,30.4,17,14.22,57.9,32.2,64.7,59.9,Low_Activity
EVT_01305,27.4,8,29,43.4,30,11.33,64.1,30.2,67.1,57.1,Free_Flow
EVT_01306,0.0,0,4,35.2,14,11.71,53.5,24.8,77.3,76.9,Free_Flow
EVT_01307,11.2,1,5,50.8,0,23.17,49.2,29.3,15.8,46.7,Low_Activity
EVT_01308,15.1,5,25,39.5,8,6.38,62.1,23.1,25.5,73.1,Free_Flow
EVT_01309,64.9,19,23,20.5,84,17.86,57.3,33.1,28.8,59.5,Heavy_Traffic
EVT_01310,21.0,19,10,48.0,40,17.71,51.4,30.5,23.4,49.1,Free_Flow
EVT_01311,25.6,3,25,37.9,19,22.76,51.7,25.9,5.5,83.1,Free_Flow
EVT_01312,63.5,26,31,28.1,31,13.53,55.1,33.1,81.0,47.5,Pedestrian_Event
EVT_01313,2.1,1,4,59.2,0,3.23,53.3,21.2,14.2,64.9,Low_Activity
EVT_01314,34.9,2,35,17.4,94,3.34,56.3,15.6,22.0,59.2,Incident
EVT_01315,34.1,5,26,43.9,27,12.82,62.5,34.4,71.1,67.8,Free_Flow
EVT_01316,13.2,1,6,34.2,6,23.35,50.8,20.3,0.0,70.4,Low_Activity
EVT_01317,45.8,2,28,10.7,57,23.09,55.5,30.2,28.4,68.3,Incident
EVT_01318,59.1,13,9,28.8,8,19.59,54.2,31.3,28.0,48.8,Pedestrian_Event
EVT_01319,21.7,15,14,46.6,15,14.26,61.3,35.2,81.1,78.3,Free_Flow
EVT_01320,14.0,0,4,50.3,18,22.89,54.7,21.4,11.8,59.0,Low_Activity
EVT_01321,69.3,7,30,17.2,10,8.22,51.5,29.8,40.5,62.2,Heavy_Traffic
EVT_01322,7.2,3,12,34.9,35,6.48,68.0,19.7,33.8,100.0,Free_Flow
EVT_01323,2.9,2,14,28.0,27,0.16,56.6,31.8,33.7,62.3,Low_Activity
EVT_01324,18.4,9,12,33.9,22,11.94,52.7,32.7,93.8,65.6,Free_Flow
EVT_01325,85.4,6,31,25.2,48,8.33,67.9,18.7,50.7,69.1,Heavy_Traffic
EVT_01326,44.0,5,12,9.0,50,4.95,47.5,20.4,17.4,62.6,Pedestrian_Event
EVT_01327,37.4,18,18,34.4,50,14.88,52.7,28.1,82.3,69.4,Pedestrian_Event
EVT_01328,68.3,7,9,43.1,39,6.5,50.5,24.0,25.6,50.7,Pedestrian_Event
EVT_01329,23.8,5,23,33.2,28,13.02,61.7,33.0,75.4,53.7,Free_Flow
EVT_01330,33.2,4,20,33.8,12,7.94,54.0,25.6,71.4,72.7,Free_Flow
EVT_01331,14.7,1,5,39.1,19,23.0,45.0,22.8,16.3,69.3,Low_Activity
EVT_01332,26.7,14,18,37.6,40,20.08,56.9,29.6,12.5,54.4,Pedestrian_Event
EVT_01333,16.5,7,19,37.0,29,10.37,63.6,22.7,93.3,87.8,Free_Flow
EVT_01334,22.9,5,24,57.4,23,6.75,57.3,25.8,53.0,74.3,Free_Flow
EVT_01335,63.0,9,21,27.7,88,10.32,63.7,24.6,72.4,62.6,Incident
EVT_01336,12.5,0,8,36.4,20,2.68,49.1,14.7,28.8,54.7,Low_Activity
EVT_01337,50.7,4,15,55.6,9,16.24,63.8,24.3,74.0,73.3,Free_Flow
EVT_01338,60.4,42,23,33.0,46,16.81,54.6,27.6,44.8,65.2,Pedestrian_Event
EVT_01339,46.5,5,0,34.8,60,5.51,42.6,28.9,11.3,48.7,Pedestrian_Event
EVT_01340,38.6,1,12,64.6,21,20.62,59.0,23.6,23.0,95.6,Free_Flow
EVT_01341,67.3,7,43,13.7,70,18.4,66.9,24.4,10.7,56.2,Heavy_Traffic
EVT_01342,17.6,6,18,34.0,29,15.01,65.3,32.9,69.2,64.5,Free_Flow
EVT_01343,30.4,10,25,40.2,25,19.34,57.3,27.5,21.1,61.7,Free_Flow
EVT_01344,14.8,4,28,12.3,24,3.75,47.3,16.4,22.9,75.3,Incident
EVT_01345,13.9,8,3,35.5,0,11.51,48.8,30.6,93.1,53.6,Low_Activity
EVT_01346,81.8,4,37,17.1,111,11.49,64.4,31.1,75.3,63.1,Incident
EVT_01347,24.6,0,2,41.6,18,22.96,42.8,23.6,42.9,68.9,Low_Activity
EVT_01348,19.7,1,4,55.7,33,1.79,52.6,25.3,22.5,56.9,Low_Activity
EVT_01349,30.8,6,12,38.3,24,5.06,59.8,16.9,27.3,83.4,Free_Flow
EVT_01350,54.6,29,14,26.9,37,7.99,58.2,23.4,47.1,63.4,Pedestrian_Event
EVT_01351,41.8,25,32,16.3,22,12.89,62.2,40.4,88.5,59.5,Pedestrian_Event
EVT_01352,47.7,3,37,9.7,15,16.82,59.6,33.2,55.2,63.9,Incident
EVT_01353,17.0,0,5,60.8,0,4.88,55.5,25.1,13.1,75.7,Low_Activity
EVT_01354,29.6,6,6,31.6,67,17.41,47.8,28.6,33.5,59.1,Pedestrian_Event
EVT_01355,21.6,1,4,62.5,23,21.19,49.8,24.8,41.6,61.0,Low_Activity
EVT_01356,12.4,1,2,37.4,0,14.34,47.0,31.1,64.1,60.0,Low_Activity
EVT_01357,41.3,4,29,15.5,16,19.35,50.4,29.3,40.4,56.1,Incident
EVT_01358,63.6,4,35,20.2,23,5.63,56.7,23.3,41.6,65.6,Incident
EVT_01359,0.0,1,12,63.1,10,5.41,45.2,29.0,13.0,56.7,Low_Activity
EVT_01360,88.1,8,51,6.8,59,14.85,79.7,27.3,58.5,86.8,Heavy_Traffic
EVT_01361,63.1,21,33,16.1,94,9.62,63.7,23.2,62.3,65.9,Heavy_Traffic
EVT_01362,69.3,5,27,26.5,59,15.86,64.9,34.7,60.6,93.1,Incident
EVT_01363,34.3,9,14,46.7,22,12.22,51.6,32.8,83.1,70.9,Free_Flow
EVT_01364,30.1,18,2,45.2,19,15.7,56.2,29.9,44.6,60.7,Free_Flow
EVT_01365,22.9,1,4,47.3,4,22.64,47.5,24.1,33.9,71.0,Low_Activity
EVT_01366,8.3,5,18,26.4,44,11.01,50.4,30.7,76.3,62.5,Free_Flow
EVT_01367,59.6,7,37,19.4,54,13.95,66.1,26.3,69.4,95.2,Heavy_Traffic
EVT_01368,31.3,8,10,31.6,12,13.16,52.1,28.3,76.0,64.3,Free_Flow
EVT_01369,2.4,3,8,27.8,28,15.93,58.5,25.2,61.6,75.9,Low_Activity
EVT_01370,51.8,13,25,18.5,26,19.32,53.9,31.5,31.4,48.8,Incident
EVT_01371,37.9,5,9,34.8,72,12.44,51.5,31.1,86.8,41.9,Free_Flow
EVT_01372,46.6,8,53,16.1,82,19.88,62.3,21.3,18.0,60.1,Heavy_Traffic
EVT_01373,68.7,10,12,25.8,29,16.79,53.5,23.9,61.7,66.2,Incident
EVT_01374,25.9,4,32,54.4,2,18.61,55.9,30.4,38.4,66.7,Free_Flow
EVT_01375,59.3,5,45,3.7,66,9.72,71.7,21.6,82.1,77.6,Heavy_Traffic
EVT_01376,45.6,13,32,29.7,0,13.1,49.7,31.5,74.0,73.8,Pedestrian_Event
EVT_01377,42.4,3,24,11.6,20,6.08,53.2,19.3,29.2,75.2,Incident
EVT_01378,33.3,23,14,17.1,46,13.94,49.2,31.4,93.4,52.5,Pedestrian_Event
EVT_01379,86.9,14,37,5.1,102,9.57,66.0,25.8,70.1,59.1,Heavy_Traffic
EVT_01380,76.2,17,43,1.2,73,18.74,62.3,33.4,33.1,56.3,Heavy_Traffic
EVT_01381,12.9,0,3,45.6,6,13.33,45.7,23.7,70.1,75.2,Low_Activity
EVT_01382,59.7,6,29,9.5,116,8.34,62.7,23.0,39.7,53.3,Heavy_Traffic
EVT_01383,31.3,22,22,49.2,0,12.59,62.0,22.2,78.5,76.2,Free_Flow
EVT_01384,61.5,4,42,10.4,54,21.55,57.9,22.0,36.1,76.2,Heavy_Traffic
EVT_01385,13.8,2,3,17.0,12,14.09,51.1,33.0,86.2,75.8,Low_Activity
EVT_01386,59.5,10,29,18.6,48,11.48,60.0,25.9,77.6,62.6,Heavy_Traffic
EVT_01387,9.8,7,16,56.1,18,11.51,56.9,35.0,70.7,60.3,Free_Flow
EVT_01388,52.2,19,0,24.2,17,18.99,46.0,31.4,27.1,58.6,Pedestrian_Event
EVT_01389,73.0,8,46,11.0,106,8.44,64.4,24.7,70.5,57.2,Free_Flow
EVT_01390,49.5,32,32,25.4,31,19.26,67.8,27.5,16.6,71.9,Pedestrian_Event
EVT_01391,49.7,27,18,7.1,87,7.67,47.8,24.7,61.2,66.8,Pedestrian_Event
EVT_01392,29.5,3,18,71.2,8,16.73,54.7,30.2,45.7,61.8,Heavy_Traffic
EVT_01393,53.7,3,21,13.8,64,6.05,50.0,22.8,27.0,54.7,Incident
EVT_01394,69.4,5,39,6.5,21,17.69,60.4,28.2,47.1,60.8,Heavy_Traffic
EVT_01395,49.0,20,28,35.2,53,16.26,61.1,30.3,60.3,89.4,Heavy_Traffic
EVT_01396,0.0,1,3,45.0,30,0.78,54.2,15.5,6.0,64.9,Low_Activity
EVT_01397,5.6,0,4,56.8,14,1.1,42.6,24.0,7.5,59.7,Free_Flow
EVT_01398,78.2,6,43,10.8,83,7.89,59.3,22.1,39.9,77.1,Heavy_Traffic
EVT_01399,13.8,6,4,46.9,20,22.89,42.3,27.9,12.0,74.2,Free_Flow
EVT_01400,13.4,1,5,47.2,25,23.69,50.6,19.5,23.9,64.2,Low_Activity
EVT_01401,11.4,2,1,53.9,14,23.85,46.7,24.1,35.9,60.5,Low_Activity
EVT_01402,62.6,6,27,21.7,41,9.68,52.4,24.9,74.9,61.4,Heavy_Traffic
EVT_01403,51.7,10,9,15.4,29,21.49,47.5,23.4,20.2,62.7,Pedestrian_Event
EVT_01404,13.8,18,12,60.9,12,7.21,53.9,31.4,52.2,54.8,Free_Flow
EVT_01405,16.0,5,15,44.1,26,14.18,48.6,34.2,70.1,51.2,Low_Activity
EVT_01406,21.6,12,8,25.7,46,9.08,55.8,21.2,65.8,62.0,Pedestrian_Event
EVT_01407,43.7,14,18,53.5,38,12.74,61.1,25.0,82.5,59.0,Free_Flow
EVT_01408,13.2,1,8,67.7,0,0.1,60.6,21.8,23.7,59.5,Free_Flow
EVT_01409,76.6,7,60,27.0,17,18.4,65.3,31.8,23.2,51.3,Heavy_Traffic
EVT_01410,32.4,6,10,39.9,14,19.98,57.6,26.9,18.7,61.8,Free_Flow
EVT_01411,43.5,20,3,54.3,14,14.72,59.2,27.9,63.3,69.9,Free_Flow
EVT_01412,38.0,20,22,0.0,19,16.77,68.3,31.6,56.5,83.8,Pedestrian_Event
EVT_01413,94.9,3,40,16.5,6,8.77,55.9,27.2,57.6,67.8,Heavy_Traffic
EVT_01414,17.3,1,14,34.3,0,4.91,60.6,24.7,34.8,68.9,Low_Activity
EVT_01415,6.4,0,6,22.0,3,2.26,46.5,19.1,31.2,57.6,Low_Activity
EVT_01416,42.1,30,28,33.2,5,16.49,60.3,34.6,42.3,48.3,Pedestrian_Event
EVT_01417,43.6,5,56,7.1,92,18.67,63.5,30.2,30.4,72.0,Heavy_Traffic
EVT_01418,58.2,6,23,19.2,0,16.87,53.9,25.3,48.8,80.2,Heavy_Traffic
EVT_01419,19.5,8,34,33.7,76,14.09,68.4,33.6,80.1,67.4,Incident
EVT_01420,48.6,9,7,17.4,71,20.24,47.3,30.6,21.9,54.4,Incident
EVT_01421,48.5,6,8,12.2,21,17.93,50.8,30.3,43.3,72.3,Incident
EVT_01422,12.4,2,3,61.2,23,22.76,54.4,18.4,22.3,97.4,Low_Activity
EVT_01423,26.4,30,17,10.0,8,7.59,49.4,21.6,52.5,60.5,Pedestrian_Event
EVT_01424,72.5,6,22,18.3,41,6.96,62.0,21.0,47.6,78.8,Heavy_Traffic
EVT_01425,60.2,8,27,13.6,44,17.31,53.9,28.1,29.5,60.5,Heavy_Traffic
EVT_01426,66.5,12,37,37.3,65,11.11,70.7,22.3,81.6,67.6,Incident
EVT_01427,22.0,9,28,1.0,48,16.82,54.4,29.7,55.7,55.3,Incident
EVT_01428,58.6,21,1,40.6,50,7.7,41.4,26.1,53.3,64.5,Pedestrian_Event
EVT_01429,32.4,24,3,22.7,48,17.22,45.7,30.3,43.0,68.1,Pedestrian_Event
EVT_01430,42.0,6,44,6.5,43,8.14,56.0,18.5,57.3,73.1,Heavy_Traffic
EVT_01431,39.2,9,17,26.4,76,8.8,51.7,19.7,85.1,46.1,Pedestrian_Event
EVT_01432,12.3,1,2,34.8,10,5.34,49.9,17.7,36.1,100.0,Low_Activity
EVT_01433,13.0,14,21,25.0,87,9.57,55.7,26.8,70.7,59.1,Pedestrian_Event
EVT_01434,31.9,2,52,49.8,29,11.6,69.9,34.0,89.8,80.2,Free_Flow
EVT_01435,27.3,9,15,43.8,28,11.73,54.3,28.8,73.7,76.7,Free_Flow
EVT_01436,11.1,12,11,54.5,14,5.12,45.8,19.1,9.7,68.4,Free_Flow
EVT_01437,22.9,7,29,39.8,35,20.98,54.4,21.8,24.6,83.7,Free_Flow
EVT_01438,12.9,1,5,14.3,13,4.09,49.4,24.4,13.2,77.6,Free_Flow
EVT_01439,25.8,5,48,0.0,20,5.28,63.5,17.2,20.2,83.2,Incident
EVT_01440,29.5,23,20,34.3,41,6.6,46.5,29.1,23.0,73.6,Pedestrian_Event
EVT_01441,35.9,9,26,43.8,2,14.69,60.4,29.7,58.5,86.0,Free_Flow
EVT_01442,58.2,4,26,7.5,58,6.48,52.2,21.5,42.1,62.9,Incident
EVT_01443,82.1,2,34,0.0,80,21.87,61.4,23.9,13.1,71.3,Heavy_Traffic
EVT_01444,11.3,28,20,24.2,23,20.31,47.2,26.0,18.1,78.2,Heavy_Traffic
EVT_01445,63.7,8,37,18.7,77,14.77,62.7,34.6,54.4,65.3,Incident
EVT_01446,6.4,2,5,34.6,11,7.21,56.1,30.0,41.3,72.0,Low_Activity
EVT_01447,57.2,16,21,38.4,51,13.3,46.2,30.3,81.6,53.1,Pedestrian_Event
EVT_01448,37.6,2,17,32.6,68,8.53,51.3,25.5,71.5,74.3,Pedestrian_Event
EVT_01449,57.2,4,42,14.4,57,18.44,55.4,34.6,36.9,52.5,Heavy_Traffic
EVT_01450,78.1,5,9,4.1,53,4.01,38.2,20.5,17.7,47.0,Incident
EVT_01451,21.8,7,5,60.1,0,19.88,44.3,23.1,10.2,62.9,Pedestrian_Event
EVT_01452,15.5,1,7,19.9,2,4.59,47.1,26.2,5.4,61.2,Low_Activity
EVT_01453,26.1,3,23,37.3,2,5.17,64.7,18.7,15.2,80.7,Free_Flow
EVT_01454,34.2,2,21,22.3,18,13.09,55.2,33.0,83.1,81.5,Free_Flow
EVT_01455,36.1,30,27,27.4,29,13.24,58.5,31.2,70.5,54.7,Pedestrian_Event
EVT_01456,75.3,5,34,31.7,65,8.83,57.9,27.9,67.5,77.1,Heavy_Traffic
EVT_01457,59.1,7,30,8.6,87,11.92,57.1,32.9,81.9,61.0,Heavy_Traffic
EVT_01458,41.2,8,39,14.9,14,8.46,64.0,23.1,66.4,64.0,Incident
EVT_01459,30.5,3,27,34.9,28,6.13,54.2,27.0,17.9,62.3,Free_Flow
EVT_01460,46.4,7,36,15.7,0,13.95,59.8,28.7,82.5,50.5,Incident
EVT_01461,51.2,6,29,28.3,120,10.84,56.2,27.7,74.8,76.6,Heavy_Traffic
EVT_01462,17.3,7,2,70.1,9,3.76,65.4,19.6,17.1,87.6,Low_Activity
EVT_01463,44.1,1,17,51.6,27,21.82,60.2,24.2,49.8,79.8,Free_Flow
EVT_01464,51.7,7,20,1.6,30,17.34,52.4,32.8,63.2,61.2,Incident
EVT_01465,61.8,1,32,18.7,38,4.78,54.8,14.2,33.9,75.7,Incident
EVT_01466,63.2,7,27,21.9,68,9.53,61.2,29.9,58.2,61.5,Heavy_Traffic
EVT_01467,20.6,3,23,40.6,21,10.31,52.7,28.0,72.4,75.7,Free_Flow
EVT_01468,52.7,16,41,16.9,17,15.34,58.0,32.9,74.2,62.1,Heavy_Traffic
EVT_01469,9.3,1,2,36.8,13,22.74,46.1,20.6,16.0,70.3,Low_Activity
EVT_01470,61.1,4,42,14.3,24,7.17,65.8,22.5,35.5,50.3,Heavy_Traffic
EVT_01471,35.7,7,21,44.4,38,6.57,52.5,24.8,38.3,59.9,Free_Flow
EVT_01472,50.6,11,0,34.8,55,17.33,44.5,27.3,53.9,59.5,Pedestrian_Event
EVT_01473,74.5,19,36,22.3,112,8.86,59.0,31.0,57.7,59.8,Heavy_Traffic
EVT_01474,4.6,1,8,45.8,24,23.38,41.7,21.9,32.6,67.3,Low_Activity
EVT_01475,21.0,20,4,15.8,25,11.9,51.1,34.5,100.0,62.7,Pedestrian_Event
EVT_01476,42.1,6,6,41.2,1,12.55,49.5,35.3,55.6,48.6,Free_Flow
EVT_01477,18.4,4,8,52.0,33,14.42,53.3,32.5,82.1,57.7,Free_Flow
EVT_01478,13.0,1,11,37.6,18,22.24,61.0,20.4,26.5,72.2,Free_Flow
EVT_01479,34.8,7,37,11.2,4,9.94,58.3,23.8,46.2,68.0,Incident
EVT_01480,29.5,3,0,5.8,68,5.03,43.0,25.1,30.5,75.2,Incident
EVT_01481,50.3,26,28,40.3,32,16.86,61.5,29.5,40.6,68.3,Free_Flow
EVT_01482,53.8,21,18,11.4,78,16.76,59.4,25.5,47.9,84.4,Free_Flow
EVT_01483,39.9,13,23,31.6,44,17.64,49.6,25.7,37.2,61.3,Pedestrian_Event
EVT_01484,31.8,19,10,30.4,49,6.89,56.0,23.5,49.0,64.8,Pedestrian_Event
EVT_01485,4.7,2,18,68.7,12,4.55,48.2,22.6,23.4,62.6,Low_Activity
EVT_01486,17.5,2,0,47.8,17,22.05,43.6,26.7,6.1,60.1,Free_Flow
EVT_01487,43.8,24,39,24.6,14,9.47,71.0,21.0,74.7,82.3,Pedestrian_Event
EVT_01488,56.4,6,22,63.2,39,20.33,59.4,30.2,13.1,68.1,Free_Flow
EVT_01489,49.0,13,45,29.5,90,9.26,52.7,29.4,68.1,70.3,Heavy_Traffic
EVT_01490,70.3,8,26,27.7,10,8.59,63.6,24.0,73.7,79.1,Heavy_Traffic
EVT_01491,38.8,15,23,47.9,31,19.07,71.2,25.9,24.2,79.3,Low_Activity
EVT_01492,0.2,1,2,49.1,27,23.63,42.1,24.7,25.7,71.1,Low_Activity
EVT_01493,28.3,23,30,23.9,48,15.16,54.7,33.6,81.7,54.7,Free_Flow
EVT_01494,38.0,17,17,35.6,50,16.77,64.5,31.3,46.4,59.3,Pedestrian_Event
EVT_01495,50.8,28,36,39.9,30,15.16,60.4,33.4,53.2,63.5,Pedestrian_Event
EVT_01496,38.6,5,23,53.3,24,6.5,53.4,31.4,35.6,52.8,Free_Flow
EVT_01497,71.0,5,56,17.3,58,18.67,59.7,27.8,16.8,72.9,Heavy_Traffic
EVT_01498,31.5,3,13,35.5,38,16.06,50.4,35.7,50.1,62.3,Free_Flow
EVT_01499,14.9,1,3,60.0,30,0.29,52.2,21.5,18.4,60.0,Low_Activity
EVT_01500,18.5,13,14,58.7,17,20.34,56.7,23.1,12.9,74.0,Free_Flow
EVT_01501,10.8,1,3,26.0,13,1.46,55.9,18.1,15.1,72.6,Low_Activity
EVT_01502,16.2,5,7,51.6,19,18.75,58.9,32.8,10.2,80.3,Low_Activity
EVT_01503,26.7,2,16,0.0,33,23.35,54.5,26.2,20.5,72.0,Incident
EVT_01504,72.5,14,32,11.2,38,6.28,53.3,27.6,21.7,49.3,Heavy_Traffic
EVT_01505,49.5,9,24,20.4,60,16.09,57.6,35.0,53.0,69.7,Heavy_Traffic
EVT_01506,28.0,4,11,36.3,24,14.3,62.8,32.0,79.9,42.9,Free_Flow
EVT_01507,60.5,14,27,12.7,60,18.08,56.3,32.4,26.9,41.5,Pedestrian_Event
EVT_01508,40.0,1,22,35.8,33,5.84,55.5,21.5,7.0,65.1,Pedestrian_Event
EVT_01509,33.3,5,15,39.2,27,11.41,53.2,26.1,90.0,85.8,Free_Flow
EVT_01510,74.2,10,24,25.6,82,6.55,56.0,24.5,36.2,71.1,Incident
EVT_01511,77.5,8,30,13.5,51,14.74,64.0,26.9,93.5,66.8,Heavy_Traffic
EVT_01512,39.2,29,27,19.6,28,14.76,53.1,28.5,52.7,56.0,Pedestrian_Event
EVT_01513,55.9,3,25,41.2,12,21.38,61.9,24.7,19.6,72.6,Free_Flow
EVT_01514,52.3,9,17,37.9,22,18.13,55.6,29.4,43.7,63.7,Heavy_Traffic
EVT_01515,50.5,19,23,30.1,22,15.38,65.9,28.3,62.0,61.7,Pedestrian_Event
EVT_01516,15.3,3,28,19.2,22,23.0,64.1,21.6,26.4,66.8,Free_Flow
EVT_01517,48.5,22,15,40.1,21,13.74,52.4,31.5,80.2,63.1,Pedestrian_Event
EVT_01518,47.1,8,19,8.2,73,15.89,63.4,30.5,66.0,60.7,Free_Flow
EVT_01519,65.1,6,30,14.1,17,9.15,67.8,23.5,63.8,73.2,Heavy_Traffic
EVT_01520,80.0,10,39,21.0,49,18.38,54.9,36.9,51.7,47.3,Heavy_Traffic
EVT_01521,33.7,28,24,33.1,32,13.9,55.8,30.3,61.5,69.5,Pedestrian_Event
EVT_01522,50.4,4,11,18.0,23,9.95,53.3,31.0,60.7,75.2,Incident
EVT_01523,52.3,4,12,38.6,24,22.62,59.3,18.5,13.2,67.2,Free_Flow
EVT_01524,34.1,29,24,25.4,33,12.79,60.4,28.8,86.7,82.6,Heavy_Traffic
EVT_01525,23.1,3,31,29.8,24,21.74,56.2,28.0,35.8,53.9,Free_Flow
EVT_01526,66.6,4,33,15.9,58,6.45,58.7,19.4,21.7,69.8,Heavy_Traffic
EVT_01527,52.8,26,25,29.6,83,9.85,56.2,25.3,86.8,58.1,Pedestrian_Event
EVT_01528,67.0,11,18,7.6,80,18.08,48.1,31.2,34.7,81.7,Heavy_Traffic
EVT_01529,16.7,1,3,39.8,3,23.32,53.8,26.1,11.3,58.3,Low_Activity
EVT_01530,11.1,1,5,46.8,27,2.04,54.0,24.1,21.0,82.6,Low_Activity
EVT_01531,62.5,6,44,11.5,65,19.21,73.6,24.2,10.2,70.9,Heavy_Traffic
EVT_01532,15.6,1,3,48.3,0,0.43,46.0,24.1,5.9,67.7,Low_Activity
EVT_01533,41.0,30,14,23.5,54,16.88,60.8,25.0,51.8,81.1,Pedestrian_Event
EVT_01534,47.7,31,22,9.4,0,14.9,61.4,32.2,78.7,58.8,Pedestrian_Event
EVT_01535,16.6,1,5,31.9,4,23.22,56.7,23.1,22.8,63.7,Free_Flow
EVT_01536,27.5,3,22,44.5,27,17.42,53.6,32.4,64.0,68.4,Free_Flow
EVT_01537,38.8,20,28,6.3,42,13.11,56.8,31.6,100.0,65.3,Pedestrian_Event
EVT_01538,55.2,3,40,0.0,72,16.73,62.7,31.2,42.7,59.8,Heavy_Traffic
EVT_01539,9.7,9,2,37.3,44,11.85,42.4,27.9,78.2,47.8,Pedestrian_Event
EVT_01540,26.9,4,22,39.3,17,19.66,53.0,29.8,21.5,64.2,Free_Flow
EVT_01541,50.9,35,7,20.0,36,18.18,49.9,24.2,18.2,73.3,Pedestrian_Event
EVT_01542,8.3,8,2,26.6,23,11.95,59.6,28.9,63.7,70.8,Free_Flow
EVT_01543,48.5,7,23,16.9,84,18.14,54.5,27.1,44.9,54.3,Incident
EVT_01544,2.2,5,18,42.6,27,20.48,37.4,28.9,27.3,58.8,Free_Flow
EVT_01545,61.3,4,50,27.9,64,17.92,66.9,23.9,26.7,54.3,Heavy_Traffic
EVT_01546,19.0,2,20,50.2,20,5.62,46.4,24.1,16.4,65.4,Free_Flow
EVT_01547,70.0,5,44,22.6,47,19.82,62.3,24.0,46.0,82.0,Heavy_Traffic
EVT_01548,8.4,1,9,44.2,11,23.9,45.4,17.3,8.8,86.0,Low_Activity
EVT_01549,27.2,2,6,48.2,28,5.49,50.8,14.3,13.2,80.5,Free_Flow
EVT_01550,73.9,3,38,12.1,66,6.01,51.4,22.3,27.4,54.9,Heavy_Traffic
EVT_01551,37.9,4,47,30.5,3,3.0,59.6,22.7,22.4,80.3,Incident
EVT_01552,31.5,9,7,15.2,57,15.82,47.2,34.3,78.2,68.1,Incident
EVT_01553,17.0,1,4,68.0,23,14.03,57.9,31.9,67.5,62.0,Low_Activity
EVT_01554,43.6,11,22,27.0,64,7.03,58.4,27.4,48.5,47.2,Pedestrian_Event
EVT_01555,87.6,8,31,24.9,40,9.02,58.0,24.5,72.7,68.3,Heavy_Traffic
EVT_01556,32.7,21,31,23.1,41,16.37,46.4,28.7,27.9,53.3,Pedestrian_Event
EVT_01557,38.3,17,32,33.5,31,17.25,53.9,31.3,25.7,53.8,Pedestrian_Event
EVT_01558,31.4,7,14,46.0,31,10.33,59.9,31.2,66.5,49.8,Free_Flow
EVT_01559,30.8,4,13,7.7,28,6.18,46.9,22.7,42.9,70.2,Pedestrian_Event
EVT_01560,20.2,5,0,34.6,19,15.7,61.8,30.2,64.3,100.0,Free_Flow
EVT_01561,54.4,11,20,28.7,42,7.3,49.0,25.9,36.9,63.3,Pedestrian_Event
EVT_01562,67.9,7,35,14.6,17,8.52,55.0,26.6,57.4,67.3,Incident
EVT_01563,28.8,6,6,57.5,36,10.45,62.4,34.9,71.5,63.1,Free_Flow
EVT_01564,31.7,18,20,9.8,55,8.03,47.7,27.2,45.2,59.8,Pedestrian_Event
EVT_01565,25.9,20,19,15.3,62,13.32,51.6,31.8,99.9,71.9,Pedestrian_Event
EVT_01566,47.8,4,18,41.6,4,19.86,64.8,32.9,4.7,57.1,Free_Flow
EVT_01567,81.8,7,37,16.9,59,17.65,61.9,29.4,45.5,54.5,Heavy_Traffic
EVT_01568,40.3,23,33,10.3,61,12.22,62.2,29.9,82.9,61.2,Pedestrian_Event
EVT_01569,70.6,8,23,17.4,75,16.99,61.6,26.4,23.8,61.6,Heavy_Traffic
EVT_01570,36.9,4,11,42.7,5,14.66,48.1,31.8,74.8,74.8,Free_Flow
EVT_01571,11.0,1,6,47.2,20,2.64,48.4,14.4,16.4,61.2,Low_Activity
EVT_01572,46.8,9,26,48.2,4,12.98,59.7,27.9,69.3,52.8,Free_Flow
EVT_01573,44.2,6,41,12.0,96,7.25,62.4,24.8,54.0,75.0,Heavy_Traffic
EVT_01574,5.9,2,6,33.9,12,2.27,48.6,12.1,0.0,71.8,Low_Activity
EVT_01575,80.4,7,32,14.9,38,9.24,61.5,23.2,50.7,73.0,Incident
EVT_01576,10.1,1,4,54.8,5,23.92,55.5,26.6,26.5,57.7,Low_Activity
EVT_01577,22.6,15,17,10.2,33,13.32,51.8,30.1,71.7,65.6,Pedestrian_Event
EVT_01578,20.3,1,6,51.9,35,22.75,52.6,21.1,14.3,55.2,Low_Activity
EVT_01579,75.1,5,30,20.6,54,7.98,51.5,25.6,45.4,68.3,Free_Flow
EVT_01580,68.2,31,0,29.6,43,17.3,50.2,32.9,44.6,70.7,Pedestrian_Event
EVT_01581,27.6,1,2,17.1,19,3.14,51.6,19.2,11.7,61.0,Low_Activity
EVT_01582,42.4,11,23,16.3,66,17.09,51.8,33.5,44.2,52.4,Heavy_Traffic
EVT_01583,44.4,3,7,15.2,82,23.17,51.1,20.8,25.4,74.3,Incident
EVT_01584,78.6,6,43,9.0,115,7.9,59.9,23.8,40.4,66.2,Heavy_Traffic
EVT_01585,19.8,3,8,26.9,13,5.02,45.8,18.2,23.1,76.3,Free_Flow
EVT_01586,33.5,18,40,14.6,32,13.72,62.5,32.8,84.5,63.6,Pedestrian_Event
EVT_01587,34.0,1,26,50.4,30,5.65,51.0,20.4,17.5,74.2,Free_Flow
EVT_01588,54.4,10,39,23.6,31,9.07,65.7,25.4,58.8,56.9,Heavy_Traffic
EVT_01589,49.0,7,32,36.3,57,21.13,69.0,27.6,37.0,39.3,Pedestrian_Event
EVT_01590,17.0,0,2,57.4,10,0.84,58.4,15.1,0.0,74.2,Low_Activity
EVT_01591,13.3,0,6,65.4,3,16.47,55.8,34.2,67.5,53.6,Low_Activity
EVT_01592,61.6,6,19,14.4,63,4.09,55.4,18.6,12.6,78.8,Incident
EVT_01593,47.4,8,43,14.1,56,17.92,70.5,26.3,36.1,74.2,Heavy_Traffic
EVT_01594,55.7,2,6,29.1,0,21.95,54.4,24.7,7.8,62.7,Incident
EVT_01595,60.1,28,36,37.5,31,16.99,66.3,28.2,46.9,64.4,Pedestrian_Event
EVT_01596,40.6,2,18,39.5,23,12.91,51.8,30.3,82.7,57.4,Free_Flow
EVT_01597,86.1,1,54,16.7,53,18.63,61.5,32.5,18.8,70.6,Heavy_Traffic
EVT_01598,21.1,15,14,29.1,5,15.93,55.9,31.6,73.4,58.7,Pedestrian_Event
EVT_01599,5.9,17,31,21.0,31,18.82,62.0,29.6,16.8,76.2,Pedestrian_Event
EVT_01600,27.3,5,15,61.0,38,12.3,58.4,27.7,100.0,74.6,Free_Flow
EVT_01601,40.0,15,19,20.2,67,8.77,45.6,21.1,60.8,74.5,Pedestrian_Event
EVT_01602,15.6,4,22,16.4,65,5.12,59.8,27.2,35.1,67.7,Incident
EVT_01603,74.7,3,35,12.5,72,23.14,57.3,20.1,1.1,53.3,Incident
EVT_01604,37.7,25,0,1.3,61,14.44,46.4,34.1,80.6,56.8,Pedestrian_Event
EVT_01605,52.7,20,16,0.0,23,16.16,46.5,29.5,70.2,52.4,Pedestrian_Event
EVT_01606,73.8,5,28,18.7,58,18.05,56.0,22.8,39.2,52.3,Heavy_Traffic
EVT_01607,48.0,6,14,25.5,43,12.2,53.3,26.0,76.2,69.0,Incident
EVT_01608,43.5,19,45,29.0,49,7.33,74.5,17.4,30.2,80.3,Pedestrian_Event
EVT_01609,81.5,9,35,0.0,53,8.22,50.2,24.3,44.1,78.1,Heavy_Traffic
EVT_01610,30.2,3,19,46.2,3,21.68,53.1,24.9,1.6,72.9,Free_Flow
EVT_01611,24.4,1,20,6.7,24,5.51,45.4,18.4,16.6,55.7,Free_Flow
EVT_01612,57.7,4,8,12.8,52,5.7,42.1,18.2,21.3,59.0,Incident
EVT_01613,47.7,3,23,29.4,79,10.5,54.9,23.3,69.6,61.8,Incident
EVT_01614,59.5,8,27,40.2,11,16.29,60.3,35.7,57.0,80.4,Free_Flow
EVT_01615,26.8,2,22,37.1,23,6.14,43.8,23.0,20.5,68.7,Free_Flow
EVT_01616,21.5,2,12,49.1,21,10.44,61.6,25.7,97.2,74.8,Low_Activity
EVT_01617,5.2,0,5,55.6,10,1.19,46.4,24.8,28.8,62.0,Low_Activity
EVT_01618,51.6,4,43,14.8,51,17.24,66.3,25.5,64.4,74.5,Heavy_Traffic
EVT_01619,62.9,5,32,34.1,64,16.16,51.4,28.0,53.0,68.2,Heavy_Traffic
EVT_01620,9.0,1,3,78.0,22,23.73,49.8,19.6,23.2,60.7,Low_Activity
EVT_01621,53.9,5,48,16.2,101,17.64,64.2,28.9,27.1,70.4,Heavy_Traffic
EVT_01622,45.3,9,25,17.8,23,10.32,55.8,23.8,81.6,66.3,Pedestrian_Event
EVT_01623,17.3,6,19,51.8,0,15.79,65.1,28.5,71.0,59.4,Free_Flow
EVT_01624,40.1,21,9,14.5,53,12.88,67.7,31.7,83.5,82.5,Pedestrian_Event
EVT_01625,81.5,11,49,27.0,85,6.97,70.2,26.4,61.5,63.5,Heavy_Traffic
EVT_01626,73.5,1,42,9.6,40,8.76,66.6,18.6,46.5,67.3,Heavy_Traffic
EVT_01627,60.1,7,27,10.9,47,9.0,53.1,25.4,72.7,73.8,Heavy_Traffic
EVT_01628,64.3,27,13,22.0,61,13.92,52.7,31.4,63.9,70.4,Pedestrian_Event
EVT_01629,5.6,1,5,52.2,0,4.93,45.1,23.9,6.0,55.7,Low_Activity
EVT_01630,24.5,34,0,29.6,58,13.48,44.0,32.0,53.4,62.1,Pedestrian_Event
EVT_01631,31.8,1,31,18.2,79,21.5,58.3,19.0,20.7,67.1,Heavy_Traffic
EVT_01632,9.6,0,3,76.3,16,23.65,68.3,16.4,32.4,82.0,Low_Activity
EVT_01633,30.0,13,31,39.9,44,12.73,60.3,31.7,79.2,74.4,Pedestrian_Event
EVT_01634,18.9,3,2,42.2,0,19.56,53.1,24.9,34.0,49.2,Low_Activity
EVT_01635,51.8,2,22,21.2,34,4.82,49.7,20.8,21.9,70.6,Incident
EVT_01636,47.5,7,24,60.3,23,10.35,53.0,38.0,99.5,62.5,Free_Flow
EVT_01637,54.7,5,25,7.2,20,3.62,48.8,23.1,23.5,73.1,Incident
EVT_01638,14.9,2,2,42.3,21,16.12,58.6,29.3,52.6,90.2,Low_Activity
EVT_01639,45.0,6,30,31.7,64,9.37,60.5,29.5,39.4,65.5,Heavy_Traffic
EVT_01640,34.0,2,13,13.4,57,6.66,41.1,23.1,29.5,61.1,Incident
EVT_01641,33.8,4,9,48.0,22,13.22,50.4,28.3,85.5,67.9,Free_Flow
EVT_01642,62.6,20,17,29.9,26,7.85,44.1,27.9,59.5,50.4,Pedestrian_Event
EVT_01643,55.2,3,27,7.4,64,10.8,49.7,26.9,89.9,69.0,Incident
EVT_01644,11.6,1,4,54.6,16,11.72,45.4,29.6,83.0,72.0,Low_Activity
EVT_01645,44.9,34,23,29.6,43,12.71,62.7,37.0,76.0,58.7,Pedestrian_Event
EVT_01646,60.9,8,46,7.8,26,9.99,62.3,27.5,82.3,57.6,Heavy_Traffic
EVT_01647,67.5,7,26,16.7,76,17.75,56.4,32.8,41.6,64.7,Heavy_Traffic
EVT_01648,46.1,1,20,7.0,26,2.88,56.6,17.8,26.8,85.3,Incident
EVT_01649,34.1,1,2,53.9,41,22.24,54.4,29.4,6.3,69.9,Free_Flow
EVT_01650,41.5,4,15,38.1,0,11.79,54.2,23.6,91.0,92.4,Free_Flow
EVT_01651,7.6,0,5,55.1,18,23.92,65.6,20.9,13.6,74.7,Low_Activity
EVT_01652,46.8,1,4,48.7,34,23.39,60.9,19.8,24.0,89.9,Free_Flow
EVT_01653,44.3,3,22,28.1,21,6.2,53.0,19.1,46.6,84.5,Incident
EVT_01654,41.3,19,29,34.6,0,19.48,58.4,33.8,20.2,65.6,Pedestrian_Event
EVT_01655,27.3,6,20,34.4,28,10.27,53.5,26.7,68.9,69.8,Free_Flow
EVT_01656,26.4,0,4,47.6,56,23.86,43.9,17.6,0.0,76.4,Low_Activity
EVT_01657,72.2,8,50,27.7,96,9.21,65.3,29.3,69.5,56.9,Heavy_Traffic
EVT_01658,82.9,5,28,0.0,45,8.57,48.8,26.5,76.1,69.5,Heavy_Traffic
EVT_01659,17.1,3,21,49.4,21,21.39,51.6,24.0,28.0,65.9,Free_Flow
EVT_01660,47.9,23,16,41.9,63,14.06,68.2,31.0,81.4,77.1,Pedestrian_Event
EVT_01661,82.1,16,23,31.1,43,18.32,55.0,30.4,29.7,51.5,Pedestrian_Event
EVT_01662,15.4,4,22,54.3,26,10.06,56.1,25.5,68.8,75.9,Free_Flow
EVT_01663,53.2,13,21,25.2,65,8.01,48.0,22.8,55.1,55.4,Pedestrian_Event
EVT_01664,36.1,3,6,51.7,25,18.05,55.9,28.3,39.5,69.6,Free_Flow
EVT_01665,3.2,4,10,52.0,20,11.28,51.7,30.1,76.8,58.3,Free_Flow
EVT_01666,51.0,25,25,19.2,44,16.82,65.7,34.5,43.5,57.0,Pedestrian_Event
EVT_01667,34.9,2,0,48.1,6,20.49,47.7,26.6,24.1,80.8,Free_Flow
EVT_01668,37.4,2,29,13.3,55,5.76,50.7,18.8,35.1,63.9,Incident
EVT_01669,64.7,7,13,11.1,87,8.4,46.3,24.5,69.6,56.6,Heavy_Traffic
EVT_01670,20.1,3,13,42.9,0,18.97,58.0,26.4,39.3,88.9,Free_Flow
EVT_01671,42.1,5,20,60.3,16,9.22,57.2,22.3,83.6,71.4,Free_Flow
EVT_01672,24.2,31,31,26.0,27,12.7,55.7,24.6,88.5,61.6,Pedestrian_Event
EVT_01673,42.5,7,36,10.0,68,19.4,58.0,28.5,17.0,57.1,Heavy_Traffic
EVT_01674,77.8,7,51,14.4,66,8.84,61.3,30.6,56.9,78.0,Free_Flow
EVT_01675,28.5,2,29,33.5,35,20.62,53.7,27.2,7.1,83.9,Free_Flow
EVT_01676,40.8,4,15,63.8,32,8.57,54.5,23.0,57.4,80.7,Free_Flow
EVT_01677,85.3,7,44,7.4,86,19.37,56.6,27.7,25.7,51.7,Heavy_Traffic
EVT_01678,22.2,12,34,14.5,78,18.05,52.7,30.9,23.1,41.7,Pedestrian_Event
EVT_01679,43.5,3,35,15.9,51,19.01,70.7,32.9,28.8,76.3,Heavy_Traffic
EVT_01680,29.7,1,23,47.8,35,22.24,59.6,25.0,11.0,37.0,Free_Flow
EVT_01681,12.4,1,2,52.4,24,20.73,48.5,28.2,28.6,55.1,Low_Activity
EVT_01682,0.0,3,6,67.3,37,4.14,52.9,26.3,22.7,56.8,Free_Flow
EVT_01683,44.0,1,8,44.7,42,14.6,60.7,33.0,92.0,71.1,Free_Flow
EVT_01684,20.1,1,5,47.8,1,0.05,55.9,22.5,14.7,65.4,Low_Activity
EVT_01685,68.4,3,35,29.0,17,3.73,50.0,23.9,28.6,61.7,Incident
EVT_01686,38.8,1,11,37.1,4,23.26,49.7,20.9,1.7,74.1,Free_Flow
EVT_01687,32.7,3,12,57.1,10,9.39,57.7,26.5,66.8,61.2,Free_Flow
EVT_01688,19.2,0,20,45.9,50,16.08,63.1,30.0,68.5,64.4,Free_Flow
EVT_01689,47.2,30,29,36.3,51,7.86,59.5,24.0,53.2,66.0,Pedestrian_Event
EVT_01690,44.9,14,25,40.3,35,13.49,63.9,33.1,87.9,74.4,Pedestrian_Event
EVT_01691,64.5,3,39,23.7,62,9.0,60.7,22.3,75.0,64.0,Pedestrian_Event
EVT_01692,83.8,5,49,18.8,64,17.48,64.5,27.7,39.7,64.9,Heavy_Traffic
EVT_01693,10.1,1,8,41.6,17,11.32,54.7,26.7,100.0,55.8,Low_Activity
EVT_01694,79.1,11,35,23.9,56,19.79,56.2,23.7,7.0,56.7,Heavy_Traffic
EVT_01695,65.9,3,33,27.6,68,20.6,51.4,31.0,15.6,66.4,Heavy_Traffic
EVT_01696,20.3,3,35,32.6,29,19.87,57.4,26.1,29.4,61.2,Free_Flow
EVT_01697,31.7,3,23,56.7,23,19.32,56.3,33.4,6.8,48.6,Free_Flow
EVT_01698,24.8,1,15,59.1,0,23.56,62.0,25.1,17.2,62.8,Low_Activity
EVT_01699,70.9,14,38,21.7,72,11.18,70.1,30.2,69.0,69.7,Heavy_Traffic
EVT_01700,34.1,4,17,48.4,33,7.07,58.8,25.8,44.6,51.5,Free_Flow
EVT_01701,49.5,2,30,0.8,67,2.79,63.9,17.2,7.5,78.9,Incident
EVT_01702,36.6,1,11,43.1,47,19.5,50.3,26.0,34.0,65.3,Free_Flow
EVT_01703,16.4,5,21,32.1,30,21.92,55.0,27.2,27.9,65.4,Free_Flow
EVT_01704,55.2,4,25,17.2,56,21.09,51.7,26.7,28.4,63.6,Incident
EVT_01705,11.4,9,14,45.8,27,9.15,48.3,30.6,57.1,67.4,Free_Flow
EVT_01706,52.1,5,18,19.4,73,17.94,48.6,28.4,34.6,61.0,Incident
EVT_01707,60.8,6,30,22.5,57,7.06,63.2,26.0,52.0,68.9,Heavy_Traffic
EVT_01708,29.8,3,10,39.8,33,17.93,53.2,28.7,33.0,70.3,Free_Flow
EVT_01709,24.7,1,25,20.3,70,23.3,50.3,17.5,32.3,75.1,Incident
EVT_01710,42.8,12,35,22.3,75,17.63,65.9,27.7,54.6,86.7,Incident
EVT_01711,54.5,8,31,22.5,74,15.91,58.2,32.6,57.7,48.3,Incident
EVT_01712,60.5,9,25,17.4,80,10.01,58.1,27.3,78.6,65.1,Heavy_Traffic
EVT_01713,87.2,6,18,11.3,79,2.21,53.4,19.9,28.3,60.7,Incident
EVT_01714,74.9,6,24,7.6,43,12.27,56.2,30.8,73.0,72.4,Heavy_Traffic
EVT_01715,32.1,6,25,50.3,18,5.66,53.9,21.8,22.0,59.7,Free_Flow
EVT_01716,46.9,15,8,35.2,45,7.88,48.8,26.7,47.0,68.9,Pedestrian_Event
EVT_01717,37.1,6,2,33.6,8,18.38,52.9,15.2,31.0,76.2,Free_Flow
EVT_01718,18.0,4,15,39.8,35,18.51,57.9,28.0,5.2,58.9,Free_Flow
EVT_01719,35.9,1,12,44.4,23,21.0,60.7,24.2,25.7,83.2,Low_Activity
EVT_01720,45.4,4,35,26.2,34,1.29,63.6,17.1,23.1,70.0,Incident
EVT_01721,85.1,9,43,2.1,72,7.76,64.1,23.5,43.9,82.1,Heavy_Traffic
EVT_01722,61.5,5,18,22.7,99,18.07,74.0,26.2,45.3,85.6,Heavy_Traffic
EVT_01723,73.4,11,27,13.8,44,9.42,49.8,24.4,75.3,61.3,Pedestrian_Event
EVT_01724,43.1,2,12,69.4,15,15.41,56.4,36.6,76.0,60.6,Free_Flow
EVT_01725,6.4,4,13,53.1,34,15.57,53.7,39.0,58.7,55.7,Free_Flow
EVT_01726,28.5,1,1,59.0,23,9.57,57.2,24.0,83.6,74.5,Low_Activity
EVT_01727,25.7,4,20,37.7,40,19.26,50.8,33.0,31.3,41.5,Free_Flow
EVT_01728,38.8,7,33,38.7,48,14.27,60.3,32.5,67.0,57.9,Incident
EVT_01729,78.7,7,40,21.3,93,10.6,64.0,21.2,73.5,61.0,Heavy_Traffic
EVT_01730,26.3,4,23,54.6,21,11.24,57.4,26.9,100.0,57.4,Free_Flow
EVT_01731,67.9,7,54,12.2,97,7.85,62.3,21.2,51.8,82.9,Heavy_Traffic
EVT_01732,15.3,3,16,43.4,0,15.01,58.5,30.9,62.4,48.5,Free_Flow
EVT_01733,19.4,2,15,33.5,15,7.98,58.8,22.7,58.7,66.3,Free_Flow
EVT_01734,29.0,3,31,19.0,61,16.72,66.8,37.9,46.8,48.6,Heavy_Traffic
EVT_01735,55.8,4,41,6.4,104,9.51,60.7,26.3,75.7,68.6,Heavy_Traffic
EVT_01736,28.0,3,26,27.6,22,19.92,54.1,23.4,9.6,67.0,Free_Flow
EVT_01737,7.0,7,4,63.0,11,10.37,47.0,34.0,54.4,78.5,Free_Flow
EVT_01738,79.9,6,43,33.0,75,18.24,64.6,27.2,30.2,69.1,Heavy_Traffic
EVT_01739,37.7,36,40,18.9,24,10.55,58.9,25.7,53.4,60.3,Pedestrian_Event
EVT_01740,33.9,10,20,36.0,41,18.84,54.6,33.0,21.0,62.3,Pedestrian_Event
EVT_01741,28.0,33,5,19.8,47,13.64,48.5,29.0,84.2,56.9,Heavy_Traffic
EVT_01742,16.1,0,5,33.3,0,0.33,39.5,22.7,13.4,80.6,Low_Activity
EVT_01743,29.3,1,15,41.2,19,21.73,48.5,22.3,10.6,64.3,Free_Flow
EVT_01744,59.0,2,16,32.8,16,5.26,54.5,17.7,2.5,63.1,Free_Flow
EVT_01745,36.2,1,21,44.7,36,23.03,64.2,18.8,15.3,88.5,Free_Flow
EVT_01746,21.2,6,26,25.8,15,17.82,62.2,28.4,36.6,64.9,Free_Flow
EVT_01747,87.5,2,26,5.5,23,7.3,62.4,20.6,42.1,79.3,Heavy_Traffic
EVT_01748,25.5,2,10,40.9,21,18.13,48.6,32.0,38.9,68.8,Low_Activity
EVT_01749,36.4,11,21,27.8,14,19.04,49.8,30.4,11.7,51.1,Free_Flow
EVT_01750,41.1,0,5,52.5,31,13.32,47.5,28.1,83.1,66.6,Free_Flow
EVT_01751,30.2,4,31,34.8,31,15.4,54.6,30.9,50.1,55.5,Free_Flow
EVT_01752,62.7,3,18,48.9,20,18.04,52.1,37.8,26.0,66.7,Free_Flow
EVT_01753,45.3,1,16,48.4,18,21.51,45.5,26.8,3.8,64.7,Free_Flow
EVT_01754,5.6,1,5,45.4,23,22.95,49.3,28.2,18.2,70.7,Low_Activity
EVT_01755,42.4,1,44,28.1,31,0.76,63.5,13.9,23.0,69.6,Incident
EVT_01756,39.9,39,23,48.8,44,10.9,52.9,25.6,80.4,68.7,Pedestrian_Event
EVT_01757,60.0,6,26,25.3,60,20.49,48.0,25.0,0.0,72.1,Heavy_Traffic
EVT_01758,45.2,7,37,40.5,25,11.51,59.9,36.0,82.2,62.6,Free_Flow
EVT_01759,54.6,16,38,14.2,33,20.47,70.7,26.7,28.6,77.3,Pedestrian_Event
EVT_01760,35.9,6,10,32.0,0,19.74,62.8,23.4,38.9,79.0,Free_Flow
EVT_01761,53.9,15,48,13.7,48,16.48,61.4,29.6,52.4,41.4,Pedestrian_Event
EVT_01762,89.9,4,42,22.8,54,19.93,54.8,28.1,29.2,81.6,Heavy_Traffic
EVT_01763,61.2,12,16,20.9,47,13.48,51.6,28.9,93.3,49.6,Incident
EVT_01764,18.0,2,4,34.3,34,22.46,42.8,21.8,8.9,53.1,Low_Activity
EVT_01765,17.9,21,31,15.0,57,10.5,49.1,32.9,70.1,62.0,Pedestrian_Event
EVT_01766,10.6,26,26,23.0,62,16.84,51.7,32.6,77.7,77.7,Pedestrian_Event
EVT_01767,51.1,8,34,22.0,56,16.93,52.4,31.0,58.6,76.4,Incident
EVT_01768,59.5,4,29,20.8,24,20.46,64.5,30.5,11.4,64.4,Incident
EVT_01769,8.9,1,13,48.0,24,22.61,50.4,24.9,3.1,61.5,Free_Flow
EVT_01770,8.2,2,4,53.3,19,22.66,52.7,19.6,9.4,100.0,Low_Activity
EVT_01771,43.6,1,9,34.6,44,5.74,54.8,19.6,35.7,65.2,Free_Flow
EVT_01772,27.1,32,23,28.0,27,19.02,59.6,25.8,17.8,54.1,Pedestrian_Event
EVT_01773,39.4,7,20,24.7,46,17.29,47.3,32.5,43.9,57.6,Incident
EVT_01774,32.6,4,33,60.1,9,9.91,55.1,23.5,75.7,68.1,Free_Flow
EVT_01775,16.0,0,6,36.5,0,22.57,53.4,23.2,2.9,50.6,Low_Activity
EVT_01776,66.2,7,0,9.6,73,14.84,48.3,29.4,54.6,53.5,Free_Flow
EVT_01777,45.0,17,28,29.4,14,19.6,54.5,25.9,13.8,69.1,Incident
EVT_01778,24.0,3,26,54.8,3,23.04,56.2,21.4,24.7,77.8,Free_Flow
EVT_01779,37.5,30,20,19.2,28,15.58,56.2,36.5,79.3,49.5,Pedestrian_Event
EVT_01780,48.9,6,32,10.6,53,3.66,70.2,14.7,20.0,68.0,Incident
EVT_01781,15.9,6,19,57.4,5,19.31,58.1,23.8,13.2,45.9,Free_Flow
EVT_01782,88.0,4,43,5.5,82,20.16,57.9,25.7,17.8,67.8,Heavy_Traffic
EVT_01783,47.1,5,16,36.4,16,15.73,58.3,32.6,43.9,69.4,Free_Flow
EVT_01784,47.5,9,50,17.4,64,18.17,58.8,25.9,22.5,61.7,Incident
EVT_01785,43.3,6,34,29.8,33,14.69,48.1,30.0,87.0,67.1,Free_Flow
EVT_01786,34.6,5,15,37.3,9,9.87,58.1,29.6,73.6,79.6,Free_Flow
EVT_01787,33.2,6,39,0.0,52,9.15,56.8,29.0,69.6,60.2,Incident
EVT_01788,53.2,34,32,3.4,0,12.95,60.8,25.7,87.3,64.5,Pedestrian_Event
EVT_01789,48.0,5,25,48.4,11,10.8,56.0,35.5,74.9,72.6,Free_Flow
EVT_01790,42.1,1,28,47.8,40,5.72,55.4,17.5,26.3,63.2,Free_Flow
EVT_01791,65.1,8,39,10.3,87,9.75,50.1,28.7,96.5,61.4,Heavy_Traffic
EVT_01792,15.0,2,3,54.3,21,4.68,58.0,21.6,13.7,72.1,Low_Activity
EVT_01793,42.0,44,0,20.1,42,7.7,43.0,30.0,72.7,54.4,Pedestrian_Event
EVT_01794,14.8,19,10,0.0,21,7.94,45.8,22.1,64.0,61.7,Pedestrian_Event
EVT_01795,65.3,10,28,16.3,48,18.45,58.6,25.4,20.8,53.5,Heavy_Traffic
EVT_01796,27.2,5,18,40.5,20,8.46,55.9,26.7,57.7,87.8,Free_Flow
EVT_01797,51.9,7,18,17.6,91,17.75,57.1,28.5,29.9,51.5,Heavy_Traffic
EVT_01798,51.7,10,44,22.0,63,7.98,66.8,24.1,52.1,61.0,Heavy_Traffic
EVT_01799,87.0,11,38,10.3,105,10.71,70.0,21.8,66.1,66.8,Heavy_Traffic
EVT_01800,27.5,2,17,50.0,21,9.07,65.4,24.9,53.0,88.9,Free_Flow
EVT_01801,21.2,2,3,64.6,3,15.65,49.9,33.0,75.8,58.1,Low_Activity
EVT_01802,29.3,2,20,43.8,63,1.5,51.0,24.3,4.9,57.7,Incident
EVT_01803,30.7,5,17,51.9,34,18.87,60.3,28.4,13.9,73.9,Free_Flow
EVT_01804,21.5,3,12,16.1,6,13.3,47.8,34.5,73.9,41.4,Free_Flow
EVT_01805,51.5,27,15,8.5,62,13.4,59.5,26.1,100.0,86.8,Pedestrian_Event
EVT_01806,13.6,1,9,65.8,35,2.56,58.8,22.3,15.5,58.5,Low_Activity
EVT_01807,13.6,1,7,54.1,20,9.45,55.5,28.6,62.7,55.9,Low_Activity
EVT_01808,36.2,9,19,9.7,30,15.55,54.8,32.5,53.2,64.4,Heavy_Traffic
EVT_01809,47.0,4,34,47.0,34,12.46,60.7,30.1,88.4,66.9,Free_Flow
EVT_01810,23.4,1,5,67.7,16,3.42,56.8,28.5,5.9,64.4,Low_Activity
EVT_01811,23.6,3,8,48.6,28,17.27,50.9,34.0,33.8,68.2,Free_Flow
EVT_01812,29.2,5,9,50.0,9,13.99,65.8,24.9,65.6,61.1,Free_Flow
EVT_01813,30.6,19,0,23.8,54,17.87,48.2,31.2,22.0,64.4,Pedestrian_Event
EVT_01814,24.0,1,14,34.4,12,23.99,53.2,15.5,21.8,62.9,Low_Activity
EVT_01815,7.0,1,4,33.2,24,2.56,48.5,23.7,32.5,73.4,Low_Activity
EVT_01816,20.8,6,29,47.4,16,14.91,60.3,37.1,56.7,75.3,Free_Flow
EVT_01817,66.2,2,23,11.5,30,2.78,52.0,22.1,3.6,53.6,Incident
EVT_01818,5.4,0,8,53.5,0,1.31,55.3,21.9,0.0,74.8,Low_Activity
EVT_01819,26.0,12,5,51.0,3,19.51,53.4,28.7,14.2,63.2,Low_Activity
EVT_01820,25.8,5,14,49.5,5,16.2,64.7,28.3,57.9,55.0,Low_Activity
EVT_01821,25.6,2,3,45.8,15,18.39,52.2,28.9,35.7,60.6,Low_Activity
EVT_01822,33.8,6,11,49.0,13,8.53,54.1,17.2,55.9,65.4,Free_Flow
EVT_01823,64.8,4,24,6.8,74,20.22,49.2,28.4,34.4,52.6,Incident
EVT_01824,25.1,0,14,28.9,22,22.85,50.7,25.6,32.3,74.3,Free_Flow
EVT_01825,33.3,13,31,21.5,82,13.18,56.4,34.9,78.8,53.7,Pedestrian_Event
EVT_01826,31.8,28,36,45.4,24,12.83,66.8,23.3,72.0,74.2,Pedestrian_Event
EVT_01827,10.1,1,10,39.6,0,5.24,52.2,21.4,17.7,68.4,Low_Activity
EVT_01828,28.7,4,17,30.8,17,18.78,50.5,28.0,34.3,68.6,Free_Flow
EVT_01829,55.1,8,15,19.4,29,11.13,50.8,27.3,100.0,65.7,Incident
EVT_01830,5.4,13,21,57.4,11,18.74,62.0,30.1,36.2,54.5,Free_Flow
EVT_01831,48.7,11,39,34.9,22,6.08,59.4,25.3,19.9,63.8,Pedestrian_Event
EVT_01832,57.6,17,17,33.5,0,18.14,48.0,26.7,46.3,66.9,Free_Flow
EVT_01833,15.6,1,7,40.6,28,3.93,47.5,21.2,32.3,70.9,Low_Activity
EVT_01834,30.2,3,19,47.3,27,22.22,57.6,22.7,10.8,70.3,Free_Flow
EVT_01835,60.9,8,43,8.0,43,11.63,62.3,34.1,69.4,63.5,Heavy_Traffic
EVT_01836,40.5,22,13,44.8,59,13.05,52.5,34.4,92.1,54.0,Pedestrian_Event
EVT_01837,3.1,1,6,41.8,16,23.32,50.7,23.3,40.9,66.5,Low_Activity
EVT_01838,87.3,3,24,2.4,49,8.71,63.4,25.5,66.9,77.6,Heavy_Traffic
EVT_01839,67.8,14,22,29.2,41,7.26,49.8,16.7,36.3,77.6,Pedestrian_Event
EVT_01840,71.1,2,36,25.3,71,20.96,46.6,21.0,27.2,73.2,Heavy_Traffic
EVT_01841,67.3,4,21,11.7,57,8.4,54.8,25.8,65.3,59.4,Heavy_Traffic
EVT_01842,89.2,9,38,2.5,47,16.87,47.4,26.5,48.8,58.5,Heavy_Traffic
EVT_01843,41.7,5,42,23.6,56,5.21,71.0,20.9,26.6,83.4,Incident
EVT_01844,26.7,7,16,4.1,65,6.81,54.5,23.5,35.7,48.0,Incident
EVT_01845,64.4,8,14,18.0,117,8.77,55.9,26.6,61.0,54.0,Heavy_Traffic
EVT_01846,38.0,6,13,43.5,28,9.43,62.8,21.4,71.8,86.4,Free_Flow
EVT_01847,16.3,6,2,37.6,33,9.06,48.7,25.0,63.1,64.5,Low_Activity
EVT_01848,70.1,5,29,0.0,62,16.97,48.7,33.3,39.8,65.9,Heavy_Traffic
EVT_01849,79.7,9,18,22.8,75,8.37,48.9,27.5,65.5,60.0,Heavy_Traffic
EVT_01850,33.8,3,27,51.1,0,7.94,65.4,22.9,35.6,68.4,Free_Flow
EVT_01851,60.0,6,47,21.2,129,16.17,72.8,28.6,71.8,74.3,Incident
EVT_01852,49.3,4,32,11.0,40,16.27,61.3,28.1,62.3,62.8,Pedestrian_Event
EVT_01853,27.8,2,0,42.0,25,14.14,51.1,31.0,75.0,72.9,Free_Flow
EVT_01854,0.2,2,6,38.6,17,1.38,48.7,19.4,41.8,75.6,Low_Activity
EVT_01855,31.8,4,23,29.8,32,5.44,56.0,23.0,3.5,64.4,Free_Flow
EVT_01856,14.8,7,7,40.6,47,10.14,56.3,34.9,73.3,72.1,Free_Flow
EVT_01857,68.2,8,35,25.6,32,7.36,60.2,22.8,42.5,59.9,Heavy_Traffic
EVT_01858,40.8,2,19,21.5,13,22.61,62.3,22.7,31.1,50.0,Free_Flow
EVT_01859,28.6,16,16,20.0,51,18.11,46.8,32.5,41.2,58.4,Pedestrian_Event
EVT_01860,18.0,1,9,64.1,29,22.31,57.8,22.8,29.4,58.2,Low_Activity
EVT_01861,57.0,3,28,7.0,16,10.51,52.8,23.6,76.9,68.3,Heavy_Traffic
EVT_01862,55.5,26,17,18.1,0,18.46,56.7,33.1,11.3,61.6,Pedestrian_Event
EVT_01863,34.6,16,20,37.2,26,15.33,56.0,33.0,76.0,57.3,Free_Flow
EVT_01864,24.4,1,4,39.9,1,22.49,49.4,23.7,23.2,73.3,Free_Flow
EVT_01865,12.9,2,2,61.1,4,10.74,51.4,27.2,67.6,75.1,Low_Activity
EVT_01866,53.3,6,17,28.9,23,13.56,55.9,24.1,59.1,61.1,Free_Flow
EVT_01867,45.9,1,30,13.0,62,1.56,49.7,22.5,17.5,52.7,Incident
EVT_01868,19.8,18,25,21.9,63,14.23,62.9,33.3,78.7,57.4,Pedestrian_Event
EVT_01869,75.5,6,30,12.6,98,7.06,47.4,22.5,73.5,55.4,Heavy_Traffic
EVT_01870,41.7,11,23,41.6,50,16.1,56.4,34.7,62.7,39.1,Pedestrian_Event
EVT_01871,76.8,10,37,18.6,66,20.07,53.5,29.9,37.6,57.9,Heavy_Traffic
EVT_01872,69.2,4,26,0.0,14,6.6,59.0,19.7,29.9,71.3,Incident
EVT_01873,77.7,3,31,26.2,61,18.67,64.2,30.0,26.0,45.8,Heavy_Traffic
EVT_01874,8.0,1,5,16.1,4,3.91,42.9,25.1,1.1,59.6,Low_Activity
EVT_01875,7.7,0,6,54.8,15,1.81,53.3,21.8,15.7,61.6,Low_Activity
EVT_01876,82.2,5,3,12.4,0,13.12,59.9,31.2,69.4,78.8,Incident
EVT_01877,16.9,12,22,22.7,38,14.69,55.8,33.7,66.1,64.7,Pedestrian_Event
EVT_01878,29.9,17,44,21.9,33,13.55,54.0,33.1,73.1,58.7,Pedestrian_Event
EVT_01879,70.3,6,30,24.1,45,17.29,61.8,34.6,49.1,75.9,Heavy_Traffic
EVT_01880,61.7,10,22,6.5,27,19.56,54.6,23.8,28.7,63.4,Incident
EVT_01881,48.0,11,31,13.4,57,16.4,54.7,24.0,62.4,67.2,Incident
EVT_01882,82.5,9,36,14.7,59,6.97,59.8,21.8,40.0,75.1,Heavy_Traffic
EVT_01883,50.1,7,3,35.3,43,5.81,54.0,23.1,29.3,63.4,Pedestrian_Event
EVT_01884,73.7,4,45,14.0,34,9.86,60.8,32.7,82.3,54.3,Heavy_Traffic
EVT_01885,69.3,7,25,14.1,30,19.67,59.3,30.4,22.2,80.7,Heavy_Traffic
EVT_01886,28.0,35,23,35.6,65,16.62,65.8,29.6,55.7,72.6,Pedestrian_Event
EVT_01887,73.1,5,44,15.1,0,9.42,77.1,26.2,67.3,100.0,Heavy_Traffic
EVT_01888,41.6,31,0,10.6,32,7.23,56.1,23.6,49.5,62.1,Pedestrian_Event
EVT_01889,37.3,22,21,13.5,11,9.06,63.7,23.3,60.1,74.3,Pedestrian_Event
EVT_01890,27.3,17,13,18.7,36,14.73,44.7,29.9,76.7,53.8,Pedestrian_Event
EVT_01891,62.5,3,21,63.3,50,20.75,52.5,30.3,25.6,66.2,Free_Flow
EVT_01892,39.8,24,36,27.3,39,7.85,67.8,23.6,45.1,65.4,Pedestrian_Event
EVT_01893,22.0,2,48,8.6,64,5.84,63.2,27.1,17.3,72.5,Free_Flow
EVT_01894,41.2,24,25,20.7,14,7.5,56.8,24.6,44.9,62.2,Pedestrian_Event
EVT_01895,8.4,1,5,58.9,34,23.91,61.6,20.0,22.1,66.1,Low_Activity
EVT_01896,30.2,1,17,85.5,14,3.67,66.6,18.1,25.1,68.7,Low_Activity
EVT_01897,35.7,1,11,49.0,38,8.94,58.2,25.1,68.4,68.2,Free_Flow
EVT_01898,10.6,0,4,32.2,8,3.43,42.9,24.4,23.5,63.7,Low_Activity
EVT_01899,25.0,2,19,26.3,17,13.39,50.3,33.4,53.1,58.4,Free_Flow
EVT_01900,27.9,7,23,41.5,18,18.89,60.6,27.0,18.0,85.8,Free_Flow
EVT_01901,33.7,8,29,7.0,93,11.82,51.0,22.6,76.0,75.0,Incident
EVT_01902,52.1,12,0,21.4,29,10.02,50.0,26.2,74.2,63.4,Pedestrian_Event
EVT_01903,12.2,3,4,43.8,11,14.17,54.4,31.1,61.4,57.1,Low_Activity
EVT_01904,98.2,6,43,7.1,107,18.58,69.6,22.9,33.9,72.2,Heavy_Traffic
EVT_01905,57.6,7,39,0.0,34,9.5,60.8,27.9,79.5,76.5,Heavy_Traffic
EVT_01906,47.2,10,22,26.7,99,6.4,45.9,17.8,40.5,62.3,Pedestrian_Event
EVT_01907,69.2,4,30,19.1,31,19.38,57.6,26.4,27.3,74.8,Incident
EVT_01908,33.0,4,15,48.4,0,5.02,62.9,25.5,17.3,71.5,Free_Flow
EVT_01909,59.9,3,37,20.3,97,7.71,59.7,23.2,49.1,52.9,Heavy_Traffic
EVT_01910,2.6,1,5,69.2,10,22.73,63.3,18.6,10.2,72.3,Low_Activity
EVT_01911,48.8,7,44,15.2,36,8.81,70.0,27.0,51.1,58.4,Incident
EVT_01912,52.8,2,26,28.0,46,1.44,59.3,22.4,14.4,50.8,Free_Flow
EVT_01913,41.3,13,34,37.3,47,16.11,72.2,34.8,45.1,78.5,Pedestrian_Event
EVT_01914,70.0,2,31,6.6,78,9.09,63.7,22.1,59.8,75.7,Heavy_Traffic
EVT_01915,25.7,9,0,43.9,13,11.06,44.3,31.4,77.2,71.4,Free_Flow
EVT_01916,34.9,11,14,27.3,30,16.01,52.1,28.4,80.8,71.8,Pedestrian_Event
EVT_01917,69.6,6,22,11.8,91,16.71,47.5,32.7,44.4,67.3,Incident
EVT_01918,73.4,5,24,18.9,57,8.54,57.6,28.9,64.8,59.1,Heavy_Traffic
EVT_01919,42.5,19,0,20.1,0,19.5,38.8,29.7,15.9,65.9,Pedestrian_Event
EVT_01920,46.4,4,30,67.0,32,17.94,65.9,31.9,37.5,60.1,Free_Flow
EVT_01921,60.6,7,36,15.7,29,7.88,57.0,25.2,67.6,62.6,Heavy_Traffic
EVT_01922,21.2,2,5,63.2,5,13.47,54.2,30.6,98.9,69.0,Free_Flow
EVT_01923,11.7,2,6,22.6,13,23.27,47.6,22.1,42.8,80.4,Low_Activity
EVT_01924,90.9,19,30,25.3,22,6.93,63.3,21.2,49.4,70.6,Heavy_Traffic
EVT_01925,47.9,9,24,25.3,21,21.01,54.1,23.1,26.0,54.6,Pedestrian_Event
EVT_01926,76.8,2,37,25.5,67,20.82,73.2,26.7,21.9,72.1,Heavy_Traffic
EVT_01927,71.3,0,36,12.8,33,19.85,53.8,27.1,14.7,72.7,Pedestrian_Event
EVT_01928,27.8,9,31,17.3,23,17.97,47.5,27.7,32.9,58.2,Pedestrian_Event
EVT_01929,0.2,4,4,47.7,5,12.76,53.2,27.6,74.7,64.5,Low_Activity
EVT_01930,15.9,0,4,36.1,47,22.72,48.2,18.0,0.0,49.7,Low_Activity
EVT_01931,82.5,6,50,14.8,41,13.21,65.5,33.2,77.8,57.9,Incident
EVT_01932,48.6,14,21,33.9,24,8.23,58.0,24.1,59.1,73.9,Pedestrian_Event
EVT_01933,17.9,36,19,30.2,40,12.51,58.6,31.0,69.4,59.2,Pedestrian_Event
EVT_01934,31.8,5,12,17.6,82,5.25,53.5,22.3,13.9,72.7,Incident
EVT_01935,15.7,1,5,70.6,18,1.75,57.2,16.8,26.4,90.3,Low_Activity
EVT_01936,50.3,0,21,44.7,48,5.13,55.8,21.6,25.7,74.6,Free_Flow
EVT_01937,53.0,3,9,38.6,30,5.63,58.9,20.9,25.0,75.1,Free_Flow
EVT_01938,79.3,4,19,13.9,65,20.4,47.3,26.0,33.4,71.0,Heavy_Traffic
EVT_01939,61.8,3,17,12.7,35,17.96,58.7,31.3,29.3,77.7,Heavy_Traffic
EVT_01940,36.1,5,17,36.4,6,8.22,51.0,27.4,55.3,60.5,Free_Flow
EVT_01941,51.4,6,20,0.0,11,18.24,39.1,26.8,12.9,62.9,Heavy_Traffic
EVT_01942,44.3,9,22,20.9,45,9.34,54.2,24.6,48.9,67.6,Heavy_Traffic
EVT_01943,7.9,3,1,32.2,0,8.28,54.1,26.6,53.2,65.1,Low_Activity
EVT_01944,50.8,15,1,10.1,43,16.85,52.8,25.6,44.0,89.1,Pedestrian_Event
EVT_01945,5.7,2,3,23.8,6,0.37,52.0,24.1,11.4,81.8,Low_Activity
EVT_01946,83.6,8,28,13.1,80,20.24,63.0,25.3,23.2,64.8,Incident
EVT_01947,63.9,11,41,21.5,46,17.98,55.8,27.4,20.2,74.0,Heavy_Traffic
EVT_01948,34.2,1,11,52.1,24,13.87,56.4,32.8,86.0,66.0,Free_Flow
EVT_01949,8.0,1,5,57.8,10,4.28,44.9,25.5,20.5,83.0,Low_Activity
EVT_01950,72.6,18,32,19.8,98,19.3,43.2,31.3,0.2,67.1,Heavy_Traffic
EVT_01951,28.3,2,27,32.9,24,10.01,63.0,29.8,78.5,79.0,Free_Flow
EVT_01952,41.7,2,29,9.7,41,6.18,48.6,20.4,33.2,63.7,Incident
EVT_01953,53.1,29,28,17.5,59,16.64,65.8,23.6,55.7,100.0,Pedestrian_Event
EVT_01954,77.8,5,15,13.6,104,17.13,56.5,28.7,39.7,78.0,Heavy_Traffic
EVT_01955,19.4,6,11,50.9,21,9.53,57.7,27.9,67.9,72.9,Low_Activity
EVT_01956,14.5,7,10,36.4,1,13.72,44.5,30.9,84.2,55.5,Free_Flow
EVT_01957,48.5,7,36,28.1,23,18.11,57.6,23.5,16.3,74.4,Heavy_Traffic
EVT_01958,36.4,4,14,69.1,35,19.71,47.0,25.7,36.5,62.2,Free_Flow
EVT_01959,41.5,3,13,23.2,35,7.81,62.0,27.5,81.6,64.4,Free_Flow
EVT_01960,78.5,2,42,2.4,20,16.84,55.6,28.6,46.0,79.0,Heavy_Traffic
EVT_01961,0.0,1,5,58.2,14,23.26,54.5,22.0,12.8,73.1,Low_Activity
EVT_01962,24.2,2,14,53.6,23,23.2,61.4,20.8,3.7,91.7,Free_Flow
EVT_01963,6.4,0,4,40.4,26,20.81,57.8,26.4,11.7,89.4,Low_Activity
EVT_01964,10.5,1,16,38.0,19,2.17,56.4,26.0,31.3,68.7,Low_Activity
EVT_01965,86.0,7,26,16.9,79,7.58,52.1,21.7,39.5,68.5,Heavy_Traffic
EVT_01966,82.4,5,23,8.1,59,8.74,50.2,26.8,65.5,84.8,Heavy_Traffic
EVT_01967,36.5,1,10,67.2,30,5.03,42.9,23.4,20.5,71.9,Free_Flow
EVT_01968,3.7,0,3,37.8,6,4.58,50.0,22.8,20.4,65.5,Low_Activity
EVT_01969,50.1,2,17,48.2,43,21.26,62.2,29.5,42.0,72.4,Free_Flow
EVT_01970,49.8,11,19,18.6,98,18.04,47.5,37.4,16.4,50.2,Incident
EVT_01971,19.8,3,21,54.0,27,22.92,53.8,17.3,20.4,85.7,Free_Flow
EVT_01972,37.0,14,43,21.4,39,10.24,67.5,23.2,76.3,57.3,Pedestrian_Event
EVT_01973,33.8,4,35,12.2,17,1.81,66.4,24.4,22.7,59.6,Incident
EVT_01974,61.3,0,20,14.6,62,16.85,43.2,36.6,63.5,67.7,Heavy_Traffic
EVT_01975,71.6,5,22,17.4,41,7.44,55.6,23.5,45.6,65.8,Heavy_Traffic
EVT_01976,39.2,15,23,16.8,61,9.88,59.9,27.7,53.1,76.9,Pedestrian_Event
EVT_01977,100.0,4,33,4.0,22,5.8,58.0,27.2,17.1,70.5,Heavy_Traffic
EVT_01978,17.8,1,4,42.4,0,22.78,48.2,24.4,20.3,63.9,Low_Activity
EVT_01979,95.9,7,33,12.8,53,11.62,57.4,24.2,68.7,76.4,Incident
EVT_01980,29.8,1,37,38.7,31,21.93,66.7,29.5,18.7,82.4,Free_Flow
EVT_01981,21.7,3,23,50.3,24,21.57,53.3,25.1,9.7,46.5,Free_Flow
EVT_01982,52.5,2,33,38.1,9,10.79,53.1,29.7,86.5,62.1,Free_Flow
EVT_01983,61.6,3,55,2.7,39,9.11,68.5,23.7,75.6,57.8,Heavy_Traffic
EVT_01984,5.1,2,17,48.7,7,9.57,56.2,25.6,67.3,79.5,Free_Flow
EVT_01985,24.6,10,13,43.0,10,10.46,56.5,24.9,64.7,52.7,Free_Flow
EVT_01986,70.0,4,28,38.5,72,6.8,64.6,26.3,46.9,71.4,Heavy_Traffic
EVT_01987,26.7,2,29,48.9,18,18.84,69.1,29.9,21.8,62.4,Free_Flow
EVT_01988,39.4,3,26,33.5,0,13.66,58.9,33.4,68.3,57.1,Free_Flow
EVT_01989,43.9,7,32,27.4,60,9.21,63.4,22.9,67.2,67.7,Heavy_Traffic
EVT_01990,56.0,8,35,12.0,38,18.59,58.1,25.2,54.5,57.5,Heavy_Traffic
EVT_01991,46.0,9,26,18.5,36,17.84,49.5,33.5,38.0,57.1,Heavy_Traffic
EVT_01992,52.4,8,28,26.2,46,8.05,59.9,22.8,56.1,70.8,Heavy_Traffic
EVT_01993,56.0,7,33,76.0,9,17.01,68.6,32.6,52.1,65.7,Free_Flow
EVT_01994,30.4,7,30,45.9,7,7.47,64.4,29.1,47.1,55.1,Free_Flow
EVT_01995,28.0,36,19,27.0,29,19.82,49.6,29.2,17.2,64.0,Pedestrian_Event
EVT_01996,52.1,15,20,0.7,47,8.84,54.1,23.4,67.4,76.4,Heavy_Traffic
EVT_01997,69.2,13,41,3.9,40,11.02,47.6,34.7,61.3,63.8,Incident
EVT_01998,57.4,3,6,8.8,67,4.17,51.0,16.7,5.6,78.9,Incident
EVT_01999,32.8,8,26,38.2,71,9.6,54.8,31.2,60.0,66.0,Heavy_Traffic
EVT_02000,29.1,6,19,61.3,20,11.29,50.1,25.2,77.6,72.0,Free_Flow
