row_id,time_of_day_hr,visibility_m,rain_intensity_mmhr,road_wetness_pct,noise_level_db,ambient_temperature_c,humidity_pct,camera_exposure_score,camera_focus_score,lane_marking_visibility_pct,signal_wait_time_s
EVT_00238,21.42,978.9,0.0,9.7,60.2,29.4,51.2,8.7,91.4,94.7,12.0
EVT_01677,19.37,1107.3,0.0,5.3,56.6,27.7,51.7,25.7,88.5,85.3,86.0
EVT_00486,20.74,718.9,0.0,20.5,60.8,23.7,,2.3,90.5,87.7,101.0
EVT_00731,20.83,,0.0,8.7,51.0,26.7,54.7,32.6,100.0,82.7,24.0
EVT_00689,21.03,885.6,0.0,23.5,47.9,28.0,57.6,22.4,80.2,67.0,13.0
EVT_00388,9.65,1919.1,0.0,20.5,58.8,26.1,66.8,76.7,94.7,91.7,56.0
EVT_01610,21.68,1148.0,0.0,9.7,53.1,24.9,72.9,1.6,88.5,87.6,3.0
EVT_01945,0.37,780.4,3.9,43.9,52.0,24.1,81.8,11.4,93.8,78.1,6.0
EVT_00266,18.63,2060.3,1.82,37.9,55.9,34.1,75.2,30.2,85.2,90.2,58.0
EVT_01500,20.34,764.8,0.12,34.3,56.7,23.1,74.0,12.9,91.9,78.5,17.0
EVT_00452,16.34,2677.6,0.0,13.9,57.2,35.5,56.5,54.1,79.8,80.9,109.0
EVT_00773,7.74,1856.3,7.54,41.6,57.0,25.0,81.6,52.4,87.0,79.0,69.0
EVT_00576,0.14,855.8,5.83,58.4,55.2,15.3,71.5,1.5,86.6,75.1,10.0
EVT_00334,8.63,1324.7,14.71,100.0,73.3,24.3,100.0,49.5,87.4,55.9,71.0
EVT_01841,8.4,1716.2,0.0,3.0,54.8,25.8,59.4,65.3,97.3,100.0,57.0
EVT_00910,0.87,740.5,0.0,2.0,55.2,22.7,66.1,23.7,98.6,70.2,12.0
EVT_00120,7.35,2143.8,0.0,2.1,45.8,24.9,55.9,39.1,79.1,80.4,53.0
EVT_00196,18.38,1682.8,9.65,68.3,64.6,25.4,87.5,38.0,91.4,73.7,11.0
EVT_01115,12.09,1862.5,6.73,50.2,60.1,25.7,67.1,92.5,85.6,88.1,8.0
EVT_00300,18.53,,0.0,3.4,63.4,30.9,56.5,40.1,100.0,98.0,20.0
EVT_00101,20.16,1231.6,0.0,15.3,54.5,24.4,64.6,13.6,88.0,74.5,7.0
EVT_01247,11.04,2032.5,0.0,2.3,57.5,22.3,71.9,71.9,84.1,85.1,38.0
EVT_01103,18.9,2043.5,0.0,7.1,60.7,31.1,71.3,14.9,76.7,87.9,91.0
EVT_01048,13.7,1813.2,0.0,2.1,48.4,31.4,49.1,83.7,80.9,85.7,81.0
EVT_00582,7.14,1946.7,0.0,24.6,54.1,18.9,70.8,45.6,86.4,94.9,24.0
EVT_01621,17.64,2217.4,0.0,7.4,64.2,28.9,,27.1,77.0,100.0,101.0
EVT_00761,18.32,1698.0,8.49,51.0,60.6,29.2,73.2,42.1,93.7,75.5,5.0
EVT_00522,23.04,924.0,0.0,19.1,45.1,24.4,65.8,14.3,78.2,83.1,7.0
EVT_01213,21.8,567.4,7.64,46.7,57.7,,82.6,11.1,92.8,89.3,60.0
EVT_01996,8.84,2504.4,0.0,3.0,54.1,23.4,76.4,67.4,83.9,88.9,47.0
EVT_01217,12.86,2302.4,0.0,19.4,58.8,28.2,78.9,83.9,90.1,89.2,29.0
EVT_01428,7.7,2572.6,0.0,4.8,41.4,26.1,64.5,53.3,89.6,85.5,50.0
EVT_01880,19.56,948.1,0.0,5.2,54.6,23.8,63.4,28.7,84.6,92.0,
EVT_00031,16.02,2259.8,0.0,1.8,48.8,32.4,55.5,62.3,88.0,80.9,24.0
EVT_00374,15.74,1713.9,0.0,0.0,48.9,28.3,52.5,60.3,73.1,94.8,16.0
EVT_00473,23.08,678.8,13.98,81.2,54.8,16.8,98.0,20.5,85.3,53.5,44.0
EVT_01147,7.41,1456.9,0.0,0.5,57.6,23.6,58.0,46.9,93.9,92.9,61.0
EVT_01233,10.25,2042.5,0.0,13.5,61.9,25.1,59.8,64.7,92.4,80.5,62.0
EVT_00923,12.12,2066.9,0.0,3.0,56.4,32.8,49.2,50.2,88.5,,75.0
EVT_01343,19.34,,0.15,37.0,57.3,27.5,61.7,21.1,86.1,,25.0
EVT_00943,9.47,2287.9,0.0,31.4,57.8,22.7,56.5,70.4,96.2,87.9,30.0
EVT_00822,20.56,999.1,0.0,0.7,60.1,25.9,71.3,10.6,89.4,75.6,72.0
EVT_00007,23.24,1412.9,1.79,28.1,56.5,18.5,60.5,38.2,98.9,78.2,8.0
EVT_00230,7.37,1122.5,15.78,63.5,54.6,21.1,85.8,63.9,87.6,74.0,
EVT_01757,20.49,1033.4,0.0,7.2,48.0,25.0,72.1,0.0,90.1,78.7,60.0
EVT_00141,14.26,2091.1,0.0,7.8,51.7,27.1,65.5,55.7,82.7,98.0,32.0
EVT_00304,20.07,1010.8,0.0,13.9,39.4,27.5,65.8,1.3,89.7,76.0,33.0
EVT_00478,7.19,2823.4,0.0,6.5,55.2,25.1,56.4,36.8,80.6,100.0,41.0
EVT_01825,13.18,2296.0,0.0,7.1,56.4,34.9,53.7,78.8,78.1,73.4,82.0
EVT_00011,19.62,1102.5,0.0,1.0,62.8,31.1,63.0,7.8,82.5,88.3,66.0
EVT_01943,8.28,2196.0,0.0,15.7,54.1,26.6,65.1,53.2,83.9,67.4,0.0
EVT_00201,7.58,2231.4,0.0,8.0,51.1,23.1,72.5,62.3,81.0,84.4,23.0
EVT_00469,23.91,909.7,0.0,6.0,46.7,22.0,55.8,16.8,90.3,90.5,9.0
EVT_01082,9.36,2538.8,0.0,2.0,62.0,27.8,77.5,71.0,90.3,83.3,23.0
EVT_01242,7.01,2424.5,0.0,3.6,61.9,30.7,59.0,46.5,80.0,100.0,21.0
EVT_00445,18.61,2089.6,0.0,11.3,56.3,30.2,59.3,0.0,77.5,89.0,13.0
EVT_00086,2.89,1104.9,2.27,27.1,55.8,23.6,59.6,23.7,87.9,89.9,26.0
EVT_01026,7.21,2268.7,0.0,11.6,42.3,26.8,62.2,54.4,97.0,81.9,0.0
EVT_00917,1.03,486.2,12.8,59.3,50.3,17.8,100.0,13.7,86.7,75.2,17.0
EVT_00895,6.53,1834.5,0.0,3.5,57.5,22.6,63.0,48.5,95.8,85.5,40.0
EVT_00372,10.13,2561.0,0.0,0.4,52.0,28.9,63.2,65.8,69.4,95.9,38.0
EVT_01104,23.19,1312.1,0.0,22.6,48.0,24.4,83.0,25.9,75.2,92.4,14.0
EVT_00355,7.19,1870.7,4.61,52.2,60.4,21.8,83.0,22.1,84.2,75.0,0.0
EVT_01649,22.24,915.5,0.0,7.3,54.4,29.4,69.9,6.3,98.0,73.5,41.0
EVT_00479,12.57,2238.8,0.1,28.6,55.0,32.8,,88.5,68.2,83.7,9.0
EVT_00794,20.96,719.4,0.0,8.4,61.6,,70.5,10.8,86.2,73.6,110.0
EVT_01200,20.95,,0.0,8.4,,27.7,63.4,15.5,96.6,97.4,51.0
EVT_00349,11.68,1729.5,1.18,30.6,59.3,31.9,54.4,100.0,80.3,86.0,10.0
EVT_00767,7.44,2353.9,0.0,4.0,67.8,22.8,70.9,54.9,90.1,91.1,64.0
EVT_01417,18.67,2093.1,3.42,53.7,63.5,30.2,72.0,30.4,95.6,89.6,92.0
EVT_01009,7.98,2270.9,4.45,47.9,50.4,23.8,61.4,43.9,94.4,75.5,61.0
EVT_00937,6.55,1553.4,9.06,49.3,78.7,12.7,87.6,35.8,82.1,81.1,45.0
EVT_00820,9.69,1943.4,0.0,17.9,53.0,22.8,56.8,81.2,83.9,86.3,36.0
EVT_00185,12.46,1685.6,0.0,13.5,55.4,36.8,,85.8,85.8,97.9,37.0
EVT_00274,13.91,1971.9,0.58,19.7,53.4,28.5,64.3,72.7,94.2,86.8,15.0
EVT_00902,6.14,1065.7,2.76,33.3,48.7,21.0,74.6,44.2,86.5,94.4,54.0
EVT_00048,20.32,874.2,6.85,70.3,65.6,28.4,73.0,19.5,85.1,60.6,107.0
EVT_00666,5.79,914.8,0.1,23.1,44.1,26.1,74.6,31.4,91.1,72.3,7.0
EVT_00213,17.78,2031.2,0.0,6.5,62.6,30.1,56.8,48.8,89.5,92.4,129.0
EVT_01433,9.57,2162.6,0.0,7.0,55.7,26.8,59.1,70.7,82.9,69.2,87.0
EVT_01006,18.74,2063.5,0.0,2.9,65.8,35.5,52.5,13.1,76.6,98.4,51.0
EVT_01930,22.72,,0.39,37.3,48.2,18.0,49.7,0.0,81.3,92.7,47.0
EVT_01481,16.86,2193.0,0.47,34.4,61.5,29.5,68.3,40.6,100.0,87.9,32.0
EVT_01827,5.24,1520.2,0.0,3.0,52.2,21.4,68.4,17.7,83.8,68.7,0.0
EVT_00775,17.35,896.1,,49.5,58.1,30.0,71.6,53.1,92.0,68.5,79.0
EVT_00327,18.05,2364.0,0.0,2.9,64.3,28.3,60.4,19.8,84.7,77.4,26.0
EVT_00381,18.49,2213.9,0.0,,47.7,31.0,59.5,20.1,84.1,100.0,7.0
EVT_00291,16.25,2572.7,0.0,0.0,50.9,35.5,59.0,54.5,86.1,69.3,82.0
EVT_01726,9.57,1667.7,1.5,30.0,57.2,24.0,74.5,83.6,74.3,73.1,23.0
EVT_D0020,9.0,2260.8,0.0,1.1,60.7,22.3,64.0,74.93,81.5,83.0,62.0
EVT_00778,23.63,890.6,0.0,0.1,51.8,21.2,58.1,0.0,91.2,83.3,18.0
EVT_01257,23.77,583.2,0.0,2.7,49.2,21.6,59.8,9.7,83.8,89.9,7.0
EVT_01814,23.99,851.2,0.0,6.2,53.2,15.5,62.9,,95.1,93.0,12.0
EVT_01820,16.2,2322.5,0.0,0.4,64.7,28.3,55.0,57.9,85.1,100.0,5.0
EVT_01110,15.89,1951.7,2.91,44.7,43.3,27.6,77.8,58.4,90.8,89.5,37.0
EVT_01950,19.3,983.8,0.0,40.6,43.2,31.3,67.1,0.2,90.5,89.3,98.0
EVT_00060,20.54,434.9,2.58,55.1,59.4,23.0,85.2,17.1,92.3,77.1,19.0
EVT_00030,7.78,1582.8,12.37,83.0,62.1,21.5,82.1,37.6,87.3,71.3,61.0
EVT_01019,21.46,700.1,0.0,3.1,53.8,28.6,60.1,15.6,98.3,59.1,17.0
EVT_01934,5.25,1448.5,0.0,4.0,53.5,22.3,72.7,13.9,86.4,85.4,82.0
EVT_00621,22.85,1812.2,0.0,2.5,48.6,24.5,65.8,25.5,92.5,89.9,9.0
EVT_00785,15.01,2587.2,0.0,21.7,49.3,32.7,60.7,56.4,65.7,100.0,36.0
EVT_01269,1.11,1027.6,0.0,2.0,51.5,15.4,71.1,16.7,82.9,75.0,7.0
EVT_01657,9.21,2054.9,0.0,7.0,65.3,29.3,56.9,69.5,85.6,89.9,96.0
EVT_00931,7.11,2135.7,,12.7,59.2,24.7,61.3,36.3,77.1,89.3,
EVT_00235,5.41,864.3,0.0,16.2,61.8,20.4,77.2,4.1,90.3,95.0,77.0
EVT_01083,8.69,2113.8,0.0,13.1,44.0,26.6,53.2,66.2,84.9,75.9,39.0
EVT_01863,15.33,2442.9,0.0,1.8,56.0,33.0,57.3,76.0,75.3,100.0,26.0
EVT_00262,14.69,2465.5,0.0,7.2,57.6,35.1,52.4,79.2,84.1,100.0,14.0
EVT_00957,13.56,2060.0,8.23,30.9,63.0,34.0,67.8,67.4,76.6,69.9,8.0
EVT_00795,2.4,1413.7,0.3,38.1,47.2,20.1,77.6,22.3,84.2,82.6,4.0
EVT_00413,7.4,1912.7,0.0,0.9,44.5,24.1,51.9,41.4,79.2,100.0,46.0
EVT_01175,14.41,2186.1,0.0,3.6,52.7,29.1,66.0,70.2,86.2,93.1,66.0
EVT_00259,18.47,2512.2,1.73,10.5,67.8,32.8,63.1,43.3,77.2,86.0,71.0
EVT_00131,1.79,1092.8,1.83,46.3,49.3,19.6,83.7,27.0,77.1,78.5,13.0
EVT_01298,18.54,1666.2,2.34,41.0,60.8,32.1,69.6,14.6,71.8,84.7,
EVT_01121,7.95,1407.6,0.0,6.8,53.5,25.7,60.4,76.5,100.0,87.3,83.0
EVT_01705,9.15,2012.6,0.1,27.5,48.3,30.6,67.4,57.1,100.0,74.4,27.0
EVT_00197,16.05,1288.8,,71.7,66.3,27.8,76.5,37.3,89.1,57.9,27.0
EVT_01787,9.15,2169.7,0.0,9.8,56.8,29.0,60.2,69.6,100.0,95.2,52.0
EVT_01501,1.46,1009.7,0.4,29.5,55.9,18.1,72.6,15.1,86.7,89.1,13.0
EVT_01711,15.91,2601.5,1.52,41.1,58.2,32.6,48.3,57.7,85.4,72.4,74.0
EVT_00986,6.88,1957.9,2.5,58.7,62.5,19.4,57.9,50.8,72.0,89.2,9.0
EVT_00507,8.17,2610.0,0.0,6.7,48.7,22.5,59.3,58.1,84.7,86.3,55.0
EVT_00130,21.54,1055.4,2.3,46.4,53.7,20.3,62.2,25.4,100.0,89.4,3.0
EVT_01486,22.05,796.0,0.0,8.5,43.6,26.7,60.1,6.1,92.2,83.7,17.0
EVT_00497,16.73,2630.1,0.0,0.2,59.9,34.0,61.9,64.8,71.6,99.5,1.0
EVT_00326,10.5,2332.2,0.46,37.7,65.6,23.4,65.7,59.7,97.4,95.2,51.0
EVT_01744,5.26,1081.0,0.0,21.1,54.5,17.7,63.1,2.5,84.3,78.6,
EVT_01848,16.97,2264.4,0.0,7.9,48.7,33.3,65.9,39.8,87.2,96.3,62.0
EVT_00182,5.17,632.9,0.0,1.2,54.5,20.2,82.5,21.1,77.1,87.5,30.0
EVT_00537,12.41,2072.9,0.0,11.5,44.4,32.6,51.3,82.5,83.5,100.0,29.0
EVT_01842,16.87,1862.0,0.0,1.9,47.4,26.5,58.5,48.8,87.2,100.0,47.0
EVT_00112,15.69,1097.3,7.4,51.3,59.0,33.1,78.8,66.2,75.9,74.2,16.0
EVT_01107,17.97,2335.0,0.0,7.8,68.1,,67.7,38.7,100.0,96.0,41.0
EVT_00969,11.23,2409.3,0.0,10.7,59.7,30.1,51.8,92.3,91.7,99.9,12.0
EVT_01353,4.88,801.6,4.49,45.4,55.5,25.1,75.7,13.1,87.0,56.9,0.0
EVT_01633,12.73,2656.7,0.0,23.9,60.3,31.7,74.4,79.2,92.1,93.1,44.0
EVT_00554,8.06,2175.2,1.26,32.3,57.0,22.8,83.3,72.7,79.9,84.2,0.0
EVT_00119,15.55,2345.4,0.0,9.4,54.8,32.7,66.1,63.3,99.3,92.8,44.0
EVT_01579,7.98,1914.7,,31.4,51.5,25.6,68.3,45.4,85.1,76.2,54.0
EVT_00894,16.14,926.8,18.92,93.3,68.1,37.4,100.0,38.7,82.4,56.2,48.0
EVT_00996,13.47,2081.8,0.0,1.2,42.9,34.5,60.7,76.7,100.0,100.0,14.0
EVT_00518,13.42,1833.0,7.15,36.5,69.6,34.7,68.5,84.0,91.8,68.8,73.0
EVT_01758,11.51,2212.9,1.61,37.7,59.9,36.0,62.6,82.2,96.1,76.2,25.0
EVT_00039,8.94,1932.0,4.84,54.7,59.9,27.1,56.4,60.5,69.6,79.2,69.0
EVT_01670,18.97,1452.0,11.96,75.8,58.0,26.4,88.9,39.3,86.7,59.8,0.0
EVT_01923,23.27,1204.6,0.0,0.9,47.6,22.1,80.4,42.8,88.9,82.4,13.0
EVT_00177,12.66,1715.6,3.93,,56.5,37.4,49.0,77.4,86.0,71.9,17.0
EVT_01881,16.4,2110.5,0.0,20.0,54.7,24.0,67.2,62.4,80.9,80.2,57.0
EVT_01047,17.83,2139.9,0.0,0.7,45.4,32.6,58.3,36.7,79.7,88.9,10.0
EVT_00531,16.28,2002.1,3.83,57.9,59.1,29.8,69.2,74.5,85.1,91.9,54.0
EVT_01891,20.75,1251.3,0.59,46.7,52.5,30.3,66.2,25.6,86.0,87.0,50.0
EVT_01165,23.93,1124.1,0.39,25.8,41.6,25.7,61.5,23.0,89.3,86.0,1.0
EVT_01791,9.75,1967.0,0.0,10.7,,28.7,61.4,96.5,96.5,96.3,87.0
EVT_01909,7.71,1597.7,1.24,28.5,59.7,23.2,52.9,49.1,84.5,86.8,97.0
EVT_01409,18.4,1640.3,0.0,,65.3,31.8,51.3,23.2,92.6,100.0,17.0
EVT_01122,7.3,2715.8,0.0,2.8,68.8,25.4,70.2,45.6,86.8,100.0,10.0
EVT_00436,6.52,2592.5,0.0,0.7,54.8,20.0,64.7,32.2,93.9,86.1,14.0
EVT_01188,5.06,1214.0,2.49,42.1,58.1,23.8,67.8,25.7,93.7,86.8,19.0
EVT_00514,23.63,605.2,4.51,37.4,60.4,14.6,67.2,8.9,93.0,83.6,0.0
EVT_01374,18.61,1915.8,4.16,67.3,55.9,30.4,66.7,38.4,81.9,71.5,2.0
EVT_00690,13.13,2006.2,0.0,3.1,58.8,39.1,60.8,69.6,85.3,93.2,34.0
EVT_00092,13.39,1195.5,13.13,70.8,64.4,22.9,75.1,92.0,93.7,61.8,31.0
EVT_01463,21.82,713.1,13.36,59.6,60.2,24.2,79.8,49.8,89.4,64.9,27.0
EVT_01472,17.33,1530.3,6.13,32.8,,27.3,59.5,53.9,85.3,77.5,55.0
EVT_01998,4.17,788.7,4.76,35.8,,16.7,78.9,5.6,84.4,84.5,67.0
EVT_00525,8.7,2421.4,0.0,22.3,63.7,26.6,64.4,51.8,91.5,82.6,19.0
EVT_00847,16.53,2155.1,0.0,,58.6,27.7,65.3,71.2,78.7,92.8,63.0
EVT_00974,21.77,588.2,1.02,22.9,44.6,27.0,66.5,27.1,79.7,69.8,1.0
EVT_00660,23.12,750.6,0.0,24.0,66.3,18.8,70.6,23.0,91.0,100.0,27.0
EVT_01099,12.8,2105.9,1.17,37.6,62.2,29.4,64.4,65.0,78.3,93.9,84.0
EVT_00088,6.28,2331.0,3.35,56.3,61.2,28.4,71.2,45.4,88.0,87.8,0.0
EVT_01144,16.81,1877.4,5.7,27.8,57.9,31.5,59.2,57.7,78.0,70.1,22.0
EVT_01970,18.04,1806.2,0.0,21.9,47.5,37.4,50.2,16.4,88.4,92.4,98.0
EVT_01078,21.82,415.1,17.76,76.1,73.8,20.4,90.6,,72.0,63.8,86.0
EVT_01391,7.67,2361.5,0.0,2.1,47.8,24.7,66.8,61.2,93.2,94.7,87.0
EVT_00933,20.27,1227.6,0.0,2.9,59.5,25.5,52.3,7.3,96.9,87.0,91.0
EVT_00882,9.64,1713.1,0.0,12.5,69.2,28.4,69.4,80.5,76.4,96.6,35.0
EVT_00219,20.67,472.3,3.39,48.3,64.9,25.0,81.6,20.3,84.4,80.7,74.0
EVT_01525,21.74,1068.5,0.0,5.3,56.2,28.0,53.9,35.8,92.2,75.7,24.0
EVT_00521,18.67,2087.8,1.91,50.0,50.7,28.8,71.5,30.1,88.3,81.4,59.0
EVT_01055,8.59,1758.4,0.0,12.5,55.5,28.4,55.2,49.8,85.1,89.8,79.0
EVT_01478,22.24,708.0,0.0,,61.0,20.4,72.2,26.5,100.0,100.0,18.0
EVT_00912,6.8,2716.5,0.0,5.1,55.8,24.9,57.7,49.3,100.0,90.0,70.0
EVT_00097,12.53,1656.2,8.12,57.8,63.8,27.6,60.2,91.1,94.3,89.6,15.0
EVT_01546,5.62,905.4,0.0,0.3,46.4,24.1,65.4,16.4,73.2,85.5,20.0
EVT_01446,7.21,,2.27,20.4,56.1,30.0,72.0,41.3,78.0,89.9,11.0
EVT_01803,18.87,2059.4,0.0,12.3,60.3,28.4,73.9,13.9,83.4,76.5,34.0
EVT_00639,22.93,875.3,0.0,13.6,59.1,20.2,63.3,0.2,81.6,69.9,9.0
EVT_00642,14.21,2500.4,0.0,2.6,55.8,33.2,49.9,73.9,87.1,99.6,44.0
EVT_01348,1.79,1189.9,0.0,9.9,52.6,25.3,56.9,22.5,86.2,70.1,33.0
EVT_01337,16.24,1779.6,4.96,48.6,63.8,24.3,73.3,74.0,77.9,80.7,9.0
EVT_00663,1.91,1226.0,0.0,21.9,42.0,22.7,70.2,22.2,92.1,76.3,0.0
EVT_01278,13.06,2237.0,0.0,4.6,57.2,34.5,60.3,60.7,83.9,95.4,31.0
EVT_01895,23.91,1057.9,0.0,14.3,61.6,20.0,66.1,22.1,80.9,92.8,34.0
EVT_00561,8.74,1987.7,0.0,27.9,53.7,25.4,63.8,57.6,88.2,92.8,18.0
EVT_01617,1.19,1279.9,0.0,8.3,46.4,24.8,62.0,28.8,84.1,96.6,10.0
EVT_01597,18.63,1992.6,0.0,5.5,61.5,32.5,70.6,18.8,95.1,100.0,53.0
EVT_01532,0.43,958.1,0.0,13.8,46.0,24.1,67.7,5.9,91.0,100.0,0.0
EVT_01648,2.88,770.6,3.92,29.6,56.6,17.8,85.3,26.8,87.5,85.9,26.0
EVT_00584,18.32,1659.5,6.76,49.4,60.3,21.0,87.5,,88.0,71.6,2.0
EVT_01340,20.62,636.4,10.91,65.6,,23.6,95.6,23.0,79.9,48.5,21.0
EVT_01162,20.21,1024.8,0.0,7.8,55.9,22.8,64.5,2.8,83.2,98.3,88.0
EVT_00246,1.65,1087.7,0.0,13.9,48.2,25.7,67.0,12.2,85.1,88.6,13.0
EVT_01057,15.73,1721.8,0.0,16.8,54.3,37.1,80.2,61.4,88.5,95.1,14.0
EVT_00620,8.26,1917.8,0.0,13.3,48.1,25.9,72.2,76.2,87.9,99.9,94.0
EVT_00717,15.8,2044.1,0.0,0.4,53.0,35.1,62.2,62.3,89.8,96.5,18.0
EVT_00505,13.62,2448.8,0.0,12.1,51.2,31.3,54.3,100.0,84.0,91.1,4.0
EVT_00188,9.06,2316.4,0.0,9.0,46.7,30.0,67.4,79.5,85.6,100.0,19.0
EVT_01093,7.82,1610.5,2.44,49.6,60.4,25.1,78.1,45.9,79.8,67.3,32.0
EVT_00577,10.94,2353.9,0.0,4.9,58.9,24.9,60.9,84.9,87.6,94.8,31.0
EVT_00927,18.95,2464.6,0.0,21.7,57.7,23.6,62.1,17.5,87.2,88.9,28.0
EVT_00450,21.96,906.3,10.36,78.7,58.2,16.5,98.3,17.3,78.0,53.4,39.0
EVT_01371,12.44,2489.3,0.0,9.8,51.5,31.1,41.9,86.8,81.0,88.1,72.0
EVT_00759,8.15,2544.1,0.0,8.9,50.9,18.4,70.7,53.9,80.6,81.4,52.0
EVT_00596,11.56,1879.5,5.93,41.6,65.9,28.3,68.0,77.0,79.6,88.0,75.0
EVT_00383,10.44,2030.8,0.0,5.6,47.6,25.1,64.3,63.2,98.6,91.5,74.0
EVT_00510,11.62,1939.3,0.0,4.3,67.3,26.9,58.1,86.0,90.6,97.8,28.0
EVT_01999,9.6,2021.2,0.0,3.4,54.8,31.2,66.0,60.0,82.4,84.2,71.0
EVT_01168,10.11,1752.9,6.98,46.4,58.3,32.3,88.3,67.5,79.2,73.9,56.0
EVT_01599,18.82,2144.3,,0.8,62.0,29.6,76.2,16.8,71.1,94.5,31.0
EVT_01719,21.0,832.9,10.94,62.4,60.7,24.2,,25.7,79.4,57.2,23.0
EVT_00412,8.75,2447.6,2.83,50.7,62.1,20.3,70.3,65.2,79.3,85.5,28.0
EVT_00966,20.64,860.3,1.65,16.9,43.9,24.3,70.1,38.4,99.9,78.4,90.0
EVT_01040,10.12,1475.9,1.28,25.4,49.4,25.4,60.9,74.4,86.8,76.6,26.0
EVT_01507,18.08,2146.7,0.0,0.9,56.3,32.4,41.5,26.9,91.6,100.0,60.0
EVT_01797,17.75,,0.0,6.0,57.1,28.5,51.5,29.9,76.6,100.0,91.0
EVT_00122,16.9,2142.0,4.41,41.0,58.7,32.1,56.8,44.2,97.3,71.3,34.0
EVT_01995,19.82,802.2,0.19,20.2,49.6,29.2,64.0,17.2,82.3,78.7,29.0
EVT_00732,1.65,553.4,7.71,41.9,51.9,21.1,76.8,10.8,82.5,74.8,53.0
EVT_00655,23.72,1239.6,0.0,44.1,54.0,26.4,63.9,42.2,88.3,91.0,39.0
EVT_00467,13.62,1806.3,0.0,9.1,63.2,33.8,69.5,75.4,92.3,100.0,114.0
EVT_00257,20.13,1455.1,1.54,38.9,50.1,24.4,70.9,,92.1,79.5,49.0
EVT_00457,8.78,1377.2,11.82,46.3,55.8,24.8,96.6,65.6,90.3,80.5,68.0
EVT_00319,18.44,2367.1,0.0,8.6,51.6,31.3,61.3,24.9,89.0,98.5,19.0
EVT_01640,6.66,2416.8,0.57,35.8,41.1,23.1,61.1,29.5,82.8,75.8,57.0
EVT_01111,10.11,1857.3,0.0,7.8,53.6,26.7,77.2,83.9,82.1,74.9,32.0
EVT_00179,19.53,570.6,0.0,3.6,57.2,30.0,46.4,0.0,91.5,84.5,18.0
EVT_01625,6.97,1960.4,2.02,23.4,70.2,,63.5,61.5,91.6,82.3,85.0
EVT_01783,15.73,2112.1,0.0,33.1,58.3,32.6,69.4,43.9,94.8,74.1,16.0
EVT_00402,11.72,2197.4,0.0,16.3,59.6,23.3,62.6,75.9,97.9,93.5,4.0
EVT_01608,7.33,1532.0,10.72,63.0,74.5,17.4,80.3,30.2,78.0,69.0,49.0
EVT_01431,8.8,2211.1,0.0,2.7,51.7,19.7,46.1,85.1,84.7,98.8,76.0
EVT_01731,7.85,1701.0,3.35,23.9,62.3,21.2,82.9,51.8,74.6,83.2,
EVT_00980,8.06,2189.1,0.0,11.9,56.7,23.1,45.6,64.0,94.7,90.8,27.0
EVT_00118,9.29,2315.5,0.0,0.1,66.0,29.1,62.6,76.1,81.0,90.5,47.0
EVT_00498,8.76,1935.5,0.0,3.5,53.8,22.3,50.3,44.5,89.2,89.3,0.0
EVT_00371,9.5,2279.9,0.0,8.5,62.4,28.8,65.9,92.7,80.4,75.3,41.0
EVT_01941,18.24,2281.3,0.1,47.4,39.1,26.8,62.9,12.9,84.8,83.8,11.0
EVT_01197,15.69,2019.4,0.64,39.9,49.1,32.1,91.9,59.3,95.6,85.9,12.0
EVT_00889,11.69,1424.7,10.98,63.6,63.4,28.7,75.8,70.6,93.1,77.7,80.0
EVT_00892,6.44,1692.4,0.0,8.0,62.9,21.2,58.8,32.9,83.0,81.3,59.0
EVT_01602,5.12,1072.6,0.0,3.4,59.8,27.2,67.7,35.1,94.7,79.0,65.0
EVT_00021,9.31,2736.1,0.0,2.7,50.8,28.3,63.4,90.4,85.3,88.7,30.0
EVT_01774,9.91,1852.6,0.0,3.5,55.1,23.5,,75.7,75.6,87.6,9.0
EVT_00629,6.06,1339.3,5.15,46.0,52.5,22.1,73.9,40.3,86.7,77.6,28.0
EVT_01876,13.12,1821.7,4.06,29.2,59.9,31.2,78.8,69.4,85.6,82.1,0.0
EVT_00555,6.96,1958.7,0.0,5.4,50.1,21.2,70.8,29.8,83.3,86.0,23.0
EVT_01251,15.91,2534.0,0.0,17.4,55.2,35.5,50.8,60.7,73.8,89.8,45.0
EVT_00137,10.59,2355.2,0.0,5.0,47.4,28.7,65.0,83.2,90.3,72.8,50.0
EVT_00685,10.06,1974.6,0.0,0.8,63.1,32.6,60.2,73.8,84.2,97.0,106.0
EVT_01412,16.77,871.2,18.54,73.5,68.3,31.6,83.8,56.5,72.3,60.7,19.0
EVT_01326,4.95,759.8,0.0,6.3,47.5,20.4,62.6,17.4,94.9,70.4,50.0
EVT_01959,7.81,2401.0,0.0,4.5,62.0,27.5,64.4,81.6,95.6,87.2,35.0
EVT_00862,8.16,2222.8,3.15,50.7,54.6,26.5,77.2,59.2,83.8,76.4,13.0
EVT_00508,6.27,614.2,25.18,94.5,66.5,16.6,90.8,48.9,75.6,67.4,100.0
EVT_01436,5.12,873.7,0.0,18.7,45.8,19.1,68.4,9.7,88.0,79.6,14.0
EVT_00605,20.57,984.1,0.0,5.4,42.0,27.4,61.3,8.6,83.2,92.1,35.0
EVT_00920,6.59,1971.4,3.23,65.7,,27.4,66.0,56.7,78.8,61.5,0.0
EVT_01822,8.53,2524.2,0.0,1.3,54.1,17.2,65.4,55.9,95.4,80.0,13.0
EVT_00769,13.48,2008.8,0.0,55.9,55.9,31.0,48.9,57.5,83.6,85.7,33.0
EVT_00265,17.84,2029.3,0.0,12.6,68.8,33.4,62.9,31.6,90.6,100.0,48.0
EVT_00105,8.19,2175.5,0.92,26.8,52.7,19.2,70.9,,77.0,93.0,32.0
EVT_00244,2.38,900.1,0.0,13.5,46.3,22.6,74.9,8.9,83.2,72.0,13.0
EVT_00634,23.29,903.7,0.0,0.6,48.0,20.1,64.0,9.2,99.2,73.5,25.0
EVT_00044,8.26,2355.5,0.0,3.3,53.7,22.0,84.2,77.0,82.9,88.0,18.0
EVT_01655,10.27,2253.0,0.0,7.2,53.5,26.7,69.8,68.9,86.7,71.9,28.0
EVT_01664,18.05,2401.0,0.0,1.5,55.9,28.3,69.6,39.5,95.3,100.0,25.0
EVT_00352,6.2,2175.5,0.0,15.3,52.6,28.6,71.0,18.4,70.8,82.4,22.0
EVT_01833,3.93,1151.3,3.33,46.8,47.5,21.2,70.9,32.3,75.5,83.7,
EVT_00945,19.02,851.0,0.32,45.4,60.3,31.4,62.7,22.0,66.2,75.2,17.0
EVT_00287,22.95,861.2,10.2,43.5,48.7,26.6,70.3,31.9,80.2,,1.0
EVT_01853,14.14,1820.3,2.93,57.2,51.1,31.0,72.9,75.0,75.9,76.3,25.0
EVT_00218,8.27,1567.4,8.72,44.9,60.7,18.4,74.4,54.2,89.3,76.8,87.0
EVT_00002,17.87,2175.1,3.54,33.0,62.1,30.4,72.5,20.1,83.6,79.1,56.0
EVT_01604,14.44,2368.2,0.0,2.4,46.4,34.1,56.8,80.6,77.5,75.9,61.0
EVT_01647,17.75,1998.1,0.0,16.5,,32.8,64.7,41.6,86.1,86.0,76.0
EVT_01905,9.5,1689.4,2.32,36.0,60.8,27.9,76.5,79.5,92.0,77.9,34.0
EVT_00022,23.2,1049.3,0.0,23.3,56.2,22.1,69.8,0.0,77.3,79.5,3.0
EVT_00398,5.74,320.4,20.99,65.0,69.9,18.6,100.0,18.1,73.5,61.4,
EVT_01130,15.83,1622.8,0.7,22.4,58.8,35.7,54.5,79.4,81.7,77.6,38.0
EVT_01413,8.77,1895.3,0.0,7.7,55.9,27.2,67.8,57.6,82.1,92.7,6.0
EVT_00831,14.64,1656.9,0.0,1.9,63.4,33.1,65.5,73.5,83.9,99.0,21.0
EVT_00734,17.61,1721.0,4.96,42.9,60.2,,84.9,31.6,88.7,78.8,59.0
EVT_00650,8.23,1245.9,14.49,61.8,67.7,22.2,100.0,57.3,70.7,75.1,24.0
EVT_00590,12.87,1774.1,1.01,21.8,50.9,34.5,66.1,68.3,96.4,99.2,25.0
EVT_01750,13.32,1969.1,0.0,0.8,47.5,28.1,66.6,83.1,90.6,83.4,31.0
EVT_01260,7.25,1745.9,0.0,2.1,62.6,25.7,63.5,62.4,73.4,81.1,15.0
EVT_01652,23.39,509.5,11.89,68.9,60.9,19.8,89.9,24.0,90.2,56.2,34.0
EVT_00411,17.89,2082.9,0.0,20.6,56.2,33.9,74.8,52.5,92.9,87.3,14.0
EVT_00020,23.32,1888.8,0.0,8.8,49.7,23.3,66.6,37.2,83.3,75.7,28.0
EVT_01045,11.91,1906.2,4.71,52.9,63.5,27.3,70.3,69.3,76.4,96.8,52.0
EVT_00384,18.16,1897.3,12.12,54.3,61.3,34.2,92.5,27.1,78.4,56.8,15.0
EVT_01674,8.84,1986.0,0.0,7.4,61.3,30.6,78.0,56.9,99.0,85.6,66.0
EVT_01295,13.65,2124.9,0.0,0.9,65.4,30.2,46.6,82.7,100.0,70.1,
EVT_01901,11.82,1951.5,3.31,29.5,51.0,22.6,75.0,76.0,80.6,95.6,93.0
EVT_00546,23.96,927.9,0.0,6.1,51.1,22.8,62.5,15.4,89.2,98.3,24.0
EVT_01403,21.49,1215.2,0.0,2.0,47.5,23.4,62.7,20.2,93.3,98.3,29.0
EVT_00078,14.53,1824.4,0.0,9.6,50.3,35.3,57.3,61.3,94.9,96.4,27.0
EVT_00139,9.18,2259.8,0.0,3.0,60.2,27.2,62.1,74.5,93.0,100.0,81.0
EVT_00366,6.17,1031.6,0.0,2.9,73.8,22.1,76.7,23.6,76.1,87.9,43.0
EVT_00129,5.13,1027.3,0.0,10.1,58.3,30.9,63.5,24.2,89.9,100.0,67.0
EVT_01248,10.95,2683.8,0.0,1.3,54.5,28.7,58.3,88.9,79.0,78.6,2.0
EVT_00615,17.25,2154.1,0.0,0.5,50.4,29.8,64.7,61.3,76.3,78.9,52.0
EVT_01164,5.55,1219.0,0.0,10.0,49.6,26.6,49.0,15.6,76.9,100.0,23.0
EVT_01555,9.02,1729.5,0.0,6.0,58.0,24.5,68.3,72.7,88.0,95.7,40.0
EVT_00169,23.74,807.2,0.5,46.7,40.9,20.6,59.2,31.9,76.2,85.6,17.0
EVT_01743,21.73,657.4,0.1,33.4,48.5,22.3,64.3,10.6,89.0,76.0,19.0
EVT_00949,18.08,2282.8,0.0,1.4,58.6,32.2,55.0,38.3,91.0,93.1,19.0
EVT_01872,6.6,1847.5,6.95,58.9,59.0,19.7,71.3,29.9,89.4,75.6,14.0
EVT_01252,7.34,1617.1,11.73,55.5,55.1,25.5,89.0,26.0,79.6,82.3,10.0
EVT_00194,3.96,824.4,4.09,41.7,58.1,21.1,78.8,35.5,93.0,76.3,21.0
EVT_00786,18.68,1964.2,2.4,29.8,62.1,19.4,84.8,28.2,96.0,73.9,60.0
EVT_00880,22.41,772.7,0.84,40.2,57.8,21.6,60.1,10.9,87.0,85.5,23.0
EVT_00275,11.65,2303.3,0.0,38.3,49.5,39.1,57.2,60.6,81.6,59.6,41.0
EVT_00160,15.73,2182.3,2.52,54.5,54.2,33.1,67.6,53.4,78.1,73.9,46.0
EVT_00960,23.17,1692.4,0.0,13.1,54.4,21.7,50.5,13.4,100.0,66.6,49.0
EVT_00423,10.48,2236.3,2.82,21.0,57.1,24.6,74.0,71.2,91.2,68.6,3.0
EVT_00376,13.57,2235.3,0.0,12.8,66.1,32.1,59.3,88.9,79.2,83.1,56.0
EVT_00270,9.3,2251.3,0.0,0.5,52.1,28.3,57.6,84.9,81.5,100.0,94.0
EVT_01494,16.77,2379.7,1.41,26.2,64.5,31.3,59.3,46.4,86.1,96.0,50.0
EVT_00586,23.35,787.7,3.34,37.1,42.8,18.0,78.0,10.3,94.5,89.1,8.0
EVT_00487,19.87,734.0,0.0,11.2,54.3,22.4,69.8,34.2,93.6,64.3,30.0
EVT_00671,20.5,1047.3,4.23,36.3,56.8,21.2,71.4,6.0,87.1,86.3,50.0
EVT_01116,23.65,1116.4,0.0,0.8,55.8,24.0,65.5,29.6,79.9,56.7,1.0
EVT_01321,8.22,2193.1,0.0,10.7,51.5,29.8,62.2,40.5,90.3,91.1,10.0
EVT_01952,6.18,717.7,0.0,7.1,48.6,20.4,63.7,33.2,82.9,82.5,41.0
EVT_01088,18.64,2154.5,0.0,0.5,58.1,25.3,68.0,16.2,86.1,100.0,0.0
EVT_00142,10.02,2484.7,0.0,20.4,51.9,24.2,76.2,93.9,76.9,85.6,9.0
EVT_01596,12.91,1907.8,0.0,10.0,51.8,30.3,,82.7,85.5,99.1,23.0
EVT_01284,12.8,2273.7,0.0,9.7,62.6,31.9,,71.9,82.0,96.0,30.0
EVT_01273,13.81,2180.4,,1.1,48.7,33.8,49.8,76.5,78.3,80.7,7.0
EVT_00302,23.27,702.7,8.99,45.0,60.2,22.6,77.7,,91.7,74.0,12.0
EVT_00434,17.44,1152.9,10.16,56.3,58.2,27.5,78.4,27.1,94.8,68.2,33.0
EVT_00045,17.0,1512.8,10.85,49.7,69.3,28.3,90.9,58.9,81.6,81.4,51.0
EVT_01036,7.1,2380.4,0.0,3.5,57.1,24.7,64.1,46.3,93.2,92.4,
EVT_01518,15.89,2091.5,0.0,0.8,63.4,30.5,60.7,66.0,80.3,83.8,73.0
EVT_01612,5.7,1033.4,0.0,3.5,42.1,18.2,59.0,21.3,95.0,77.4,52.0
EVT_01802,1.5,836.4,0.0,7.7,51.0,24.3,57.7,4.9,92.6,96.7,63.0
EVT_01234,15.43,2013.4,0.0,0.2,56.1,32.8,50.2,65.7,100.0,100.0,21.0
EVT_00070,19.74,605.3,0.0,1.6,53.9,21.3,68.6,20.0,86.3,94.9,72.0
EVT_00484,3.07,808.3,0.0,1.1,58.4,17.7,64.6,44.9,99.5,98.1,20.0
EVT_00387,12.92,2032.5,0.0,10.3,56.3,34.0,58.7,72.3,88.0,88.1,18.0
EVT_00293,13.31,2216.5,6.84,50.8,62.6,27.2,64.4,88.9,84.4,97.1,16.0
EVT_01944,16.85,1764.8,9.2,71.3,,25.6,89.1,44.0,87.9,70.3,43.0
EVT_00819,4.08,1026.1,0.0,7.3,53.9,17.0,83.4,19.9,86.7,77.8,0.0
EVT_00575,17.12,1979.2,1.42,56.1,54.2,25.6,70.0,29.4,80.8,71.2,
EVT_01526,6.45,2368.9,0.0,0.2,58.7,19.4,69.8,21.7,90.5,82.1,58.0
EVT_01883,5.81,1063.5,0.54,26.5,54.0,23.1,,29.3,94.6,82.9,43.0
EVT_D0025,6.16,1212.7,0.0,8.8,60.1,22.4,66.7,21.2,75.1,73.9,43.0
EVT_00405,17.22,1691.8,0.0,9.7,59.0,,60.1,23.6,86.6,98.5,
EVT_00211,21.77,717.2,0.0,1.9,52.9,26.7,57.4,24.2,86.2,82.8,24.0
EVT_01064,13.61,2264.8,3.4,36.9,63.4,32.9,65.5,86.7,94.3,88.8,42.0
EVT_00033,13.48,2283.1,0.0,1.5,48.2,30.9,60.2,71.8,92.2,79.0,55.0
EVT_00255,7.29,1868.0,0.0,4.3,65.6,22.9,63.1,31.8,91.7,83.0,35.0
EVT_01332,20.08,1717.5,0.0,29.9,56.9,29.6,54.4,12.5,89.8,94.5,40.0
EVT_01607,12.2,1854.3,0.0,0.6,53.3,26.0,69.0,76.2,81.7,89.8,
EVT_01196,17.67,2049.9,1.07,29.8,68.7,35.4,55.4,27.8,95.7,76.7,31.0
EVT_00841,17.27,1977.8,0.0,,64.5,34.6,49.2,38.7,89.4,91.8,
EVT_00699,18.97,2592.4,0.0,10.9,65.7,30.3,67.6,20.0,84.4,84.5,0.0
EVT_00415,17.77,2469.1,0.0,16.9,50.6,32.3,78.1,34.2,78.2,74.7,31.0
EVT_00210,17.37,2383.1,1.8,59.2,64.9,38.8,65.6,50.2,73.4,76.3,57.0
EVT_01524,12.79,2125.5,4.44,58.2,60.4,28.8,82.6,86.7,80.2,67.8,33.0
EVT_00716,21.4,1170.2,0.0,1.4,63.7,20.3,68.3,40.5,89.6,97.0,19.0
EVT_00065,6.91,2205.6,0.0,3.2,56.0,24.1,57.8,39.0,74.0,92.8,31.0
EVT_01282,7.34,2480.7,0.0,11.0,55.6,26.7,63.8,67.5,86.1,100.0,25.0
EVT_01266,1.65,959.3,0.0,0.8,42.1,19.2,62.3,21.5,78.7,90.0,6.0
EVT_01473,8.86,2032.6,0.0,4.7,59.0,31.0,59.8,57.7,83.9,92.6,112.0
EVT_01368,13.16,2706.0,0.49,23.3,52.1,28.3,64.3,76.0,80.6,85.3,12.0
EVT_01392,16.73,2179.3,0.0,7.8,54.7,30.2,61.8,45.7,96.9,100.0,8.0
EVT_01067,22.72,1041.1,0.0,6.2,52.5,26.5,59.3,26.7,81.7,82.0,0.0
EVT_01879,17.29,2239.7,0.0,4.5,61.8,34.6,75.9,49.1,86.9,99.8,45.0
EVT_01835,11.63,1728.9,0.0,6.5,62.3,34.1,63.5,69.4,69.7,76.5,43.0
EVT_01087,20.0,1400.9,0.0,8.1,54.6,22.4,61.1,16.8,86.4,70.8,27.0
EVT_01619,16.16,2063.1,0.0,1.1,51.4,28.0,68.2,53.0,100.0,100.0,64.0
EVT_01780,3.66,903.1,5.28,56.8,70.2,14.7,68.0,20.0,89.5,69.0,53.0
EVT_00448,7.78,1337.5,2.43,32.1,59.5,24.1,65.1,46.2,88.9,97.9,
EVT_00926,6.8,1544.1,2.34,48.0,61.6,27.8,74.4,38.5,93.7,84.4,4.0
EVT_00502,2.75,689.3,0.0,11.5,54.7,20.0,80.1,12.2,83.6,72.4,63.0
EVT_01030,9.18,1893.3,3.51,56.1,61.2,28.6,74.5,96.2,97.0,69.6,43.0
EVT_01097,7.65,1949.6,1.16,32.5,59.2,24.7,51.0,16.2,87.7,77.7,59.0
EVT_00863,7.03,1768.8,8.68,,50.5,20.1,73.6,38.0,85.5,83.0,8.0
EVT_00789,7.01,2029.2,0.0,5.4,61.1,25.1,61.8,30.1,80.6,91.2,10.0
EVT_00694,12.02,1857.5,5.39,48.6,68.4,26.4,62.1,92.1,96.4,94.2,94.0
EVT_01335,10.32,1717.9,0.0,0.4,63.7,24.6,62.6,72.4,90.4,91.2,88.0
EVT_00729,5.8,1154.9,0.0,1.2,52.0,17.5,63.8,32.1,91.6,88.3,18.0
EVT_00983,8.7,1801.9,0.0,39.3,56.9,26.6,72.4,77.1,80.2,83.7,62.0
EVT_00693,17.16,1017.3,20.44,80.3,63.7,31.7,100.0,58.4,78.8,51.4,40.0
EVT_D0028,17.84,1521.9,10.28,38.2,59.5,33.1,68.4,19.5,71.3,75.8,9.0
EVT_01142,7.13,1629.2,0.0,38.2,,21.8,67.8,41.1,94.6,75.5,11.0
EVT_00788,9.33,2361.2,0.0,4.5,57.5,24.0,68.4,66.8,96.7,100.0,75.0
EVT_01921,7.88,2477.0,0.0,8.3,57.0,25.2,62.6,,93.8,83.7,29.0
EVT_01065,21.55,1041.2,0.0,42.5,60.3,32.0,62.6,2.3,80.8,80.2,68.0
EVT_00147,9.72,1755.3,0.0,2.0,44.8,26.2,49.2,98.5,74.0,,55.0
EVT_00183,7.58,2368.0,0.0,0.3,48.5,24.8,75.5,47.0,94.8,97.3,36.0
EVT_D0003,21.46,700.1,0.0,3.1,53.8,28.6,60.1,15.6,98.3,59.1,17.0
EVT_01764,22.46,816.0,0.0,7.5,42.8,21.8,53.1,8.9,92.0,85.9,34.0
EVT_00762,20.63,996.2,0.0,4.1,57.2,31.7,58.7,17.6,87.1,,71.0
EVT_00579,21.63,810.1,0.0,25.8,51.6,26.0,69.6,23.0,86.1,69.6,13.0
EVT_00159,6.39,2338.0,0.0,11.1,57.3,21.2,78.9,38.7,100.0,78.9,39.0
EVT_00223,11.74,2778.1,1.44,29.2,51.7,24.4,,99.3,87.5,72.9,24.0
EVT_01024,7.71,1872.9,0.36,36.5,61.9,21.3,74.6,56.5,83.5,76.1,58.0
EVT_00267,7.93,1687.8,4.69,52.6,65.9,23.9,70.4,44.3,95.7,86.6,83.0
EVT_01274,15.54,1734.4,0.62,33.3,55.9,35.5,50.9,63.5,98.3,75.2,35.0
EVT_01707,7.06,1854.9,5.05,31.8,63.2,26.0,68.9,52.0,80.8,78.0,57.0
EVT_00116,15.75,1929.7,0.0,4.9,,29.9,56.7,55.2,83.6,100.0,48.0
EVT_00541,18.21,2193.4,0.0,1.6,59.4,30.6,67.7,35.4,79.5,87.0,49.0
EVT_01908,5.02,1239.3,0.0,0.3,62.9,25.5,71.5,17.3,80.5,84.7,0.0
EVT_00888,23.61,677.0,15.95,68.8,55.1,24.8,82.7,23.0,93.6,65.8,10.0
EVT_00153,12.96,1993.5,2.68,39.1,51.5,,69.2,90.7,91.4,88.9,40.0
EVT_00898,4.46,979.4,3.22,38.7,49.0,20.9,77.2,25.1,80.2,73.0,20.0
EVT_01779,15.58,2315.6,0.0,14.4,56.2,36.5,49.5,79.3,89.9,78.7,28.0
EVT_00216,18.82,2033.6,0.0,4.2,56.8,30.4,56.3,7.3,91.3,100.0,18.0
EVT_00989,13.81,1649.8,0.0,9.6,41.5,34.5,73.3,75.2,79.3,98.7,91.0
EVT_01800,9.07,941.9,11.38,52.4,65.4,24.9,88.9,53.0,95.3,44.3,21.0
EVT_00369,4.32,674.2,0.0,24.3,48.0,19.7,76.7,33.9,94.1,80.5,63.0
EVT_01126,14.07,1282.8,10.87,55.3,54.8,33.2,64.4,71.0,83.2,77.8,47.0
EVT_00809,18.96,2044.8,5.02,31.5,54.1,28.3,78.7,30.7,86.1,92.8,11.0
EVT_01967,5.03,917.5,0.0,14.6,,23.4,71.9,20.5,93.2,77.5,30.0
EVT_00102,8.53,1765.1,,2.1,56.1,24.5,66.0,77.4,89.8,74.8,89.0
EVT_01279,15.69,,1.95,41.6,51.4,37.9,57.2,69.3,88.9,65.3,11.0
EVT_00356,17.82,2005.7,4.65,32.3,47.5,29.1,74.5,46.0,86.8,91.7,48.0
EVT_01439,5.28,680.2,4.28,52.3,63.5,17.2,83.2,20.2,80.1,61.2,20.0
EVT_01114,9.38,1818.0,1.49,49.6,60.2,26.7,62.6,70.5,77.8,89.7,29.0
EVT_00329,0.73,690.8,0.0,8.3,50.9,19.5,65.2,27.9,76.7,91.4,63.0
EVT_00853,22.7,855.1,0.0,5.8,54.5,23.6,75.5,21.7,77.9,100.0,12.0
EVT_01698,23.56,808.1,0.0,0.9,62.0,,62.8,17.2,75.7,,0.0
EVT_01430,8.14,2406.8,3.1,44.6,56.0,18.5,73.1,57.3,80.6,77.5,43.0
EVT_00913,18.96,2340.6,0.37,31.7,45.3,27.4,76.4,26.4,87.0,,56.0
EVT_01549,5.49,978.8,0.0,14.3,50.8,14.3,80.5,13.2,80.2,79.9,28.0
EVT_00670,22.34,782.2,4.74,44.4,64.1,19.7,82.0,27.2,77.2,73.8,2.0
EVT_01035,10.98,2791.6,0.0,18.9,67.8,28.0,80.1,85.6,83.1,77.8,37.0
EVT_01984,9.57,1561.2,3.02,45.4,56.2,25.6,79.5,67.3,74.3,77.7,7.0
EVT_00900,20.29,1309.3,0.0,6.4,55.6,25.0,76.4,20.4,97.5,100.0,20.0
EVT_01947,17.98,2135.2,0.0,1.6,55.8,27.4,74.0,20.2,88.6,100.0,46.0
EVT_01718,18.51,2089.3,4.66,58.4,57.9,28.0,58.9,5.2,83.2,90.5,35.0
EVT_00272,9.01,1394.1,0.0,18.8,50.4,22.5,75.4,65.9,100.0,85.5,
EVT_01884,9.86,2151.4,0.0,1.6,60.8,32.7,54.3,82.3,83.9,88.1,34.0
EVT_01152,23.43,733.3,0.66,48.6,53.0,19.9,74.1,25.4,100.0,60.5,12.0
EVT_00641,9.9,1341.5,11.22,54.0,,26.3,84.1,69.5,75.0,85.1,54.0
EVT_01235,13.99,2217.0,0.0,4.8,58.3,26.6,56.9,91.6,88.6,93.8,31.0
EVT_00712,3.86,1120.8,0.0,8.7,41.6,24.0,68.3,0.0,84.1,72.5,10.0
EVT_01875,1.81,1257.4,1.09,40.0,53.3,21.8,61.6,15.7,86.6,62.8,15.0
EVT_00288,18.87,2280.8,0.93,47.3,50.6,30.4,77.6,21.5,90.2,69.9,64.0
EVT_01741,13.64,2339.1,0.0,0.7,48.5,29.0,56.9,84.2,84.0,96.7,47.0
EVT_00939,5.93,766.1,0.87,45.4,53.2,22.0,72.8,26.5,82.4,73.3,52.0
EVT_01459,6.13,746.6,3.56,37.6,54.2,27.0,62.3,17.9,77.5,84.7,28.0
EVT_00468,9.78,2137.9,0.0,7.3,66.7,30.1,60.0,89.9,80.8,92.7,41.0
EVT_01706,17.94,2523.2,3.39,20.8,48.6,28.4,61.0,34.6,82.3,69.7,73.0
EVT_00463,15.62,2365.3,0.0,41.3,67.3,32.5,53.8,61.4,93.0,73.4,
EVT_00529,10.81,1638.6,0.0,3.9,54.6,22.4,78.8,94.6,80.0,80.7,2.0
EVT_D0004,16.2,2322.5,0.0,0.4,64.7,28.3,55.0,58.06,85.1,100.0,5.0
EVT_00877,9.12,2306.0,1.26,52.2,58.4,24.1,66.4,65.3,86.4,82.6,30.0
EVT_00084,7.11,1843.2,3.42,35.1,49.0,22.9,73.1,22.3,84.6,83.4,30.0
EVT_01980,21.93,644.1,9.4,89.2,66.7,29.5,82.4,18.7,92.0,61.3,31.0
EVT_01316,23.35,902.4,1.78,72.3,50.8,20.3,70.4,0.0,86.5,57.0,6.0
EVT_00013,12.02,1740.8,5.12,55.6,56.8,27.2,85.7,88.9,80.8,68.9,11.0
EVT_01485,4.55,1595.0,0.82,24.9,48.2,22.6,62.6,23.4,77.4,73.5,12.0
EVT_00953,20.82,678.3,4.93,37.7,68.6,23.4,64.4,11.0,80.5,81.4,97.0
EVT_01870,16.1,2069.0,0.0,2.1,56.4,34.7,39.1,62.7,91.9,77.9,50.0
EVT_01927,19.85,1654.0,0.0,8.5,53.8,27.1,72.7,14.7,85.1,100.0,33.0
EVT_01180,23.13,1067.9,0.0,12.9,54.5,17.8,57.3,26.1,83.6,78.9,29.0
EVT_01634,19.56,864.3,0.0,4.7,,24.9,49.2,34.0,78.1,80.6,0.0
EVT_01264,11.48,2041.7,0.0,5.8,61.3,30.6,63.4,87.6,85.3,77.4,27.0
EVT_00225,23.03,902.3,3.39,61.9,56.3,20.1,73.2,6.8,100.0,72.1,12.0
EVT_01890,14.73,2576.1,0.0,2.7,44.7,29.9,53.8,76.7,88.3,81.8,36.0
EVT_00035,8.31,2638.2,0.0,11.8,55.4,22.1,66.5,51.4,84.8,100.0,97.0
EVT_00928,9.33,,0.0,0.8,59.2,27.6,61.8,61.3,84.4,100.0,28.0
EVT_00222,1.59,1188.4,0.0,11.6,,22.4,,17.8,85.6,96.5,83.0
EVT_00176,13.56,972.6,17.63,71.5,65.9,21.8,94.4,87.1,87.8,68.7,21.0
EVT_01534,14.9,1926.0,3.18,30.5,61.4,32.2,58.8,78.7,81.5,82.0,0.0
EVT_00245,7.01,2255.1,0.0,0.1,52.4,21.1,65.0,45.6,98.9,99.5,50.0
EVT_00613,14.43,2299.3,0.0,3.7,58.7,32.0,51.8,74.9,73.0,86.4,95.0
EVT_01915,11.06,2464.6,0.0,1.2,44.3,31.4,71.4,77.2,88.3,92.5,13.0
EVT_00692,16.48,2339.3,0.0,11.3,49.3,30.8,66.4,39.2,88.2,100.0,27.0
EVT_00736,7.2,2295.0,0.0,6.1,57.9,21.8,59.1,36.0,78.4,86.4,49.0
EVT_01836,13.05,2035.4,0.0,1.2,52.5,34.4,54.0,92.1,76.7,88.9,59.0
EVT_01106,13.36,2034.8,0.0,16.9,62.4,26.8,64.8,99.9,94.3,94.1,38.0
EVT_01069,4.34,928.3,0.0,9.6,51.4,20.3,56.4,31.2,80.6,92.7,26.0
EVT_01545,17.92,1988.9,0.0,0.8,66.9,23.9,54.3,26.7,84.8,77.5,64.0
EVT_00709,12.02,2460.8,0.0,4.9,44.8,32.8,59.3,86.4,77.1,98.9,93.0
EVT_00764,6.2,1840.1,0.94,49.2,48.4,19.6,59.1,52.1,82.6,75.1,19.0
EVT_00391,23.3,480.9,8.14,51.0,51.7,22.4,85.4,16.4,76.6,79.2,4.0
EVT_01866,13.56,2303.1,0.0,24.9,55.9,24.1,61.1,59.1,83.3,83.1,2512.0
EVT_01225,17.84,1521.9,10.28,38.2,59.5,33.1,68.4,19.5,71.3,75.8,9.0
EVT_01600,12.3,2115.1,2.97,59.8,58.4,27.7,74.6,100.0,87.1,75.4,38.0
EVT_01453,5.17,747.8,2.51,31.6,64.7,18.7,80.7,15.2,98.9,77.3,2.0
EVT_01859,18.11,2187.1,0.0,8.8,46.8,32.5,58.4,41.2,84.3,85.2,51.0
EVT_00200,6.18,1179.4,2.23,49.5,55.2,25.3,64.2,29.7,92.5,57.7,40.0
EVT_00156,8.56,1908.9,0.0,1.8,56.7,22.8,66.8,59.7,78.1,85.9,44.0
EVT_01396,0.78,689.9,8.18,52.3,54.2,15.5,64.9,6.0,77.5,64.2,30.0
EVT_01254,9.32,1801.4,8.61,63.4,59.2,,84.9,79.8,75.8,71.0,16.0
EVT_00481,4.58,1041.6,0.0,6.0,,18.7,63.0,23.4,74.4,87.1,1.0
EVT_01205,8.57,2580.8,0.0,3.0,62.8,28.4,72.1,50.5,96.8,91.2,93.0
EVT_01536,17.42,2261.2,0.87,32.5,53.6,32.4,68.4,64.0,84.2,85.5,27.0
EVT_00399,6.38,1991.1,0.0,17.6,62.6,20.8,62.5,27.4,76.5,86.7,32.0
EVT_01182,12.86,2187.2,0.1,36.4,56.6,28.6,61.1,93.3,91.6,71.9,22.0
EVT_00903,22.04,940.6,0.0,8.6,65.8,28.6,63.7,40.1,79.6,76.5,36.0
EVT_00813,23.38,948.6,0.0,8.2,54.5,28.5,,6.8,88.2,90.6,0.0
EVT_01643,10.8,2159.9,0.23,37.7,49.7,26.9,69.0,89.9,87.7,100.0,64.0
EVT_00229,13.53,2141.5,0.0,1.6,56.9,31.0,51.0,56.3,85.0,100.0,33.0
EVT_00431,17.91,1628.9,0.0,29.3,54.1,27.8,58.4,38.5,86.3,89.2,26.0
EVT_01435,11.73,1658.9,0.0,8.8,54.3,28.8,76.7,73.7,84.8,93.7,28.0
EVT_00207,7.22,1954.4,0.0,1.9,62.6,24.7,53.7,34.3,69.4,97.1,76.0
EVT_01627,9.0,2140.5,0.0,19.3,53.1,25.4,1485.0,72.7,86.0,100.0,47.0
EVT_01687,9.39,2398.0,0.0,5.6,57.7,26.5,61.2,66.8,89.6,81.2,10.0
EVT_01169,19.9,699.8,0.0,0.5,53.0,29.6,59.7,0.0,82.0,76.4,
EVT_01497,18.67,1432.9,10.35,43.9,59.7,27.8,72.9,16.8,73.8,72.2,58.0
EVT_00228,6.69,1538.1,10.87,70.9,60.2,18.5,90.1,52.9,73.6,60.2,17.0
EVT_01471,6.57,2145.4,0.0,9.7,52.5,24.8,59.9,38.3,87.1,87.1,38.0
EVT_D0009,7.82,1970.5,,40.5,59.9,22.9,83.3,58.7,88.2,73.6,8.0
EVT_00397,23.24,1030.9,5.26,52.1,61.0,22.5,64.2,5.6,77.0,70.8,11.0
EVT_01975,7.44,2341.3,0.0,3.9,55.6,23.5,65.8,45.6,76.3,,41.0
EVT_01728,14.27,2201.1,0.0,32.0,60.3,32.5,57.9,67.0,82.3,94.6,
EVT_01509,11.41,1915.9,8.04,66.1,53.2,26.1,85.8,90.0,93.5,,27.0
EVT_00191,22.94,679.1,0.0,2.0,53.2,22.5,64.2,28.7,98.3,91.2,23.0
EVT_01214,14.32,1792.5,0.75,24.4,48.5,29.4,57.9,82.3,96.3,76.2,29.0
EVT_01050,23.5,656.2,0.0,1.6,48.1,19.0,65.2,16.1,88.6,81.1,70.0
EVT_01990,18.59,2056.3,0.48,43.2,58.1,25.2,57.5,54.5,90.1,90.0,38.0
EVT_01771,5.74,937.4,0.0,7.8,54.8,19.6,65.2,35.7,89.8,94.6,44.0
EVT_01554,7.03,2045.7,0.0,11.0,58.4,27.4,47.2,48.5,84.8,99.9,64.0
EVT_01017,9.79,1787.4,0.0,7.0,60.0,27.8,50.6,72.4,95.5,99.8,31.0
EVT_01900,18.89,1539.9,5.96,37.6,60.6,27.0,85.8,18.0,81.3,76.8,18.0
EVT_01243,21.09,912.8,0.0,7.8,51.8,25.2,74.7,4.8,73.0,92.6,40.0
EVT_00676,5.09,667.8,0.0,4.3,51.6,,54.1,13.4,91.7,82.1,20.0
EVT_01508,5.84,967.5,2.67,41.5,55.5,21.5,65.1,7.0,79.4,58.9,33.0
EVT_01913,16.11,1600.9,8.6,55.5,72.2,34.8,78.5,45.1,79.5,72.8,47.0
EVT_00691,16.93,2074.7,,30.0,,28.7,59.7,50.5,81.5,89.4,38.0
EVT_01679,19.01,1206.0,3.02,35.8,70.7,32.9,76.3,28.8,79.6,78.9,51.0
EVT_00626,12.28,1985.7,6.19,30.7,64.3,34.6,66.0,78.2,93.7,,38.0
EVT_01496,6.5,2049.8,0.0,3.6,53.4,31.4,52.8,35.6,93.5,91.8,24.0
EVT_01591,16.47,2034.3,0.0,1.4,55.8,34.2,53.6,67.5,83.1,92.6,3.0
EVT_01654,19.48,611.4,11.25,41.9,58.4,33.8,65.6,20.2,87.2,79.5,0.0
EVT_01904,18.58,1244.2,10.09,64.1,69.6,22.9,72.2,33.9,85.8,93.1,107.0
EVT_00073,9.83,2249.0,0.11,32.7,47.7,28.1,56.4,74.6,74.3,91.8,48.0
EVT_00401,17.55,2544.0,0.0,1.3,67.8,30.1,57.8,26.2,91.2,92.9,38.0
EVT_01331,23.0,1239.5,0.0,2.2,45.0,22.8,69.3,16.3,87.1,80.3,19.0
EVT_01788,12.95,2248.3,1.4,40.2,60.8,25.7,64.5,87.3,82.1,80.9,0.0
EVT_01369,15.93,2334.0,0.0,0.4,58.5,25.2,,61.6,86.6,100.0,28.0
EVT_01491,19.07,740.0,10.77,51.0,71.2,25.9,79.3,24.2,88.8,56.4,31.0
EVT_01224,17.41,,0.0,22.9,55.1,35.6,59.4,59.8,96.2,90.8,49.0
EVT_00523,21.73,1025.0,4.73,46.0,54.4,23.1,75.4,15.4,95.0,92.2,
EVT_00168,1.85,,3.19,29.8,48.2,21.5,71.1,31.9,81.4,87.7,40.0
EVT_00439,2.48,1037.1,0.0,0.5,53.1,19.1,57.0,4.1,88.0,78.9,71.0
EVT_01685,3.73,958.0,1.63,29.6,50.0,23.9,61.7,28.6,90.8,78.2,17.0
EVT_01236,3.62,719.9,0.0,6.4,63.3,22.1,75.7,18.3,86.2,81.4,58.0
EVT_01385,14.09,2078.8,7.4,37.1,51.1,33.0,75.8,86.2,78.4,86.1,12.0
EVT_00096,3.6,854.5,0.0,12.5,51.3,22.4,67.4,21.6,84.7,93.9,12.0
EVT_01156,11.5,2716.5,0.0,2.1,62.5,26.6,67.7,80.0,77.1,90.2,34.0
EVT_01583,23.17,894.5,0.0,16.1,51.1,20.8,74.3,25.4,85.5,89.2,82.0
EVT_01772,19.02,1052.8,0.0,5.2,59.6,25.8,54.1,17.8,81.7,71.2,27.0
EVT_01193,8.47,2118.3,0.68,24.6,62.8,29.0,74.3,87.7,82.2,91.0,17.0
EVT_01969,21.26,681.5,5.95,60.5,62.2,29.5,72.4,42.0,86.4,86.4,43.0
EVT_01294,11.49,1314.1,13.35,69.7,56.8,36.3,85.4,76.0,92.4,71.3,10.0
EVT_01535,23.22,1363.0,0.0,1.2,56.7,23.1,63.7,22.8,93.5,100.0,4.0
EVT_00530,23.55,982.7,0.0,3.6,,20.0,55.9,14.3,83.6,100.0,16.0
EVT_01477,14.42,2595.8,0.0,13.5,53.3,32.5,57.7,82.1,88.5,84.3,33.0
EVT_01924,6.93,1745.2,0.21,15.5,63.3,21.2,70.6,49.4,87.3,78.8,22.0
EVT_00121,20.07,1063.9,0.0,7.8,53.3,27.6,,18.7,93.9,72.4,50.0
EVT_00380,19.72,,2.09,38.2,46.9,25.7,65.6,14.1,94.5,75.3,28.0
EVT_01885,19.67,554.0,0.18,46.6,59.3,30.4,80.7,22.2,94.3,73.0,30.0
EVT_01012,15.3,2129.7,0.0,1.4,,26.8,67.0,64.5,95.7,89.5,22.0
EVT_01756,10.9,2347.0,0.0,26.0,52.9,25.6,68.7,80.4,72.2,97.5,44.0
EVT_01720,1.29,1383.4,0.21,32.9,63.6,17.1,70.0,23.1,78.0,73.3,34.0
EVT_01342,15.01,2334.0,0.0,0.2,65.3,32.9,64.5,69.2,93.6,90.0,29.0
EVT_00990,13.93,1901.8,0.0,0.6,63.0,32.0,44.5,100.0,87.6,79.2,11.0
EVT_00835,12.32,2330.8,0.0,10.4,52.9,32.2,60.9,63.0,78.1,85.4,4.0
EVT_00271,7.39,2032.3,0.0,5.0,55.6,22.8,57.5,64.3,86.1,92.9,69.0
EVT_00896,21.9,1266.9,0.37,26.8,50.4,27.4,60.2,31.7,85.9,78.7,11.0
EVT_01982,10.79,2005.9,0.0,2.6,53.1,29.7,62.1,86.5,82.3,98.6,9.0
EVT_01976,9.88,1480.1,11.73,66.0,59.9,27.7,,53.1,75.5,80.9,61.0
EVT_00672,18.75,1655.1,4.4,43.8,59.9,27.1,73.9,22.4,84.9,78.1,14.0
EVT_01586,13.72,1707.6,0.0,2.8,62.5,32.8,63.6,84.5,82.9,87.6,32.0
EVT_00066,8.08,2026.1,0.0,17.6,45.0,20.0,63.2,41.3,89.1,84.8,74.0
EVT_00392,19.61,1085.5,0.0,0.2,58.2,29.9,66.0,13.9,97.5,98.5,94.0
EVT_00453,9.49,2040.5,2.08,33.8,55.5,19.4,70.9,65.2,79.0,77.6,23.0
EVT_01964,2.17,1035.1,3.47,37.4,56.4,26.0,68.7,31.3,76.5,83.4,19.0
EVT_01038,23.58,1506.4,0.0,,49.0,17.4,71.8,6.3,82.2,72.4,0.0
EVT_00941,11.3,2496.2,0.0,2.3,48.4,24.1,65.6,79.7,97.1,88.0,1.0
EVT_00738,21.86,612.8,0.0,0.4,44.4,26.2,68.7,17.0,73.4,91.0,31.0
EVT_00971,15.58,2264.8,0.0,21.6,48.8,32.4,67.7,76.1,90.0,96.3,49.0
EVT_D0011,7.58,2231.4,0.0,8.0,51.1,23.1,72.5,62.3,81.0,84.4,23.0
EVT_01170,23.65,1061.1,0.0,1.8,55.0,24.1,63.3,21.4,83.3,76.7,19.0
EVT_01760,19.74,603.6,12.61,46.9,62.8,23.4,79.0,38.9,78.6,,0.0
EVT_00470,19.52,1050.7,0.0,10.5,65.2,26.5,58.4,,73.4,73.5,38.0
EVT_01855,5.44,1125.7,0.0,7.4,56.0,23.0,64.4,3.5,80.7,61.9,32.0
EVT_00982,1.88,720.4,0.0,3.9,49.0,21.9,51.3,19.1,98.3,77.6,8.0
EVT_00501,3.15,1148.4,3.73,34.2,53.6,20.3,69.8,17.3,88.7,89.3,21.0
EVT_00360,12.21,2553.2,0.0,13.8,59.9,30.3,72.1,73.0,70.6,97.5,2.0
EVT_01037,23.0,568.2,,6.6,48.3,21.3,64.0,34.4,78.5,74.9,17.0
EVT_00290,4.85,1228.6,4.09,37.1,53.7,17.2,68.0,27.9,81.3,50.3,16.0
EVT_01475,11.9,1983.1,3.98,39.1,51.1,34.5,62.7,100.0,86.0,77.1,25.0
EVT_00632,19.29,611.1,0.0,4.0,57.0,,62.9,41.0,91.0,82.5,25.0
EVT_01410,19.98,1251.5,0.0,7.5,57.6,26.9,61.8,18.7,74.4,73.5,14.0
EVT_01304,14.22,2845.9,0.0,11.2,,32.2,59.9,64.7,91.5,82.2,17.0
EVT_01049,21.68,1367.8,0.0,1.3,55.2,34.3,58.4,30.2,97.8,100.0,25.0
EVT_00028,9.34,1873.4,0.0,1.0,62.5,22.6,,73.2,86.4,97.1,99.0
EVT_00719,13.62,2430.2,0.0,20.4,61.4,34.5,61.7,100.0,86.9,94.3,10.0
EVT_00777,15.57,2799.8,0.0,12.9,48.6,25.1,58.3,63.6,83.3,86.8,0.0
EVT_01773,17.29,2340.1,0.0,23.9,47.3,32.5,57.6,43.9,98.7,84.6,46.0
EVT_00559,7.09,1562.6,0.0,23.7,55.0,23.9,64.9,41.6,79.6,90.9,90.0
EVT_00750,13.47,1767.8,12.69,61.3,65.3,34.4,83.1,93.1,100.0,78.7,29.0
EVT_00864,20.55,914.0,4.75,43.8,53.4,25.9,79.7,23.4,93.3,86.7,63.0
EVT_00317,19.29,1255.4,0.0,2.4,,29.2,58.1,30.4,96.2,75.8,86.0
EVT_D0001,23.31,1228.8,0.0,12.1,47.6,23.6,64.4,33.0,82.6,80.3,24.0
EVT_01466,9.53,2250.4,0.0,9.4,61.2,29.9,61.5,58.2,75.5,87.6,68.0
EVT_01113,19.54,661.8,0.0,9.0,48.5,28.2,51.2,37.3,96.2,75.9,33.0
EVT_00594,23.14,893.4,5.9,52.5,63.5,21.2,89.1,27.8,83.5,53.8,0.0
EVT_01077,10.92,2199.0,0.46,31.2,52.3,26.6,78.0,95.8,93.2,98.3,18.0
EVT_00981,7.71,2322.3,0.0,,55.8,31.5,53.9,55.3,82.6,68.1,42.0
EVT_01548,23.9,675.1,3.52,60.0,45.4,17.3,86.0,8.8,90.1,67.8,11.0
EVT_01487,9.47,1520.5,,31.3,71.0,21.0,82.3,74.7,86.9,81.1,14.0
EVT_01974,16.85,1528.5,0.0,6.3,43.2,36.6,67.7,63.5,86.7,84.6,62.0
EVT_00702,22.05,815.6,0.81,31.9,43.2,23.5,66.4,21.6,84.0,82.0,23.0
EVT_00250,11.07,2172.8,0.23,49.8,59.7,28.5,64.2,64.6,90.5,90.2,45.0
EVT_00908,8.99,2098.6,2.79,32.0,58.3,29.7,72.6,57.4,100.0,89.6,28.0
EVT_01717,18.38,1738.2,7.56,53.6,52.9,15.2,76.2,,94.0,79.8,8.0
EVT_00812,3.49,1103.8,0.0,8.0,51.6,23.8,53.4,23.4,85.3,92.6,20.0
EVT_00354,7.4,1802.4,8.32,37.0,52.8,25.6,84.0,28.4,77.4,74.2,13.0
EVT_01823,20.22,1108.2,0.0,2.9,49.2,28.4,52.6,34.4,67.3,95.9,74.0
EVT_00243,9.77,2075.0,1.97,31.6,58.8,31.1,46.4,68.8,83.7,96.1,90.0
EVT_01542,11.95,,1.77,60.4,59.6,28.9,70.8,63.7,81.2,75.5,23.0
EVT_00753,10.59,1968.2,3.34,44.1,69.3,27.3,75.1,61.4,84.6,100.0,52.0
EVT_00749,16.77,2313.6,1.36,43.0,47.5,37.3,58.4,54.4,72.8,96.8,47.0
EVT_01926,20.82,601.5,0.18,38.0,73.2,26.7,72.1,21.9,87.2,69.9,67.0
EVT_01222,19.39,934.2,0.0,2.2,58.3,22.5,,27.0,92.0,80.6,86.0
EVT_01557,17.25,2793.2,,0.3,53.9,31.3,53.8,25.7,80.9,100.0,31.0
EVT_01570,14.66,1614.9,0.0,7.1,48.1,31.8,74.8,74.8,85.4,100.0,5.0
EVT_01730,11.24,2248.9,0.0,13.0,57.4,26.9,57.4,100.0,82.7,91.8,21.0
EVT_00614,17.05,2118.1,0.0,7.0,59.2,34.4,57.2,64.4,76.6,81.6,21.0
EVT_01297,17.9,953.0,17.66,86.4,67.8,,96.4,49.2,89.8,49.3,8.0
EVT_D0014,8.37,2324.1,0.0,2.4,48.9,,60.0,65.5,97.1,71.6,75.0
EVT_01922,13.47,2615.4,0.0,11.7,54.2,30.6,69.0,98.9,74.3,100.0,5.0
EVT_01128,14.37,2554.4,0.0,3.4,45.3,31.7,63.3,77.6,85.9,94.6,27.0
EVT_00881,7.18,2414.6,0.0,16.3,53.8,21.9,71.4,27.9,96.9,94.7,70.0
EVT_01341,18.4,1642.1,0.0,0.7,66.9,24.4,838.36,10.7,89.1,87.9,70.0
EVT_01378,13.94,2584.5,0.0,2.1,49.2,31.4,52.5,93.4,76.1,83.9,46.0
EVT_01794,7.94,2409.4,0.0,23.2,45.8,22.1,61.7,64.0,87.8,100.0,21.0
EVT_01402,9.68,2284.1,0.0,5.1,52.4,24.9,61.4,74.9,90.1,87.3,41.0
EVT_01801,15.65,2588.4,0.0,0.6,49.9,33.0,58.1,75.8,90.1,82.0,3.0
EVT_00817,18.45,1638.8,0.1,38.4,43.8,30.0,68.7,39.0,83.3,93.1,63.0
EVT_01954,17.13,1096.3,11.35,59.2,56.5,28.7,78.0,39.7,82.6,64.8,104.0
EVT_01215,5.34,867.5,0.0,4.5,51.3,24.0,63.7,19.1,86.7,70.7,15.0
EVT_00925,10.77,2185.7,0.0,2.5,52.8,32.1,41.5,81.6,100.0,89.9,0.0
EVT_00811,15.05,1790.3,0.0,1.7,54.9,34.5,50.2,72.3,89.7,87.2,50.0
EVT_00109,8.39,2199.2,3.86,41.5,71.4,24.2,73.2,54.9,79.3,67.9,67.0
EVT_01861,10.51,,0.0,2.5,52.8,23.6,68.3,76.9,79.9,95.3,16.0
EVT_01207,16.94,2844.5,0.0,3.5,46.1,34.6,68.4,35.5,94.8,78.7,34.0
EVT_01125,9.63,1778.3,0.0,8.5,51.9,25.7,71.0,76.0,95.6,100.0,60.0
EVT_01158,3.12,1563.4,0.0,3.0,45.0,20.8,57.8,32.2,76.6,85.5,0.0
EVT_01928,17.97,2236.9,1.59,31.6,47.5,27.7,58.2,32.9,98.7,70.4,
EVT_01786,9.87,1215.4,11.75,47.7,58.1,29.6,79.6,73.6,73.9,68.2,9.0
EVT_01781,19.31,757.8,0.0,0.5,58.1,23.8,45.9,,88.3,95.0,5.0
EVT_00008,9.14,2080.9,0.0,4.0,44.6,26.0,55.7,53.1,79.4,88.2,44.0
EVT_00359,23.48,1162.2,2.06,26.0,56.6,25.8,72.4,46.5,81.6,83.8,17.0
EVT_00342,3.31,943.8,0.0,2.6,47.6,20.5,71.8,27.9,84.8,87.2,62.0
EVT_01313,3.23,1441.4,0.0,7.9,53.3,21.2,64.9,14.2,79.7,94.3,0.0
EVT_01504,6.28,2369.6,0.0,18.7,53.3,27.6,49.3,21.7,81.9,98.0,38.0
EVT_01302,19.1,760.8,0.0,1.9,56.6,36.1,61.4,26.4,80.2,81.7,69.0
EVT_01095,23.02,683.4,0.93,40.6,51.1,20.9,71.5,37.3,65.5,72.9,14.0
EVT_00747,23.71,1152.1,0.0,24.7,68.9,32.4,65.4,11.8,80.0,100.0,21.0
EVT_00899,0.91,478.2,0.0,3.9,49.7,14.6,66.4,10.4,76.9,84.1,47.0
EVT_00285,14.49,1602.9,0.0,10.7,49.8,29.3,54.5,67.8,94.1,89.0,56.0
EVT_01483,17.64,2190.3,0.0,37.4,49.6,25.7,61.3,37.2,69.5,91.5,44.0
EVT_01666,16.82,1560.2,4.15,46.5,65.7,34.5,57.0,43.5,82.4,86.9,44.0
EVT_01344,3.75,927.3,4.75,52.2,47.3,16.4,75.3,22.9,86.4,64.2,24.0
EVT_01978,22.78,1057.5,0.0,2.0,48.2,24.4,63.9,20.3,85.6,70.8,0.0
EVT_01499,0.29,900.4,6.06,45.7,52.2,21.5,60.0,18.4,92.7,60.4,30.0
EVT_00532,13.51,2144.1,0.0,6.2,60.5,34.9,59.5,95.4,92.5,86.4,0.0
EVT_00790,9.71,2878.5,0.0,3.9,52.1,28.7,59.6,74.7,90.4,77.9,30.0
EVT_01306,11.71,2191.3,3.45,33.9,53.5,24.8,76.9,77.3,77.9,80.0,14.0
EVT_00345,22.26,562.0,7.07,55.2,54.3,25.1,57.7,28.8,71.9,57.4,18.0
EVT_00618,17.57,2241.0,0.0,4.8,51.1,33.4,67.4,50.4,88.5,88.8,30.0
EVT_00807,13.86,2487.4,0.0,1.9,50.5,30.2,60.8,79.4,88.1,85.2,0.0
EVT_01042,15.38,1950.2,0.0,26.0,62.6,28.5,73.1,60.4,77.9,88.0,1.0
EVT_00619,7.97,2598.9,0.0,29.0,53.7,19.6,68.7,42.2,83.5,89.8,52.0
EVT_00859,9.88,2181.0,0.0,9.7,48.6,26.1,73.4,59.3,76.9,96.1,28.0
EVT_01663,8.01,2712.7,0.0,3.6,48.0,22.8,55.4,55.1,80.0,82.8,65.0
EVT_01838,8.71,1129.6,13.46,63.8,63.4,,77.6,66.9,92.3,72.5,49.0
EVT_00215,23.74,995.0,0.55,65.1,52.9,26.7,65.2,16.9,74.5,63.8,25.0
EVT_00005,17.21,2002.5,0.0,3.4,58.9,31.8,70.9,32.0,81.2,82.7,56.0
EVT_01089,12.14,1888.7,0.0,9.6,55.3,24.5,77.3,80.3,69.1,75.3,
EVT_01790,5.72,1184.1,0.0,9.0,55.4,17.5,63.2,26.3,77.4,75.8,40.0
EVT_01533,16.88,2061.0,6.99,62.5,60.8,25.0,81.1,51.8,85.6,73.3,54.0
EVT_00526,19.17,609.0,11.33,61.4,53.0,26.0,1108.45,30.1,81.0,77.7,18.0
EVT_00821,5.32,776.4,12.46,60.1,59.7,25.2,73.7,32.6,80.7,77.2,24.0
EVT_00668,15.0,1697.0,9.31,44.5,64.7,31.9,87.6,57.8,82.3,68.4,30.0
EVT_01140,9.31,2073.9,0.0,36.7,47.7,26.5,65.6,81.3,85.3,76.6,20.0
EVT_00548,15.84,2689.0,0.0,4.2,53.1,34.5,53.6,53.0,89.7,91.4,56.0
EVT_01949,4.28,1194.4,0.0,27.7,44.9,25.5,83.0,20.5,91.4,72.6,10.0
EVT_01043,17.88,1530.6,6.29,31.6,54.1,27.0,68.3,15.3,85.6,82.1,18.0
EVT_01611,5.51,956.6,0.0,1.0,45.4,18.4,55.7,16.6,79.4,100.0,24.0
EVT_01721,7.76,1915.2,0.0,33.4,64.1,23.5,82.1,43.9,89.0,100.0,72.0
EVT_00447,9.59,1744.1,0.0,11.0,57.6,25.3,61.6,76.6,77.4,100.0,43.0
EVT_01423,7.59,1433.9,0.1,32.0,49.4,21.6,60.5,52.5,89.2,70.4,8.0
EVT_01061,22.34,1176.1,6.05,15.1,50.6,22.8,61.6,30.4,94.0,68.6,3.0
EVT_01576,23.92,580.1,0.0,,55.5,26.6,57.7,26.5,88.3,87.8,5.0
EVT_01722,18.07,2325.7,0.0,0.6,74.0,26.2,85.6,45.3,85.2,94.1,99.0
EVT_01075,23.31,1228.8,0.0,12.1,47.6,23.6,64.4,33.0,82.6,80.3,24.0
EVT_00829,15.4,1648.3,2.63,36.5,,31.2,60.0,76.8,91.5,70.4,40.0
EVT_00640,8.03,1817.4,1.94,35.5,55.5,27.0,51.3,49.0,94.3,,50.0
EVT_01311,22.76,721.1,0.0,7.4,51.7,25.9,83.1,5.5,72.9,100.0,19.0
EVT_00924,9.84,1911.2,0.0,4.5,63.7,26.0,66.0,53.6,87.4,90.0,33.0
EVT_01305,11.33,1968.1,0.0,0.1,64.1,30.2,57.1,67.1,88.6,100.0,30.0
EVT_01041,8.81,894.2,19.6,85.5,73.9,22.8,93.4,63.9,81.6,68.1,40.0
EVT_01484,6.89,2442.5,0.47,38.3,56.0,23.5,64.8,49.0,93.9,86.3,49.0
EVT_01812,13.99,2013.1,0.87,14.9,65.8,24.9,61.1,65.6,88.2,100.0,9.0
EVT_01151,14.12,2303.4,0.0,1.2,48.1,34.8,68.4,62.2,82.2,76.7,46.0
EVT_00571,18.65,2671.1,0.0,10.0,67.0,30.9,59.3,21.8,81.8,83.2,67.0
EVT_00865,8.64,2225.6,0.0,17.6,60.4,27.0,54.1,64.4,94.0,86.7,66.0
EVT_01183,9.56,2211.5,1.37,42.8,50.6,30.6,68.0,66.3,82.8,76.8,15.0
EVT_00499,12.93,1005.0,13.41,61.5,56.8,28.3,72.4,94.9,90.1,77.7,43.0
EVT_00414,18.84,2226.5,0.0,11.8,62.0,28.2,59.7,12.7,88.5,87.3,14.0
EVT_01141,22.73,605.7,0.0,0.9,43.9,24.8,82.4,19.0,91.8,87.4,20.0
EVT_00735,19.92,1141.4,2.96,33.5,47.6,31.7,75.8,,85.3,94.5,16.0
EVT_01840,20.96,1005.0,0.0,8.8,46.6,21.0,73.2,27.2,84.0,71.1,71.0
EVT_01281,17.7,1708.5,0.0,10.4,48.0,26.2,54.6,32.9,95.7,97.5,7.0
EVT_00386,17.6,2059.3,0.58,50.6,46.4,27.6,68.8,46.7,94.9,93.3,88.0
EVT_01846,9.43,1556.6,9.29,83.4,62.8,21.4,86.4,71.8,75.8,69.3,28.0
EVT_00911,12.25,1305.0,15.06,97.4,64.4,30.3,90.2,89.4,87.4,48.8,19.0
EVT_01073,23.99,711.0,0.0,5.8,54.3,17.4,54.7,27.3,87.7,82.6,14.0
EVT_01132,15.46,1813.2,0.0,19.2,60.2,26.5,68.4,61.9,80.2,79.4,10.0
EVT_01637,3.62,1219.3,0.0,16.2,48.8,23.1,73.1,23.5,86.5,76.0,20.0
EVT_01060,15.03,2029.6,4.48,42.0,66.0,29.4,79.5,56.1,88.9,81.3,19.0
EVT_00041,20.65,949.7,0.0,0.1,56.9,26.7,62.5,15.5,75.5,71.3,34.0
EVT_00940,18.18,1482.0,9.03,38.3,48.2,27.2,77.4,47.2,80.5,100.0,11.0
EVT_01578,22.75,1305.7,0.0,2.5,52.6,21.1,55.2,14.3,89.9,82.4,35.0
EVT_00993,23.27,870.6,6.23,57.4,56.7,19.1,74.9,40.8,83.1,74.3,55.0
EVT_01973,1.81,840.6,,11.4,66.4,24.4,59.6,22.7,71.6,89.4,17.0
EVT_00350,18.82,1806.5,0.0,52.7,52.9,26.2,61.1,27.7,83.8,100.0,74.0
EVT_00280,13.57,2317.7,0.0,1.5,48.9,36.4,59.8,84.1,100.0,94.8,17.0
EVT_00772,17.23,2090.2,0.0,12.1,56.0,32.8,60.8,55.3,83.2,85.7,61.0
EVT_00677,10.88,2556.4,0.0,60.0,43.9,26.3,56.2,64.6,91.0,68.7,72.0
EVT_01187,14.37,2103.5,0.0,5.5,59.8,32.5,57.6,75.1,87.3,93.7,0.0
EVT_00171,7.06,1509.8,1.18,40.9,64.3,24.3,72.8,50.7,76.6,90.5,70.0
EVT_01154,23.76,1204.1,1.18,25.6,40.0,15.3,69.8,30.3,90.6,76.4,24.0
EVT_00956,18.39,1540.2,10.82,69.6,63.6,31.2,79.9,25.7,99.5,81.3,
EVT_00328,4.62,468.2,5.19,25.0,53.2,21.6,,7.4,100.0,77.1,0.0
EVT_00316,17.18,1858.2,0.0,1.1,52.6,,63.7,53.5,88.2,93.7,49.0
EVT_01379,9.57,2041.0,0.0,3.4,66.0,25.8,59.1,70.1,95.7,93.0,102.0
EVT_01307,23.17,953.8,0.0,16.4,49.2,29.3,46.7,15.8,68.9,89.7,0.0
EVT_01893,5.84,1161.7,0.82,65.7,63.2,27.1,72.5,17.3,74.7,71.4,64.0
EVT_01361,9.62,1926.5,0.0,5.6,63.7,23.2,65.9,62.3,77.7,92.7,94.0
EVT_00461,17.16,1308.7,7.5,37.9,,27.0,75.7,47.6,78.1,82.3,0.0
EVT_01782,20.16,1252.6,0.63,44.1,57.9,25.7,67.8,17.8,100.0,70.4,82.0
EVT_01531,19.21,808.4,1.61,55.2,73.6,24.2,70.9,10.2,88.7,61.4,65.0
EVT_00323,5.87,784.5,0.0,0.8,53.3,20.4,60.9,10.5,81.7,97.1,82.0
EVT_D0012,6.75,2433.9,0.0,5.7,57.3,25.8,74.3,53.0,84.6,81.8,23.0
EVT_00014,12.09,1492.8,0.0,,59.1,24.6,75.2,86.0,92.3,85.7,1.0
EVT_00703,21.86,374.0,19.97,100.0,62.7,25.5,95.6,25.5,83.4,40.7,21.0
EVT_00826,9.82,1766.3,2.19,32.5,56.1,34.1,66.1,65.2,81.6,85.4,9999.0
EVT_01429,17.22,2535.5,1.34,36.9,45.7,30.3,68.1,43.0,94.3,90.7,48.0
EVT_00976,11.67,2014.7,0.0,2.8,52.7,32.5,64.9,73.0,81.3,97.9,43.0
EVT_00294,14.79,,0.0,9.5,47.2,31.9,64.6,96.4,85.8,100.0,7.0
EVT_01886,16.62,2006.6,0.49,47.7,65.8,29.6,72.6,55.7,81.2,78.2,65.0
EVT_00787,22.95,1077.9,0.8,39.4,63.9,12.3,71.8,14.7,83.2,70.2,27.0
EVT_00816,7.71,2315.4,0.0,1.9,51.2,24.6,60.5,28.7,92.6,100.0,79.0
EVT_01605,16.16,1969.3,0.0,0.2,46.5,29.5,52.4,70.2,96.8,100.0,23.0
EVT_00922,13.93,2168.4,0.0,2.2,56.0,26.7,60.9,83.0,90.2,88.2,21.0
EVT_00012,3.23,792.1,0.0,1.5,57.2,26.4,71.4,24.8,99.1,89.9,48.0
EVT_01202,22.38,1340.0,0.0,0.0,49.6,21.2,80.9,12.3,70.2,89.3,12.0
EVT_01985,10.46,2069.0,0.0,2.9,56.5,24.9,52.7,64.7,89.1,90.5,10.0
EVT_01221,18.37,1998.7,5.57,63.0,57.0,28.9,73.4,33.7,83.5,79.9,106.0
EVT_01709,23.3,872.4,0.0,16.6,50.3,17.5,75.1,32.3,92.5,82.2,70.0
EVT_00318,16.91,1297.5,14.38,61.2,51.8,29.8,67.3,37.9,69.5,73.2,23.0
EVT_01626,8.76,1800.5,0.0,4.6,66.6,18.6,67.3,46.5,86.7,89.8,40.0
EVT_00090,18.05,1743.8,6.58,23.2,63.4,37.3,77.7,45.9,83.1,74.0,22.0
EVT_01529,23.32,792.9,0.0,2.7,53.8,26.1,58.3,11.3,98.2,75.3,3.0
EVT_00581,10.93,1808.7,0.0,5.1,51.4,31.5,69.5,69.8,80.8,86.0,41.0
EVT_00935,19.03,1112.3,0.0,2.9,43.6,29.0,46.3,33.2,83.5,83.5,14.0
EVT_01387,11.51,2789.1,0.0,4.0,56.9,35.0,,70.7,82.7,80.5,18.0
EVT_01907,19.38,656.6,9.81,51.3,57.6,26.4,74.8,27.3,94.4,64.3,31.0
EVT_00249,11.68,1651.8,2.99,38.4,58.1,26.3,,66.9,98.1,73.5,8.0
EVT_00519,12.65,1907.1,0.0,3.9,62.8,31.9,56.8,70.3,81.7,,74.0
EVT_01330,7.94,2820.7,0.0,16.8,54.0,25.6,72.7,71.4,86.6,95.6,12.0
EVT_00601,16.74,2092.8,0.62,39.1,70.0,30.3,69.9,31.7,83.4,77.1,57.0
EVT_01465,4.78,890.3,0.0,12.4,54.8,14.2,75.7,33.9,89.0,67.8,38.0
EVT_01096,11.84,2566.9,0.0,8.1,51.2,31.3,60.7,80.4,96.2,93.5,23.0
EVT_01456,8.83,1996.5,0.0,22.3,57.9,27.9,77.1,67.5,85.2,88.3,65.0
EVT_00740,10.95,1600.7,3.46,49.1,54.0,30.0,64.7,90.8,96.3,90.4,12.0
EVT_01160,22.57,1119.7,0.0,15.4,47.6,17.7,74.9,21.6,80.6,92.8,9.0
EVT_00837,16.35,2806.1,0.0,2.9,38.9,39.7,55.4,23.5,88.3,98.1,41.0
EVT_01268,11.66,2242.1,0.0,3.9,59.8,33.9,66.9,76.7,84.9,,31.0
EVT_01588,9.07,2579.3,0.0,4.6,65.7,25.4,56.9,58.8,76.8,72.7,31.0
EVT_01871,20.07,490.6,0.0,8.2,53.5,29.9,57.9,37.6,93.8,77.4,66.0
EVT_00430,15.48,2449.3,4.09,40.4,56.3,29.3,70.1,66.2,85.3,69.3,48.0
EVT_00918,8.9,2761.3,0.1,31.2,53.1,26.9,66.6,66.9,82.0,100.0,58.0
EVT_00358,7.76,1106.1,11.72,47.2,71.5,21.0,93.2,50.7,84.5,71.3,0.0
EVT_00552,8.92,1947.1,2.07,38.2,57.2,28.3,74.4,44.1,93.8,78.2,35.0
EVT_01810,3.42,1052.8,0.0,5.7,56.8,28.5,64.4,5.9,77.4,64.4,16.0
EVT_01710,17.63,1647.3,,61.1,,27.7,86.7,54.6,78.5,68.0,75.0
EVT_01622,10.32,2633.8,0.0,8.6,55.8,23.8,66.3,81.6,84.4,70.1,23.0
EVT_01119,8.69,2216.3,0.0,10.9,68.1,23.1,68.4,81.9,75.7,89.9,35.0
EVT_01581,3.14,926.9,0.0,0.3,51.6,19.2,61.0,11.7,80.8,100.0,19.0
EVT_01261,18.42,1803.2,0.0,19.7,57.9,,62.4,43.8,88.5,82.7,6.0
EVT_00312,8.69,2265.5,0.0,1.4,57.4,27.4,61.8,63.3,98.9,100.0,66.0
EVT_00330,13.31,2633.2,,31.3,54.3,32.3,63.9,,90.2,90.1,35.0
EVT_00251,23.7,944.2,0.0,9.7,67.1,21.1,63.5,35.2,83.3,78.4,38.0
EVT_00400,12.91,2715.4,0.0,2.7,60.5,35.3,52.5,76.0,77.8,82.8,44.0
EVT_01857,7.36,2285.8,0.0,19.8,60.2,22.8,59.9,42.5,96.6,82.2,32.0
EVT_00852,23.58,829.9,0.0,2.4,52.9,16.2,78.3,,84.9,91.5,0.0
EVT_01734,16.72,2280.9,0.0,13.3,66.8,37.9,48.6,46.8,92.7,94.6,61.0
EVT_01419,14.09,2247.5,6.12,66.8,68.4,33.6,67.4,80.1,94.2,62.7,76.0
EVT_00929,7.79,2233.0,0.56,27.1,56.8,25.5,63.4,41.4,93.1,76.5,18.0
EVT_01138,8.64,1793.7,0.0,1.0,66.2,20.2,66.1,60.6,86.3,93.2,52.0
EVT_00006,8.21,2098.3,3.37,46.2,64.8,18.6,71.4,56.0,99.3,82.8,64.0
EVT_00132,7.02,1333.6,7.62,57.9,65.4,23.2,68.3,24.5,85.2,90.7,7.0
EVT_00992,6.71,1866.5,6.86,63.0,67.9,27.0,77.8,26.6,79.4,88.9,78.0
EVT_00793,18.11,1659.1,0.0,1.4,43.2,31.2,,30.2,69.0,91.2,65.0
EVT_00673,2.2,695.2,10.65,52.2,53.7,18.5,89.5,17.8,84.6,,43.0
EVT_00651,5.47,,0.0,12.0,42.2,26.9,54.6,,83.4,87.3,42.0
EVT_01701,2.79,571.2,15.24,50.7,63.9,17.2,78.9,7.5,73.3,57.9,67.0
EVT_01561,7.3,2233.4,1.6,47.3,49.0,25.9,63.3,36.9,85.1,88.9,42.0
EVT_01574,2.27,830.7,,2.3,48.6,12.1,71.8,0.0,90.1,87.0,12.0
EVT_01646,9.99,2214.8,0.0,1.2,62.3,27.5,57.6,82.3,88.8,95.0,26.0
EVT_00665,6.43,1814.9,3.99,,58.6,20.6,69.9,13.3,87.7,89.5,60.0
EVT_01672,12.7,2460.2,0.0,4.7,55.7,24.6,61.6,88.5,82.7,100.0,27.0
EVT_00978,19.15,905.5,0.0,16.7,46.3,30.2,71.2,45.8,82.8,75.1,15.0
EVT_00489,8.86,2125.9,1.22,58.3,55.9,24.7,72.2,62.6,97.8,91.2,24.0
EVT_01563,10.45,2711.0,0.1,24.7,62.4,34.9,63.1,71.5,79.5,92.4,36.0
EVT_01318,19.59,1211.9,0.0,5.7,54.2,31.3,48.8,28.0,71.0,71.1,8.0
EVT_01288,12.56,1972.5,0.0,4.6,46.5,29.0,63.1,86.4,85.8,90.7,24.0
EVT_01129,9.18,2065.1,0.0,2.8,69.6,25.6,57.6,76.0,92.3,100.0,20.0
EVT_00520,14.91,2191.8,0.0,11.1,49.1,31.1,61.3,68.5,94.0,100.0,64.0
EVT_01751,15.4,,0.0,5.6,54.6,30.9,55.5,50.1,70.0,83.2,31.0
EVT_01303,14.53,1766.8,0.0,3.2,56.0,37.3,63.3,67.3,74.8,75.3,51.0
EVT_00421,19.15,1060.3,3.42,27.9,63.8,33.0,58.4,25.5,93.8,82.7,1.0
EVT_01736,19.92,739.5,0.0,6.9,54.1,23.4,67.0,9.6,100.0,85.7,22.0
EVT_01209,6.03,1447.8,0.0,20.9,35.0,19.2,65.3,44.6,96.9,87.3,10.0
EVT_01748,18.13,1862.6,0.68,33.7,48.6,32.0,68.8,38.9,87.2,83.0,21.0
EVT_01010,8.93,1404.0,1.91,46.9,57.6,28.6,74.0,67.7,80.9,89.6,76.0
EVT_00343,15.86,1413.9,10.04,51.2,54.5,22.7,80.6,48.9,83.2,74.1,3.0
EVT_00854,7.83,2757.0,1.4,21.8,51.7,25.7,66.3,51.2,76.1,100.0,40.0
EVT_01768,20.46,1281.2,0.0,0.5,64.5,30.5,64.4,11.4,85.0,83.2,24.0
EVT_00284,17.97,2086.2,0.0,15.5,56.4,30.7,58.4,44.2,76.0,81.7,108.0
EVT_00382,23.68,1133.5,0.0,12.7,53.4,27.9,51.3,18.0,80.8,74.7,18.0
EVT_00485,6.56,2275.5,0.0,2.7,55.1,24.0,,42.6,84.5,87.0,24.0
EVT_01587,5.65,,0.0,38.9,51.0,20.4,74.2,17.5,90.3,66.7,30.0
EVT_00236,20.83,887.3,1.47,27.2,48.0,27.3,55.3,33.8,86.2,78.0,64.0
EVT_00998,5.61,1119.5,1.06,42.9,51.4,18.8,93.8,23.0,94.4,84.8,
EVT_00258,16.58,1359.6,10.04,56.0,56.3,33.9,81.5,71.9,97.4,83.0,66.0
EVT_00309,20.43,1132.8,2.31,46.6,44.2,30.2,67.6,6.5,81.6,59.2,36.0
EVT_00708,6.76,1823.8,0.52,28.5,64.9,22.3,70.6,30.0,93.5,94.9,104.0
EVT_00952,13.25,1900.9,4.33,51.8,60.4,27.2,71.7,75.5,88.3,71.4,48.0
EVT_00687,7.83,2299.0,1.36,55.0,56.8,19.9,66.8,62.6,84.7,79.9,35.0
EVT_01044,8.9,1610.9,0.0,11.5,51.1,26.4,56.1,62.6,80.7,86.4,72.0
EVT_00375,14.72,1841.9,0.0,11.3,63.7,36.2,62.0,71.1,92.0,79.3,44.0
EVT_00730,20.08,882.8,0.0,0.5,51.3,23.1,65.5,30.0,86.1,100.0,55.0
EVT_01766,16.84,2119.7,2.04,40.4,51.7,32.6,77.7,77.7,89.6,93.0,62.0
EVT_00110,11.48,2834.1,0.0,0.3,56.6,,53.8,75.1,79.8,95.7,21.0
EVT_00705,21.4,1032.3,0.0,10.8,53.4,34.1,56.8,23.1,87.8,89.9,3.0
EVT_01262,15.6,2249.2,0.0,1.4,57.9,34.5,61.4,56.3,87.8,91.3,67.0
EVT_01550,6.01,728.1,0.0,18.0,51.4,22.3,54.9,27.4,90.1,93.8,66.0
EVT_01000,19.17,1136.2,0.0,0.3,55.7,31.4,56.3,34.4,88.1,93.5,40.0
EVT_00801,18.81,2238.6,0.0,10.3,69.6,28.5,66.1,10.2,93.2,73.5,9.0
EVT_01676,8.57,2372.5,0.0,27.2,54.5,23.0,80.7,57.4,100.0,89.1,32.0
EVT_00568,13.16,2282.8,4.43,53.6,56.8,29.5,71.3,85.2,96.6,75.4,10.0
EVT_01747,7.3,1619.0,3.45,50.6,62.4,20.6,79.3,42.1,88.9,91.1,23.0
EVT_00951,12.07,2042.0,0.0,14.7,52.1,33.5,69.1,83.7,86.2,73.3,5.0
EVT_01830,18.74,2612.9,0.0,2.8,62.0,30.1,54.5,36.2,94.0,91.5,11.0
EVT_01553,14.03,2173.0,0.0,14.0,57.9,31.9,62.0,67.5,84.4,87.4,
EVT_00346,12.96,2414.3,0.0,8.7,47.0,29.1,60.1,72.7,86.1,88.0,15.0
EVT_00331,17.87,2068.2,0.0,3.5,60.9,34.6,48.3,8.4,85.5,100.0,35.0
EVT_01953,16.64,297.6,29.17,100.0,65.8,23.6,100.0,55.7,86.4,55.2,59.0
EVT_01211,0.41,838.3,0.0,19.7,62.9,14.1,48.8,19.2,92.6,83.0,108.0
EVT_01393,6.05,700.4,0.1,30.4,50.0,22.8,54.7,27.0,80.0,59.4,64.0
EVT_D0027,9.25,2234.8,0.0,0.9,55.6,25.6,60.6,71.8,96.5,,24.0
EVT_00861,13.48,2112.9,0.0,2.0,59.2,28.4,63.4,85.7,76.9,86.3,14.0
EVT_00017,5.73,1320.8,0.42,44.9,60.5,23.4,68.2,3.2,93.0,72.7,72.0
EVT_00637,20.14,1162.4,0.0,6.1,59.3,26.9,54.8,36.9,87.0,83.8,21.0
EVT_00921,18.25,2039.9,0.0,3.1,46.4,23.3,50.9,37.3,100.0,72.1,42.0
EVT_01630,13.48,2705.5,0.0,3.2,44.0,32.0,62.1,53.4,87.1,97.3,58.0
EVT_00562,6.42,2236.1,0.0,0.2,58.0,19.6,61.9,37.7,82.7,98.2,78.0
EVT_01960,16.84,1987.7,1.52,60.6,55.6,28.6,79.0,46.0,81.0,87.1,20.0
EVT_00858,3.85,968.2,0.0,7.6,58.3,26.6,71.0,19.3,73.5,85.6,17.0
EVT_00488,9.04,2377.4,0.0,29.0,60.3,27.7,54.4,85.2,91.3,84.6,21.0
EVT_00208,8.64,2717.6,0.0,16.8,65.1,23.3,64.1,63.2,87.8,94.0,56.0
EVT_01339,5.51,1047.3,0.0,5.7,42.6,28.9,48.7,11.3,81.4,80.8,60.0
EVT_01892,7.85,2328.2,0.0,0.3,67.8,23.6,65.4,45.1,95.5,83.3,39.0
EVT_00379,12.33,409.1,28.62,99.9,65.2,27.8,,84.9,77.4,52.1,24.0
EVT_00456,19.95,805.6,0.0,2.9,64.2,25.1,70.1,20.7,88.8,86.8,92.0
EVT_01644,11.72,2463.3,1.52,17.5,45.4,29.6,72.0,83.0,89.8,87.3,16.0
EVT_01046,16.42,2746.9,0.3,21.3,46.8,29.7,65.3,50.2,100.0,82.7,33.0
EVT_00475,3.59,679.8,0.0,7.5,46.4,23.4,56.6,16.5,91.6,79.4,13.0
EVT_01979,11.62,2073.4,0.0,10.7,57.4,24.2,76.4,68.7,90.1,96.7,53.0
EVT_00264,1.25,963.7,0.0,18.0,51.7,19.7,61.2,11.5,82.0,83.3,15.0
EVT_00053,15.08,2533.9,0.0,14.8,56.2,34.8,46.8,78.2,89.0,74.4,19.0
EVT_01868,14.23,2186.4,0.0,11.3,62.9,33.3,57.4,78.7,93.2,90.5,63.0
EVT_00135,22.77,749.9,0.0,8.5,50.1,21.6,61.7,0.0,92.5,96.0,29.0
EVT_00252,11.86,2099.8,0.0,6.8,56.9,28.5,64.3,73.8,86.5,100.0,11.0
EVT_00108,8.51,2452.6,0.0,0.7,54.0,33.8,50.5,70.8,93.3,82.4,110.0
EVT_01889,9.06,2009.7,1.98,25.0,63.7,23.3,74.3,60.1,87.5,78.6,11.0
EVT_01906,6.4,2140.2,0.0,15.5,45.9,17.8,62.3,,83.0,93.4,99.0
EVT_01336,2.68,1164.7,0.0,8.6,49.1,14.7,54.7,28.8,94.0,90.3,20.0
EVT_00545,19.87,842.9,3.28,30.3,62.3,26.3,75.8,40.7,99.4,70.6,
EVT_01887,9.42,1753.9,8.48,68.2,77.1,26.2,100.0,67.3,85.2,72.5,0.0
EVT_00104,21.3,876.7,0.0,6.1,51.4,21.3,,5.7,99.0,80.6,34.0
EVT_00558,11.54,2104.3,4.59,48.4,60.2,33.5,70.4,66.2,85.2,85.0,22.0
EVT_01328,6.5,2259.5,0.0,8.5,50.5,,50.7,25.6,88.3,85.0,39.0
EVT_01635,4.82,1331.0,0.0,,49.7,20.8,70.6,21.9,87.4,88.5,34.0
EVT_01474,23.38,1115.8,0.88,26.6,41.7,21.9,67.3,32.6,100.0,86.8,24.0
EVT_00616,23.09,512.9,13.14,60.2,58.1,30.6,61.1,22.6,85.5,62.4,28.0
EVT_01584,7.9,2022.6,0.0,12.5,59.9,23.8,66.2,40.4,83.1,80.4,115.0
EVT_01856,10.14,2747.0,0.0,35.8,56.3,34.9,72.1,73.3,86.2,100.0,47.0
EVT_01809,12.46,2386.4,0.99,35.1,60.7,30.1,66.9,88.4,83.0,83.6,34.0
EVT_01022,17.29,2842.3,0.0,6.6,49.0,29.4,70.1,38.3,91.0,75.0,25.0
EVT_01568,12.22,2105.9,0.0,3.4,62.2,29.9,61.2,82.9,90.9,96.6,61.0
EVT_01468,15.34,1750.9,0.0,3.2,58.0,32.9,62.1,74.2,79.0,96.4,17.0
EVT_00679,2.87,1482.3,,13.8,43.9,16.7,74.8,25.3,87.1,80.9,13.0
EVT_00150,12.32,1715.2,3.54,30.3,52.5,25.7,73.2,95.2,79.2,86.7,23.0
EVT_00098,9.11,2324.6,2.28,42.4,57.4,25.5,72.6,71.2,93.5,83.9,28.0
EVT_00604,3.52,1274.0,0.0,8.0,57.3,19.8,68.4,33.2,73.2,80.5,49.0
EVT_01673,19.4,,0.0,0.9,58.0,28.5,57.1,17.0,79.3,78.3,68.0
EVT_00556,16.92,1796.2,0.0,11.4,56.1,32.0,47.9,58.6,88.7,90.7,50.0
EVT_01372,19.88,971.1,0.35,29.9,62.3,21.3,60.1,18.0,80.7,91.4,82.0
EVT_00602,12.13,1941.5,5.74,41.3,54.8,27.7,60.7,99.8,82.1,95.2,0.0
EVT_00756,8.21,1842.0,4.11,38.0,,27.1,85.0,59.0,96.1,77.7,0.0
EVT_01538,16.73,1724.1,2.7,56.9,62.7,31.2,,42.7,100.0,68.5,72.0
EVT_00962,9.82,2537.4,0.0,5.8,60.7,24.1,67.7,99.8,87.4,91.4,35.0
EVT_01346,11.49,1884.8,,2.2,64.4,31.1,63.1,75.3,80.7,86.4,111.0
EVT_00455,18.09,2072.8,0.0,27.1,57.8,26.9,67.4,29.9,79.2,97.3,42.0
EVT_00394,7.2,2169.7,0.0,10.3,63.2,25.1,52.1,41.3,100.0,90.5,46.0
EVT_00681,14.08,1649.3,9.54,49.1,56.6,27.9,72.2,72.6,93.5,59.4,23.0
EVT_01219,8.17,1721.6,1.62,22.8,58.9,26.4,56.8,60.1,86.5,95.4,45.0
EVT_01085,8.14,2104.0,7.02,,68.1,22.0,80.7,69.7,85.0,65.3,54.0
EVT_01829,11.13,1998.4,2.73,53.9,50.8,27.3,65.7,100.0,73.6,81.4,29.0
EVT_00173,7.9,2129.7,,0.4,65.0,20.6,61.6,53.9,100.0,87.9,65.0
EVT_01241,6.92,2185.6,1.25,34.0,55.9,18.3,72.7,34.4,85.9,59.9,45.0
EVT_01293,10.68,2173.0,2.68,61.9,66.4,23.4,72.5,81.1,80.6,82.0,28.0
EVT_00919,16.6,2336.4,0.0,0.1,51.7,30.6,56.2,57.1,89.2,80.8,18.0
EVT_00024,5.67,812.0,0.0,1.3,37.6,30.5,56.5,1.1,83.7,83.1,8.0
EVT_01259,12.23,2046.5,0.0,3.5,52.4,31.4,71.4,70.6,88.1,76.5,20.0
EVT_00697,10.19,1854.7,0.0,0.7,63.0,24.4,71.0,80.5,95.0,100.0,32.0
EVT_01327,14.88,1891.3,0.0,8.0,52.7,28.1,69.4,82.3,78.1,86.9,50.0
EVT_00195,7.69,1980.1,0.0,7.1,48.0,26.0,57.2,41.6,95.0,99.3,31.0
EVT_01366,11.01,2721.2,0.0,5.0,50.4,30.7,62.5,76.3,73.8,100.0,44.0
EVT_00500,7.49,2338.2,0.0,7.1,55.9,25.8,74.9,52.2,86.2,100.0,47.0
EVT_00260,4.21,645.6,2.67,34.2,53.2,15.3,70.0,15.6,83.1,79.6,21.0
EVT_01686,23.26,872.7,8.92,65.1,49.7,20.9,74.1,1.7,74.7,50.4,4.0
EVT_01912,1.44,,0.0,10.3,59.3,22.4,50.8,14.4,71.8,94.0,46.0
EVT_01136,8.34,2804.0,0.0,35.5,62.0,25.1,68.6,72.9,66.1,94.1,43.0
EVT_00353,9.64,2192.6,0.0,5.1,57.5,27.3,58.7,64.6,83.2,95.6,0.0
EVT_01031,11.06,2808.5,0.0,12.7,68.1,24.0,61.0,64.4,79.7,87.2,14.0
EVT_01929,12.76,2772.2,0.0,0.5,53.2,27.6,64.5,74.7,90.9,91.5,5.0
EVT_00710,23.33,811.7,0.0,10.6,39.6,22.3,64.5,8.1,79.5,98.8,26.0
EVT_00728,11.09,2204.2,0.0,12.4,57.8,25.0,75.0,89.5,83.9,93.4,35.0
EVT_00647,22.54,1080.0,0.0,,40.7,29.3,59.5,31.5,79.7,88.5,33.0
EVT_01623,15.79,2513.1,0.0,18.2,65.1,28.5,59.4,71.0,92.2,99.5,0.0
EVT_00242,11.27,2118.6,1.31,31.4,54.6,31.8,67.6,100.0,95.4,99.6,23.0
EVT_00335,8.55,2568.1,0.0,17.4,59.4,20.9,64.3,50.1,89.5,93.5,153.0
EVT_00706,18.16,2153.8,2.08,45.7,64.3,27.2,78.0,14.3,92.1,83.0,
EVT_00364,2.65,794.7,8.98,58.9,59.8,17.4,72.4,12.8,80.6,69.2,40.0
EVT_01987,18.84,2068.4,0.0,3.2,69.1,,62.4,,92.8,,18.0
EVT_01735,9.51,2033.5,0.0,3.2,60.7,26.3,68.6,75.7,84.0,100.0,104.0
EVT_01684,0.05,868.4,6.66,57.1,55.9,22.5,65.4,14.7,80.7,75.6,1.0
EVT_00553,13.79,2027.3,0.0,3.5,52.3,37.2,45.2,70.0,93.1,93.5,58.0
EVT_01516,23.0,674.5,0.0,2.8,64.1,21.6,66.8,26.4,81.8,93.8,22.0
EVT_01712,10.01,2010.7,0.0,1.1,58.1,,65.1,78.6,80.5,81.6,80.0
EVT_00049,19.63,617.6,0.0,1.6,64.7,28.8,50.1,19.7,100.0,93.6,0.0
EVT_01662,10.06,2391.3,0.0,1.7,56.1,25.5,75.9,68.8,94.6,87.6,26.0
EVT_01323,0.16,1169.1,0.0,36.1,56.6,31.8,62.3,33.7,73.5,64.0,27.0
EVT_00867,12.87,2582.8,0.0,1.3,50.8,33.1,60.1,85.5,93.3,97.1,13.0
EVT_00603,16.09,1391.7,12.89,57.9,59.4,27.7,80.0,59.7,90.4,,134.0
EVT_00023,18.55,2326.9,0.0,7.8,59.8,23.3,-85.97,20.1,95.6,84.8,14.0
EVT_01808,15.55,1726.3,0.0,3.9,54.8,32.5,64.4,53.2,83.3,97.2,30.0
EVT_01940,8.22,2320.3,0.0,0.3,51.0,27.4,60.5,55.3,90.2,85.7,6.0
EVT_01363,12.22,2161.3,0.0,13.2,51.6,32.8,70.9,83.1,82.9,88.5,
EVT_00396,14.75,1265.2,12.39,75.5,64.9,27.4,66.8,64.4,87.6,68.1,8.0
EVT_01770,22.66,425.3,13.21,82.3,52.7,19.6,100.0,9.4,83.2,38.0,19.0
EVT_00077,21.37,710.8,,1.1,57.0,27.1,62.9,13.8,86.2,,4.0
EVT_D0006,13.7,1813.2,0.0,2.1,48.4,31.4,49.1,83.7,80.9,85.7,81.0
EVT_00390,4.29,818.4,4.35,59.8,49.3,16.6,88.1,15.5,98.9,52.3,62.0
EVT_00303,13.71,2554.5,0.0,21.5,45.0,29.8,57.0,70.5,83.6,87.6,41.0
EVT_01631,21.5,753.3,0.0,6.9,58.3,19.0,67.1,20.7,92.8,81.6,79.0
EVT_01118,2.78,1407.9,0.0,4.0,50.9,23.0,67.5,0.1,77.9,77.7,15.0
EVT_01201,22.3,978.8,0.34,23.2,46.7,23.7,56.1,12.5,91.9,81.3,18.0
EVT_00600,19.96,920.1,2.96,38.3,46.7,22.1,82.3,24.6,86.6,79.4,37.0
EVT_01769,22.61,951.3,0.0,2.0,50.4,24.9,61.5,3.1,81.4,91.9,24.0
EVT_01696,19.87,1015.1,0.0,13.8,57.4,26.1,61.2,29.4,86.6,80.4,29.0
EVT_00368,17.84,2169.5,0.0,5.7,55.0,29.7,43.6,32.3,94.8,86.8,24.0
EVT_D0029,12.27,2144.2,0.0,4.2,56.2,30.8,72.4,73.0,86.7,95.6,43.0
EVT_00805,17.49,2308.0,0.0,4.3,59.3,23.6,55.7,33.9,89.3,81.3,16.0
EVT_01464,17.34,2598.3,0.0,,52.4,32.8,61.2,,74.3,89.8,30.0
EVT_00441,16.63,2563.2,0.0,10.3,63.3,34.8,52.0,64.5,86.8,100.0,18.0
EVT_00714,5.04,1667.9,0.0,16.2,53.6,18.8,67.9,14.2,78.5,83.8,20.0
EVT_00977,17.5,1755.9,1.2,63.5,52.7,30.5,76.7,30.5,84.9,,48.0
EVT_01594,21.95,782.0,0.0,15.6,54.4,24.7,62.7,7.8,76.3,81.9,0.0
EVT_00868,8.39,2618.2,0.0,1.8,49.5,22.9,69.3,69.5,89.1,100.0,61.0
EVT_01007,20.56,1309.0,2.7,53.1,52.0,27.7,66.1,22.6,75.8,78.8,34.0
EVT_00220,17.87,1103.1,16.24,68.8,74.3,28.6,84.3,33.4,96.3,92.1,68.0
EVT_00944,17.85,1793.6,0.0,8.5,57.3,28.6,69.5,14.9,89.6,86.1,61.0
EVT_01482,16.76,1353.8,10.68,61.4,59.4,25.5,84.4,47.9,86.8,68.0,78.0
EVT_01434,11.6,1966.9,5.84,38.6,69.9,34.0,80.2,89.8,83.9,60.7,29.0
EVT_01090,17.88,2365.7,0.0,8.1,52.2,32.3,52.0,64.0,84.0,81.1,0.0
EVT_01540,19.66,724.6,0.0,7.3,,29.8,64.2,21.5,84.8,96.2,17.0
EVT_01946,20.24,865.3,1.58,30.2,63.0,25.3,64.8,23.2,87.0,76.1,80.0
EVT_01656,23.86,1126.1,0.14,46.6,43.9,17.6,76.4,0.0,93.4,86.2,56.0
EVT_00760,12.62,2618.1,,0.2,52.0,29.4,56.4,100.0,93.7,93.6,25.0
EVT_01539,11.85,2460.3,0.0,0.9,42.4,27.9,47.8,78.2,80.0,85.8,44.0
EVT_01186,5.45,1669.2,,1.1,47.1,24.7,63.6,31.6,75.6,86.5,10.0
EVT_00701,5.62,1441.8,2.6,45.2,44.1,23.6,79.8,20.1,79.0,79.6,17.0
EVT_00433,9.68,2059.2,0.0,8.6,58.6,27.7,60.1,64.7,98.2,80.2,11.0
EVT_00103,19.15,819.9,0.0,11.5,44.3,32.6,61.4,18.1,89.0,57.0,10.0
EVT_00362,23.24,1620.3,0.0,5.4,40.8,-41.07,76.9,33.0,82.4,90.1,33.0
EVT_01784,18.17,1819.8,0.0,3.5,58.8,25.9,61.7,22.5,84.8,100.0,64.0
EVT_D0018,18.61,2495.7,1.77,47.8,61.1,21.0,71.4,21.2,72.3,92.2,93.0
EVT_01828,18.78,2541.2,0.53,48.7,50.5,28.0,1245.44,34.3,93.9,86.6,17.0
EVT_00725,19.23,879.0,0.0,9.2,,25.8,51.8,22.6,86.6,78.3,48.0
EVT_00828,10.28,2194.8,0.0,15.6,55.0,28.1,65.1,62.7,85.8,81.9,18.0
EVT_00315,6.16,1212.7,0.0,8.8,60.1,22.4,66.7,21.2,75.1,73.9,43.0
EVT_01206,6.67,2663.1,0.22,38.8,49.4,23.1,76.1,35.7,93.9,98.3,49.0
EVT_00474,13.64,,0.0,0.5,55.9,31.2,64.6,91.0,92.7,92.6,
EVT_01476,12.55,2409.6,0.0,,49.5,35.3,48.6,55.6,86.0,78.8,1.0
EVT_00269,4.56,617.2,0.0,4.3,41.7,25.0,72.1,15.4,90.2,89.3,31.0
EVT_00643,15.68,2165.8,0.0,3.0,66.9,34.0,51.8,51.8,80.2,86.2,54.0
EVT_00193,21.38,714.2,0.0,1.0,49.6,26.1,54.8,12.3,71.8,75.4,13.0
EVT_00873,21.58,762.0,0.0,22.4,65.6,27.7,63.5,19.8,86.9,78.6,82.0
EVT_00850,4.08,979.7,0.0,3.0,51.1,19.9,66.1,7.5,79.8,83.1,0.0
EVT_01399,22.89,1328.3,0.0,3.1,42.3,27.9,74.2,12.0,83.0,100.0,20.0
EVT_01874,3.91,1082.3,0.0,2.7,42.9,25.1,59.6,1.1,87.3,79.3,4.0
EVT_00072,17.54,1669.8,0.0,0.7,54.6,28.0,59.6,52.1,89.0,78.6,52.0
EVT_00422,9.57,1952.1,1.25,21.1,53.8,23.1,76.1,69.1,83.6,91.9,32.0
EVT_01865,10.74,2717.1,0.72,34.5,51.4,27.2,75.1,67.6,79.5,89.0,4.0
EVT_00661,17.34,1227.3,17.42,66.2,68.6,26.4,86.3,38.4,77.7,77.0,109.0
EVT_01860,22.31,1360.0,0.0,0.8,57.8,22.8,58.2,29.4,94.7,100.0,29.0
EVT_00512,7.92,2306.8,0.1,34.8,57.4,32.4,46.0,60.1,80.8,100.0,112.0
EVT_01289,9.65,2057.6,0.0,3.7,58.2,28.7,68.2,64.5,76.4,92.8,59.0
EVT_00138,9.6,2284.0,0.0,6.2,61.0,24.2,58.2,68.8,78.0,79.4,0.0
EVT_01117,16.34,1280.5,3.82,44.5,54.4,29.4,64.6,70.8,88.8,73.9,51.0
EVT_01177,6.11,1022.2,0.0,0.4,51.5,24.6,55.4,29.2,72.2,84.7,36.0
EVT_01296,4.62,1161.6,0.0,9.0,51.6,19.2,68.1,35.5,79.7,89.2,5.0
EVT_00799,10.46,2405.6,0.0,15.7,76.2,31.3,64.8,68.2,87.4,79.9,53.0
EVT_01713,2.21,817.2,0.0,1.1,53.4,19.9,60.7,28.3,88.5,67.8,79.0
EVT_01937,5.63,894.4,7.07,22.0,58.9,20.9,75.1,25.0,89.8,77.6,30.0
EVT_00723,10.37,1961.8,0.0,2.2,61.5,25.1,61.1,70.1,88.8,100.0,0.0
EVT_01804,13.3,2457.9,0.0,0.1,47.8,34.5,41.4,73.9,90.5,,6.0
EVT_00016,18.98,2003.7,1.32,10.2,62.3,27.2,68.2,17.4,85.1,,55.0
EVT_00099,15.95,1162.1,10.11,65.8,62.5,25.0,68.2,69.5,79.0,68.6,23.0
EVT_01695,20.6,859.8,0.0,3.2,51.4,31.0,66.4,,88.6,77.8,68.0
EVT_00071,10.31,2095.2,0.0,2.7,62.2,28.0,52.3,80.3,90.3,92.4,10.0
EVT_00684,18.17,1935.4,,,,26.0,56.3,19.6,84.2,74.6,33.0
EVT_01963,20.81,414.2,12.15,56.7,57.8,26.4,89.4,11.7,89.8,61.9,26.0
EVT_01628,13.92,1980.8,5.53,47.2,52.7,31.4,70.4,63.9,91.7,89.7,61.0
EVT_00839,9.75,2192.3,0.0,3.3,45.7,28.4,71.7,80.5,70.1,100.0,63.0
EVT_00067,5.5,966.3,7.61,53.4,66.0,23.8,66.8,12.7,100.0,81.3,23.0
EVT_00611,22.57,1196.9,2.2,31.7,49.8,20.8,,,83.0,73.5,25.0
EVT_01692,17.48,1653.9,1.96,18.6,64.5,27.7,64.9,39.7,82.6,94.8,64.0
EVT_00948,7.06,1792.3,0.0,2.1,53.0,23.3,64.8,46.6,95.6,100.0,73.0
EVT_00930,7.09,1477.0,9.03,65.5,65.9,19.4,70.8,41.8,89.5,55.8,47.0
EVT_01898,3.43,1120.8,0.0,9.2,42.9,24.4,63.7,23.5,87.4,89.3,8.0
EVT_01447,13.3,2373.6,0.0,14.7,46.2,30.3,53.1,81.6,91.1,87.6,51.0
EVT_00830,8.66,1772.5,3.68,53.6,62.9,22.1,70.0,49.1,98.4,75.6,32.0
EVT_00003,7.12,1685.0,6.88,29.9,53.9,18.3,70.0,48.3,87.1,87.6,32.0
EVT_01795,18.45,1881.9,0.0,11.6,58.6,25.4,53.5,20.8,88.3,81.8,48.0
EVT_00152,18.17,1722.9,12.41,60.9,67.4,29.5,75.2,,100.0,70.9,5.0
EVT_01208,1.37,1066.9,0.0,8.5,54.0,24.5,64.0,,89.0,100.0,0.0
EVT_01299,4.41,605.5,0.0,0.9,45.8,21.0,68.9,21.5,88.3,78.3,64.0
EVT_01989,9.21,1559.4,2.33,51.9,63.4,22.9,67.7,67.2,71.5,78.3,60.0
EVT_01564,8.03,2131.9,0.0,15.6,,27.2,59.8,45.2,92.1,93.9,55.0
EVT_00695,9.95,1312.3,9.38,48.6,60.0,,63.6,,79.6,86.3,53.0
EVT_00680,18.62,1780.2,2.7,56.1,63.2,30.3,73.8,17.4,99.6,68.9,84.0
EVT_D0017,8.34,2648.9,0.0,9.2,62.7,23.0,53.3,39.7,88.3,100.0,116.0
EVT_00320,22.86,1215.1,0.0,43.8,58.7,27.0,61.5,22.5,87.6,85.3,11.0
EVT_00659,17.71,2100.0,0.0,3.5,61.4,24.0,64.7,63.2,85.7,92.4,110.0
EVT_01258,21.69,1260.8,0.11,43.7,58.7,24.7,74.1,18.3,78.4,83.5,74.0
EVT_00848,20.29,1138.7,,8.8,57.3,24.5,53.8,25.6,87.2,84.1,7.0
EVT_00322,12.51,2427.5,0.0,7.5,52.8,29.3,50.3,84.3,87.1,97.4,18.0
EVT_01185,23.2,863.7,0.0,2.8,46.5,18.9,64.2,,93.4,100.0,18.0
EVT_01527,9.85,2134.4,0.0,3.0,56.2,25.3,58.1,86.8,99.2,,83.0
EVT_00426,17.65,2097.5,0.0,1.8,61.4,34.7,53.2,41.2,85.3,92.3,44.0
EVT_01444,20.31,1200.2,0.0,7.1,47.2,26.0,78.2,18.1,85.6,99.7,23.0
EVT_01250,19.11,-5651.04,0.0,16.4,54.1,28.7,62.2,21.0,80.1,69.0,21.0
EVT_00010,14.82,2839.1,0.0,7.4,51.9,32.3,55.0,76.4,93.6,92.3,3.0
EVT_00106,15.34,1817.0,2.46,33.9,50.7,30.5,62.9,95.6,90.2,80.0,61.0
EVT_01285,1.63,717.3,0.0,,50.8,16.8,63.9,31.4,80.2,89.6,45.0
EVT_01512,14.76,2251.4,0.0,1.8,53.1,28.5,56.0,,87.8,100.0,28.0
EVT_00057,12.85,2075.7,8.91,55.7,62.4,24.7,68.3,65.7,70.2,76.1,51.0
EVT_00534,16.45,2537.6,0.0,2.1,52.5,24.1,62.6,67.3,79.7,78.5,19.0
EVT_00907,0.72,1021.5,3.95,42.2,46.4,17.3,71.4,25.9,85.8,71.2,14.0
EVT_01918,8.54,2198.7,0.0,8.6,57.6,28.9,59.1,64.8,89.0,69.7,57.0
EVT_00833,13.83,2107.4,0.0,3.0,46.2,25.7,65.6,63.3,89.8,88.6,44.0
EVT_01290,14.18,1764.5,5.15,52.7,51.6,26.3,68.5,75.3,73.8,75.0,37.0
EVT_01388,18.99,1888.7,0.0,8.9,46.0,31.4,58.6,27.1,85.4,92.8,17.0
EVT_00874,22.91,923.0,0.94,54.0,50.4,22.9,81.9,18.2,89.9,64.6,26.0
EVT_00482,14.48,1744.5,3.27,53.7,49.4,27.2,73.0,70.1,97.6,78.7,49.0
EVT_01184,20.6,811.3,3.76,41.5,44.4,24.4,63.6,21.2,87.2,80.4,14.0
EVT_01986,6.8,2291.3,1.83,40.3,64.6,26.3,71.4,46.9,94.4,89.0,72.0
EVT_01775,22.57,1152.7,0.0,5.6,53.4,23.2,50.6,2.9,80.2,82.7,0.0
EVT_00932,7.83,2206.5,0.0,1.5,60.4,25.4,56.7,60.4,89.9,84.9,56.0
EVT_00425,4.34,541.5,5.33,28.1,50.3,21.4,62.8,7.8,88.6,86.2,125.0
EVT_01329,13.02,2554.7,0.0,10.1,61.7,33.0,53.7,75.4,93.5,97.8,28.0
EVT_00527,7.24,866.7,18.45,76.0,67.4,24.5,100.0,44.8,88.6,71.1,40.0
EVT_00178,18.15,2134.1,0.0,5.1,55.6,27.9,63.0,63.6,88.3,100.0,65.0
EVT_01347,22.96,1513.3,0.28,21.3,42.8,23.6,68.9,42.9,78.9,97.0,18.0
EVT_01688,16.08,2186.5,4.68,,63.1,30.0,64.4,68.5,100.0,83.6,50.0
EVT_01639,9.37,1917.4,,38.3,60.5,29.5,65.5,39.4,85.8,83.0,64.0
EVT_00722,5.76,1388.0,0.0,13.4,54.4,23.5,58.1,,71.5,89.3,63.0
EVT_00124,0.54,863.3,3.27,38.3,52.4,17.5,73.1,23.1,82.3,82.2,
EVT_01503,23.35,998.8,0.0,23.6,54.5,26.2,72.0,20.5,81.5,74.0,33.0
EVT_01033,9.72,2375.2,0.0,4.8,51.0,25.4,86.0,80.7,90.2,96.8,107.0
EVT_01015,5.64,503.1,17.21,52.5,60.2,19.4,97.9,24.8,90.9,67.4,41.0
EVT_01667,20.49,693.1,6.18,34.1,,26.6,80.8,24.1,83.0,70.0,
EVT_00886,23.36,1352.8,0.0,5.5,53.0,21.6,61.4,19.9,96.1,89.6,28.0
EVT_01601,8.77,1888.5,0.0,,45.6,21.1,74.5,60.8,83.1,100.0,67.0
EVT_00282,5.52,996.4,0.0,1.5,57.9,25.5,58.8,28.2,78.7,74.5,21.0
EVT_D0015,1.1,,0.0,24.6,,27.3,60.5,16.9,78.9,93.0,1.0
EVT_01480,5.03,642.7,4.55,35.6,43.0,25.1,75.2,30.5,79.1,82.1,68.0
EVT_00608,18.06,992.5,17.86,87.2,64.1,26.4,98.8,41.1,79.2,83.8,17.0
EVT_00549,17.05,2443.7,0.0,60.0,55.8,38.2,56.4,64.8,97.9,80.2,27.0
EVT_00533,4.35,1166.3,1.82,42.8,49.0,15.7,72.5,26.0,85.5,67.1,80.0
EVT_01567,17.65,1335.0,7.18,39.7,61.9,29.4,54.5,45.5,87.7,87.6,59.0
EVT_01094,17.1,2881.7,0.0,0.4,55.1,35.4,,57.0,80.2,83.7,20.0
EVT_00551,6.3,2133.5,0.0,6.5,54.2,22.4,71.2,34.0,91.3,90.9,13.0
EVT_00845,18.21,2330.3,,2.7,52.1,27.9,65.2,23.5,93.3,90.4,15.0
EVT_01424,6.96,1496.5,8.74,47.9,62.0,21.0,78.8,47.6,100.0,88.9,41.0
EVT_00261,21.3,973.1,0.0,15.3,52.2,22.8,74.4,5.8,87.0,94.5,62.0
EVT_00653,7.87,2259.6,0.77,35.4,57.4,22.5,71.0,62.5,94.9,99.1,24.0
EVT_00321,15.46,1644.4,7.79,58.1,59.6,25.9,68.1,67.0,77.5,60.9,40.0
EVT_00281,17.79,1858.9,8.83,,61.3,25.8,73.5,31.8,72.6,71.8,71.0
EVT_01789,10.8,2336.4,0.0,10.8,56.0,35.5,72.6,74.9,82.8,69.9,11.0
EVT_00081,5.47,1573.8,0.0,14.3,55.4,19.9,78.3,8.5,80.0,85.7,24.0
EVT_00056,9.35,1827.1,0.0,30.8,55.4,34.4,73.2,65.0,81.6,84.0,99.0
EVT_00580,5.22,1111.8,0.0,1.7,56.8,20.3,76.8,16.5,80.7,82.0,45.0
EVT_00444,17.13,2156.8,0.0,5.1,52.9,29.3,58.7,49.5,76.3,80.7,30.0
EVT_00100,7.12,2181.4,6.53,41.2,58.2,22.5,68.1,42.2,86.0,90.4,71.0
EVT_01682,4.14,1603.5,0.0,7.2,52.9,26.3,56.8,22.7,84.6,82.3,37.0
EVT_00573,18.07,2614.2,0.0,2.7,63.3,32.0,74.7,27.4,84.8,89.5,62.0
EVT_01063,23.26,1225.6,0.0,1.5,51.9,20.1,46.4,34.3,86.0,96.3,15.0
EVT_01489,9.26,2342.8,0.0,29.2,52.7,29.4,70.3,,80.1,76.3,90.0
EVT_00698,20.32,767.6,8.87,32.2,60.2,27.0,75.7,13.3,82.2,86.3,26.0
EVT_01108,8.99,2407.5,2.87,38.5,62.2,24.9,77.3,54.3,94.6,97.6,26.0
EVT_00409,17.67,1088.9,15.68,68.0,60.5,28.0,95.3,53.2,96.8,68.2,67.0
EVT_00503,19.37,892.9,0.0,12.6,40.9,31.6,,48.9,82.1,93.5,96.0
EVT_01338,16.81,1902.2,0.0,4.3,54.6,27.6,65.2,44.8,89.9,82.4,46.0
EVT_00027,14.2,1618.3,0.0,0.2,56.6,30.5,51.3,75.1,93.9,82.7,24.0
EVT_01320,22.89,697.6,0.0,3.5,54.7,21.4,59.0,11.8,77.5,94.4,18.0
EVT_01271,12.87,1693.0,0.0,2.5,57.3,33.8,64.7,93.5,87.5,83.4,12.0
EVT_00950,22.73,750.3,8.1,36.8,56.2,21.0,77.4,26.8,84.3,78.7,10.0
EVT_00878,23.48,845.1,0.0,7.3,62.3,21.4,61.9,24.3,70.1,83.5,16.0
EVT_01190,14.05,2278.7,3.06,26.2,63.8,31.7,73.8,61.0,83.6,92.5,0.0
EVT_00174,1.23,1285.7,0.23,35.0,50.9,,67.0,9.6,93.4,84.2,13.0
EVT_01562,8.52,1892.3,0.0,5.3,55.0,26.6,67.3,57.4,92.8,89.8,17.0
EVT_01426,11.11,2342.4,3.08,32.5,70.7,22.3,67.6,81.6,86.0,84.0,65.0
EVT_00560,15.92,1757.6,7.6,39.2,51.1,35.2,57.7,54.3,79.3,58.0,57.0
EVT_00155,14.13,2453.2,0.0,36.9,64.9,36.4,61.0,82.3,90.2,80.0,31.0
EVT_01910,22.73,906.6,4.4,39.3,63.3,18.6,72.3,10.2,95.7,54.8,10.0
EVT_01997,11.02,2163.3,0.0,17.8,47.6,34.7,63.8,61.3,83.6,95.8,40.0
EVT_00958,8.71,2092.5,3.21,33.2,62.3,21.2,80.6,46.6,74.1,69.6,18.0
EVT_00739,16.63,2122.2,0.0,2.7,61.1,30.0,,58.3,78.4,96.3,47.0
EVT_00748,12.99,2275.0,1.1,23.9,53.9,26.0,52.4,100.0,89.5,87.4,0.0
EVT_00627,19.26,866.7,2.5,52.2,62.6,31.1,73.0,16.5,89.7,89.0,0.0
EVT_00050,19.34,1100.3,0.0,4.8,36.7,24.3,69.9,12.6,89.0,90.6,8.0
EVT_00504,16.76,1569.7,1.3,41.9,62.3,33.7,48.4,48.3,81.7,86.1,115.0
EVT_00074,17.95,2285.8,0.0,6.6,52.3,31.7,64.1,2.9,94.9,62.0,47.0
EVT_01401,23.85,1220.0,0.25,20.7,46.7,24.1,60.5,35.9,85.8,97.6,14.0
EVT_00609,10.2,2083.1,0.0,4.5,46.6,29.0,66.1,49.2,87.5,97.9,60.0
EVT_00310,16.42,2112.3,6.71,45.8,53.7,27.1,71.9,64.6,82.1,80.9,78.0
EVT_01150,1.43,1162.3,0.0,2.6,47.0,,68.8,41.2,87.6,100.0,34.0
EVT_00625,19.79,703.6,0.0,,57.7,26.7,65.0,38.7,82.2,90.5,49.0
EVT_01032,13.42,2224.3,0.0,26.4,46.7,29.8,65.3,84.7,77.1,91.7,25.0
EVT_01761,16.48,1967.1,0.0,0.8,61.4,29.6,41.4,52.4,98.1,97.9,48.0
EVT_00297,13.2,1489.8,3.86,47.3,56.1,34.4,77.0,75.5,87.5,63.2,51.0
EVT_01869,7.06,2203.3,0.0,1.4,47.4,22.5,55.4,73.5,78.5,77.6,98.0
EVT_D0022,21.67,874.0,0.0,22.5,51.4,22.4,56.3,33.5,99.1,84.6,12.0
EVT_00936,22.38,1134.6,0.0,7.9,41.5,20.2,59.3,41.2,75.0,77.0,18.0
EVT_00224,7.83,282.7,28.22,100.0,52.1,22.9,100.0,50.9,70.7,49.2,24.0
EVT_01146,8.24,1544.8,4.45,36.3,61.1,24.4,67.1,51.8,89.2,86.4,54.0
EVT_01441,14.69,2335.5,5.29,,60.4,29.7,86.0,58.5,83.4,92.7,2.0
EVT_00204,3.44,868.8,0.0,44.8,56.2,20.0,62.2,18.5,78.7,83.5,0.0
EVT_01650,11.79,1483.1,8.92,55.8,54.2,23.6,92.4,91.0,91.2,79.8,0.0
EVT_00715,8.43,,2.86,38.7,54.6,19.5,70.5,73.2,95.1,92.2,19.0
EVT_01694,19.79,1328.9,1.4,36.7,56.2,23.7,56.7,7.0,93.6,85.9,56.0
EVT_01127,13.14,2159.9,0.0,17.9,51.3,34.0,73.4,85.6,76.4,88.9,28.0
EVT_00339,6.77,2159.7,0.0,33.8,54.4,25.0,63.3,27.7,86.6,88.9,6.0
EVT_01438,4.09,893.3,9.58,36.2,49.4,24.4,77.6,13.2,72.7,,
EVT_01903,14.17,2225.3,0.0,5.5,54.4,31.1,57.1,61.4,77.8,96.9,11.0
EVT_00340,18.85,2345.9,4.03,45.2,54.4,27.7,72.5,16.6,100.0,83.4,91.0
EVT_00798,7.56,2699.5,0.0,4.2,60.8,27.6,53.0,38.4,99.1,90.7,37.0
EVT_01310,17.71,2358.9,0.0,5.3,51.4,30.5,49.1,23.4,77.2,96.3,40.0
EVT_00720,10.29,1789.4,0.0,13.1,56.7,25.7,55.7,74.5,91.8,100.0,23.0
EVT_00779,23.5,1261.7,0.0,6.5,44.0,26.6,64.0,17.4,88.9,78.9,15.0
EVT_00079,22.39,841.4,0.0,17.1,47.2,20.7,72.3,25.5,86.8,72.6,23.0
EVT_00068,4.03,1064.6,3.68,25.8,49.6,18.1,82.3,26.9,98.8,100.0,8.0
EVT_00804,19.0,2776.3,0.0,5.3,63.1,25.8,51.9,25.7,97.3,90.9,33.0
EVT_00752,19.48,702.9,13.18,60.5,51.7,27.3,80.4,26.8,86.7,,54.0
EVT_01821,18.39,2324.2,0.0,10.6,52.2,28.9,,35.7,91.5,100.0,15.0
EVT_01616,10.44,1911.1,2.52,60.7,61.6,25.7,74.8,97.2,90.9,95.4,21.0
EVT_01415,2.26,795.4,0.0,0.7,46.5,19.1,57.6,31.2,76.0,87.5,3.0
EVT_01925,21.01,665.0,0.0,5.7,54.1,,54.6,26.0,75.6,83.4,21.0
EVT_00667,4.59,910.4,0.0,8.6,68.7,22.3,75.5,13.0,94.0,93.2,33.0
EVT_01992,8.05,1743.3,0.0,26.4,59.9,22.8,70.8,56.1,72.8,,46.0
EVT_01729,10.6,2066.9,0.0,24.9,64.0,21.2,61.0,73.5,83.4,89.6,93.0
EVT_01407,12.74,2159.2,0.0,12.0,61.1,25.0,59.0,82.5,73.0,75.5,38.0
EVT_01076,15.71,2362.0,0.11,45.2,54.1,32.1,54.3,77.3,86.3,95.4,70.0
EVT_00460,6.74,1664.5,0.58,27.8,48.9,24.9,67.5,36.6,85.8,89.0,37.0
EVT_00311,12.2,1993.8,5.34,41.1,53.4,30.8,67.1,74.6,89.7,69.8,5.0
EVT_00064,15.99,2206.5,0.0,0.8,65.3,25.3,70.3,60.1,84.5,77.9,60.0
EVT_00890,1.42,1566.2,0.0,17.9,40.8,21.1,66.1,17.1,83.1,76.0,44.0
EVT_01543,18.14,1840.5,0.0,0.6,54.5,27.1,54.3,44.9,98.0,83.2,84.0
EVT_00823,21.1,900.4,0.0,7.3,65.1,26.7,62.3,7.6,95.7,79.4,38.0
EVT_01847,9.06,2027.5,0.0,3.7,48.7,25.0,64.5,63.1,85.2,85.0,-310.0
EVT_01732,15.01,2473.5,0.0,4.5,58.5,30.9,48.5,62.4,82.6,76.3,0.0
EVT_00004,15.94,2058.0,,1.2,46.3,26.8,53.7,64.9,79.2,88.2,48.0
EVT_00283,18.07,1755.2,2.06,39.0,64.6,29.4,66.4,28.9,94.8,78.9,19.0
EVT_01192,11.18,1602.3,4.38,53.7,57.1,24.3,74.0,74.3,86.1,93.1,17.0
EVT_01181,3.94,,2.89,35.6,50.4,24.3,74.0,21.4,87.2,85.8,8.0
EVT_01498,16.06,1745.7,0.0,20.2,50.4,35.7,62.3,50.1,81.3,87.1,38.0
EVT_01931,13.21,2104.7,2.59,46.3,65.5,33.2,57.9,77.8,80.7,91.1,41.0
EVT_01613,10.5,1962.6,0.0,1.4,54.9,23.3,61.8,69.6,80.2,89.5,79.0
EVT_00206,18.45,2586.4,0.0,8.2,53.7,29.4,48.8,21.1,82.9,86.9,55.0
EVT_01212,20.12,981.1,0.0,16.7,54.4,30.2,68.8,9.6,82.1,93.2,40.0
EVT_01962,23.2,1288.6,7.82,56.6,61.4,20.8,91.7,3.7,85.2,59.4,23.0
EVT_01733,7.98,2796.0,0.0,8.8,58.8,22.7,66.3,58.7,76.9,95.6,15.0
EVT_01716,7.88,2113.2,0.0,29.8,48.8,26.7,68.9,47.0,88.3,86.5,45.0
EVT_00607,14.73,2078.3,3.34,45.9,57.0,32.1,93.4,74.2,77.8,79.0,61.0
EVT_01109,22.17,654.1,6.51,51.5,63.4,30.2,72.0,12.5,94.7,83.9,13.0
EVT_00231,7.76,1799.0,0.0,2.2,65.8,30.1,58.2,49.2,92.4,79.0,21.0
EVT_00093,17.57,1862.1,0.0,10.3,51.8,27.0,64.9,51.2,85.0,91.0,34.0
EVT_00107,17.44,2232.5,0.0,,54.9,30.8,9999.0,20.9,88.1,78.6,84.0
EVT_01133,21.24,873.7,,26.2,55.7,36.2,55.9,35.2,90.1,82.8,11.0
EVT_01556,16.37,2529.2,0.0,7.0,46.4,28.7,,27.9,82.3,76.6,41.0
EVT_00592,0.26,971.5,3.34,30.8,55.3,25.6,75.1,20.0,85.5,75.7,8.0
EVT_00742,19.84,986.7,2.97,34.9,56.3,26.8,66.1,29.6,90.0,91.0,9.0
EVT_00018,23.38,754.7,0.0,29.1,50.6,21.8,69.3,26.8,83.5,91.5,34.0
EVT_00095,23.23,980.2,0.0,6.4,47.8,20.6,71.9,11.6,94.2,100.0,14.0
EVT_01452,4.59,945.8,0.0,52.1,47.1,26.2,61.2,5.4,82.9,,2.0
EVT_01355,21.19,1225.7,0.0,4.2,49.8,24.8,61.0,41.6,82.4,90.2,23.0
EVT_01195,20.67,1520.0,0.0,12.1,47.7,29.8,54.0,36.8,82.8,77.0,14.0
EVT_00189,16.15,2126.3,0.15,25.4,50.4,31.2,60.2,53.9,86.5,88.1,90.0
EVT_00557,14.92,2152.2,0.0,9.4,58.6,27.4,54.5,63.2,93.0,99.6,31.0
EVT_00870,8.92,1746.6,0.0,25.0,53.8,30.9,67.4,52.1,84.4,98.7,26.0
EVT_00606,21.06,755.7,0.0,2.2,53.6,22.3,,39.9,89.1,82.1,38.0
EVT_00780,21.33,1177.5,2.12,39.3,62.4,29.7,63.6,2.4,87.8,75.4,9.0
EVT_01837,23.32,784.4,4.99,42.5,50.7,23.3,66.5,40.9,85.8,75.0,16.0
EVT_00696,9.28,2231.1,0.0,4.0,42.9,22.5,71.0,81.0,84.1,91.2,35.0
EVT_00905,5.13,942.1,0.0,2.0,48.3,16.4,60.5,24.6,78.3,80.5,22.0
EVT_01245,9.47,2141.1,1.16,40.7,65.4,21.6,100.0,52.0,82.0,79.0,97.0
EVT_01467,10.31,2766.6,0.0,14.3,,28.0,75.7,72.4,85.0,76.9,21.0
EVT_01376,13.1,2510.9,0.0,36.8,49.7,31.5,73.8,74.0,81.8,76.6,0.0
EVT_01755,0.76,1325.8,0.0,16.1,63.5,13.9,69.6,23.0,87.5,76.6,31.0
EVT_01700,7.07,,0.0,3.7,58.8,25.8,51.5,44.6,76.4,96.0,33.0
EVT_00763,19.87,1189.1,0.0,5.2,43.7,27.9,,23.9,88.3,,23.0
EVT_00589,14.78,2034.1,3.2,35.7,62.8,33.8,66.3,87.8,89.8,81.2,16.0
EVT_00515,16.83,2079.7,3.46,39.3,59.2,30.8,62.2,55.6,86.4,76.7,
EVT_01291,21.67,874.0,0.0,22.5,51.4,22.4,56.3,33.5,99.1,84.6,12.0
EVT_00909,19.94,1095.6,0.0,,55.7,22.9,69.4,31.7,89.1,81.0,
EVT_00410,11.5,2805.1,0.0,17.0,39.8,37.6,59.1,84.8,94.2,93.7,41.0
EVT_01460,13.95,1723.8,0.0,5.1,59.8,28.7,50.5,82.5,95.8,84.3,0.0
EVT_01398,7.89,2169.7,0.0,0.5,59.3,22.1,77.1,39.9,89.2,86.0,83.0
EVT_01609,8.22,1651.2,5.0,34.4,50.2,24.3,78.1,44.1,90.7,82.8,53.0
EVT_00442,8.22,2193.5,0.0,2.6,49.1,24.9,63.4,46.8,88.0,94.1,16.0
EVT_01157,9.54,2762.6,0.0,3.7,59.5,25.2,61.5,63.7,86.3,100.0,0.0
EVT_01179,6.7,2230.9,5.77,25.0,59.5,20.8,76.2,43.3,83.0,69.7,94.0
EVT_01505,16.09,1525.1,8.3,39.8,57.6,35.0,69.7,53.0,72.3,72.8,60.0
EVT_01668,5.76,,0.0,0.2,50.7,18.8,63.9,35.1,92.3,91.3,55.0
EVT_01983,9.11,2286.3,0.0,3.7,68.5,23.7,57.8,75.6,71.3,97.0,39.0
EVT_D0024,22.95,861.2,10.2,43.5,48.7,26.6,70.3,31.9,80.2,,1.0
EVT_01878,13.55,2006.0,0.0,5.6,54.0,33.1,58.7,73.1,83.5,88.7,33.0
EVT_00612,3.94,694.5,0.0,2.0,50.8,15.2,66.7,7.2,80.4,83.8,35.0
EVT_01826,12.83,2408.0,0.73,55.7,66.8,23.3,74.2,72.0,83.4,76.2,24.0
EVT_01632,23.65,584.1,4.09,42.5,68.3,16.4,82.0,32.4,91.1,73.8,16.0
EVT_00145,14.2,2279.3,0.0,2.9,64.2,30.0,63.3,62.4,91.4,80.3,0.0
EVT_01681,20.73,925.4,0.0,2.3,48.5,28.2,55.1,28.6,81.3,92.0,24.0
EVT_00472,21.49,891.0,0.0,7.5,45.3,20.2,54.1,1.1,94.1,70.0,46.0
EVT_01752,18.04,1860.2,5.0,72.8,52.1,37.8,66.7,26.0,90.1,69.7,20.0
EVT_00490,3.22,1089.2,0.0,0.5,43.4,17.9,71.2,9.4,74.4,77.3,13.0
EVT_01014,10.7,2281.5,3.63,43.8,57.0,25.0,55.9,94.3,93.1,88.1,22.0
EVT_00117,4.04,1343.4,0.0,4.6,52.9,26.9,53.0,34.6,81.1,100.0,24.0
EVT_00254,17.46,2170.2,0.78,45.6,61.3,36.7,62.3,27.5,82.9,84.1,0.0
EVT_01762,19.93,1014.4,0.58,55.4,54.8,28.1,81.6,29.2,87.5,82.7,54.0
EVT_01244,15.98,2196.8,0.0,14.2,54.0,28.4,53.1,55.1,83.1,82.1,24.0
EVT_00286,9.48,1661.2,6.77,62.3,61.7,28.7,70.6,82.5,82.3,,6.0
EVT_01230,21.24,981.6,0.0,2.0,56.1,25.4,59.7,9.3,89.2,91.0,33.0
EVT_00682,20.72,1255.2,0.0,1.4,67.8,29.0,70.9,9.3,81.7,80.2,80.0
EVT_00370,11.63,2193.6,0.0,9.4,50.4,30.1,68.1,65.2,83.9,98.4,22.0
EVT_01571,2.64,1289.9,0.0,13.8,,14.4,61.2,16.4,70.5,73.6,20.0
EVT_01461,10.84,2723.5,0.0,2.1,56.2,27.7,76.6,74.8,82.5,100.0,120.0
EVT_01806,2.56,1195.7,0.0,19.0,58.8,22.3,,15.5,79.4,82.1,35.0
EVT_01080,9.61,1919.2,0.0,5.2,43.7,23.3,61.5,69.1,100.0,82.7,63.0
EVT_00810,22.64,1306.3,0.0,4.1,41.8,20.0,60.0,29.4,78.3,76.5,8.0
EVT_00782,18.08,2452.5,0.0,4.6,56.5,31.9,58.0,19.8,92.6,96.2,69.0
EVT_00617,23.25,781.9,0.57,60.5,46.1,21.0,75.9,20.8,77.8,75.5,24.0
EVT_01018,23.28,1189.1,1.89,34.8,54.4,21.1,75.7,23.6,85.8,89.6,6.0
EVT_01862,18.46,1840.6,1.27,28.6,56.7,33.1,61.6,11.3,76.1,100.0,0.0
EVT_00232,18.54,1637.7,8.74,64.4,61.9,28.4,84.1,23.5,83.4,67.5,
EVT_01163,18.29,2078.9,5.24,49.4,60.1,27.5,80.6,30.8,93.6,91.6,22.0
EVT_00593,17.69,1838.2,2.62,24.2,59.2,32.8,63.4,57.3,83.1,79.0,0.0
EVT_00686,12.41,2505.1,0.0,5.6,57.0,27.7,46.4,87.7,79.1,94.2,20.0
EVT_00199,23.69,1057.2,0.0,1.4,48.7,29.3,53.8,25.8,90.2,89.5,0.0
EVT_00333,15.95,2143.0,0.45,11.9,51.2,36.1,58.4,70.3,73.7,74.5,21.0
EVT_01776,14.84,2003.3,2.72,23.6,48.3,29.4,53.5,54.6,95.8,100.0,73.0
EVT_00085,18.07,2403.6,0.0,0.9,56.9,27.6,49.3,34.3,80.2,92.7,60.0
EVT_00292,9.79,1609.7,0.0,11.1,60.4,27.0,58.3,72.0,91.3,86.3,58.0
EVT_01645,12.71,2118.8,0.0,24.0,62.7,37.0,58.7,76.0,82.5,92.4,43.0
EVT_00884,12.92,2249.6,1.59,28.0,57.2,29.7,58.5,72.0,100.0,87.0,49.0
EVT_00569,20.51,726.4,0.0,1.1,52.2,19.2,75.3,18.1,91.0,90.4,56.0
EVT_00973,20.07,1246.3,0.0,4.9,56.1,32.7,,29.1,89.0,94.5,53.0
EVT_00916,16.17,2467.9,0.0,1.4,51.0,27.8,60.1,36.1,75.3,85.9,45.0
EVT_00875,15.67,1765.4,,6.8,54.5,23.6,61.6,71.0,80.6,80.6,18.0
EVT_00325,11.94,1346.2,12.28,72.4,64.2,25.9,84.2,77.0,90.7,67.4,25.0
EVT_00089,3.56,1159.2,0.0,1.8,41.8,23.3,55.9,18.1,80.8,100.0,22.0
EVT_00338,14.31,1215.1,0.0,13.0,48.5,32.8,55.4,74.7,90.5,99.0,29.0
EVT_01238,19.45,779.1,0.0,9.4,56.2,31.2,71.1,21.0,77.8,77.7,117.0
EVT_00276,7.89,1880.1,0.0,7.4,63.9,27.0,54.5,28.7,94.1,91.9,41.0
EVT_00840,10.95,2609.4,0.0,0.2,60.9,29.4,66.9,80.8,82.2,90.6,21.0
EVT_01008,4.2,1410.0,0.0,60.0,54.4,17.7,62.6,29.3,84.0,74.8,29.0
EVT_00494,17.12,2248.0,0.0,15.1,49.0,33.6,55.2,78.8,80.5,100.0,19.0
EVT_00075,6.15,1495.1,0.0,11.8,47.4,26.7,52.2,47.0,85.8,73.1,59.0
EVT_01414,4.91,978.2,4.57,61.6,60.6,24.7,68.9,34.8,80.0,,0.0
EVT_00631,15.51,2320.6,0.0,2.6,55.9,36.8,59.8,93.7,86.4,100.0,26.0
EVT_00846,13.71,1850.5,5.84,59.4,57.6,33.0,71.6,72.6,86.4,77.5,8.0
EVT_01738,18.24,2187.0,2.4,51.0,64.6,27.2,69.1,30.2,81.3,89.5,75.0
EVT_01939,17.96,1008.5,11.74,85.2,58.7,31.3,77.7,29.3,70.6,64.7,35.0
EVT_01603,23.14,587.7,0.0,2.0,57.3,20.1,53.3,1.1,88.2,62.7,72.0
EVT_01911,8.81,1823.1,0.0,10.8,70.0,27.0,58.4,51.1,85.0,97.8,36.0
EVT_00803,13.33,2204.1,6.75,58.9,59.9,28.1,73.3,74.4,96.1,88.6,44.0
EVT_01277,6.35,2386.7,0.0,1.7,59.2,19.4,77.2,16.9,86.2,98.9,23.0
EVT_01767,16.93,2615.7,0.0,0.6,52.4,31.0,76.4,58.6,84.5,99.5,56.0
EVT_00849,7.31,2743.5,0.0,5.2,53.3,32.1,62.1,31.8,84.5,100.0,26.0
EVT_01352,16.82,2242.0,0.57,43.0,59.6,33.2,63.9,55.2,72.3,76.1,15.0
EVT_00851,7.77,2157.0,0.0,11.8,60.2,23.2,55.5,62.1,89.5,76.3,26.0
EVT_00662,22.47,1461.3,0.0,13.2,45.8,24.8,49.1,26.6,87.9,63.8,14.0
EVT_01249,5.08,1387.4,0.0,8.0,43.6,23.0,71.6,12.9,88.0,74.7,37.0
EVT_00237,15.89,2171.5,0.0,2.1,52.3,28.1,74.0,67.9,100.0,87.4,16.0
EVT_01334,6.75,2433.9,0.0,5.7,57.3,25.8,74.3,53.0,84.6,81.8,23.0
EVT_00946,8.57,1883.8,0.0,0.6,58.3,22.6,48.4,70.2,85.3,88.6,3.0
EVT_00465,6.99,1773.6,5.35,56.5,63.6,21.3,76.3,38.4,87.9,82.5,74.0
EVT_00418,7.95,2268.4,0.0,7.2,64.7,25.3,61.3,44.7,75.7,100.0,18.0
EVT_00420,21.67,777.1,2.84,35.1,55.3,23.4,75.1,17.7,83.8,95.9,3.0
EVT_01308,6.38,2207.3,6.58,22.1,,23.1,73.1,25.5,79.9,87.4,8.0
EVT_00564,14.61,1957.4,0.0,9.9,58.9,29.5,59.5,46.7,77.4,99.4,20.0
EVT_01510,6.55,2035.0,0.0,4.7,56.0,,71.1,36.2,79.4,87.4,82.0
EVT_01818,1.31,617.4,0.0,2.9,55.3,21.9,74.8,0.0,88.9,88.5,0.0
EVT_00042,9.53,1567.7,9.42,74.7,62.9,24.2,83.1,70.9,92.0,68.1,100.0
EVT_00791,21.07,1043.3,0.0,3.9,52.5,25.5,66.6,23.3,86.7,95.1,114.0
EVT_01390,19.26,921.5,0.0,6.4,67.8,27.5,71.9,16.6,88.4,79.6,31.0
EVT_01071,14.68,1852.2,0.0,17.9,52.0,34.2,57.8,60.8,87.2,89.9,9.0
EVT_00462,19.41,1345.2,0.0,1.6,48.8,27.6,77.2,9.7,78.7,75.0,66.0
EVT_01457,11.92,1715.8,0.0,7.1,57.1,32.9,61.0,81.9,81.5,87.4,87.0
EVT_00483,18.53,1233.7,,76.3,74.6,28.6,89.5,34.6,76.8,66.4,45.0
EVT_01514,18.13,1743.5,0.0,6.0,55.6,29.4,63.7,43.7,89.5,92.8,22.0
EVT_00893,0.24,1105.4,2.72,39.5,49.2,21.0,64.9,28.6,93.9,87.4,0.0
EVT_00834,11.59,2085.4,0.0,16.8,,30.1,63.5,98.9,88.9,90.0,9.0
EVT_01896,3.67,1059.8,5.17,42.6,66.6,18.1,68.7,25.1,85.9,60.8,14.0
EVT_D0026,14.27,2201.1,0.0,32.0,60.3,32.5,57.9,67.0,82.3,94.6,
EVT_00914,23.35,1209.0,,0.9,46.6,23.9,63.7,18.1,88.2,93.5,0.0
EVT_01166,9.06,1936.2,4.29,59.1,50.5,31.4,71.0,62.1,90.8,77.6,72.0
EVT_01680,22.24,1177.9,0.0,1.1,59.6,25.0,37.0,11.0,87.3,88.5,35.0
EVT_00307,8.47,1756.8,6.63,52.6,62.2,25.7,79.5,89.8,90.6,88.4,18.0
EVT_01081,0.53,984.6,0.0,1.5,54.8,23.5,59.4,21.2,83.6,87.4,17.0
EVT_01488,20.33,755.9,4.53,36.2,59.4,30.2,68.1,13.1,73.3,80.8,39.0
EVT_D0008,5.41,900.7,0.0,8.1,45.2,29.0,56.7,13.0,87.8,92.6,10.0
EVT_00417,0.64,1023.6,,5.3,48.3,26.4,76.0,28.7,88.5,97.8,20.0
EVT_01956,13.72,2147.0,0.0,0.2,44.5,30.9,55.5,84.2,93.2,88.9,1.0
EVT_01016,12.21,1980.0,2.76,52.1,59.3,29.6,73.8,83.9,96.5,78.3,51.0
EVT_00268,5.64,603.3,0.0,7.8,49.8,24.9,60.8,33.7,77.6,78.3,11.0
EVT_00408,9.77,2588.3,0.0,2.3,65.3,25.3,74.0,88.2,79.1,97.2,83.0
EVT_00827,11.32,1470.7,3.66,43.7,54.1,23.6,77.4,95.9,83.0,96.6,9.0
EVT_00866,12.11,2055.7,0.0,13.7,61.2,28.1,65.8,83.0,91.1,100.0,92.0
EVT_00802,15.65,1694.7,5.18,52.4,60.5,29.5,84.3,73.8,82.3,69.0,58.0
EVT_01723,9.42,2102.4,1.33,43.0,49.8,24.4,61.3,75.3,78.0,77.6,44.0
EVT_01153,4.46,714.6,0.0,10.6,54.5,22.2,57.8,14.5,88.8,91.5,0.0
EVT_01877,14.69,2270.3,0.0,20.5,55.8,33.7,64.7,66.1,78.8,95.9,38.0
EVT_00635,19.96,808.3,0.0,5.2,47.5,29.5,73.8,16.2,68.3,74.6,10.0
EVT_00972,19.81,-5161.43,8.93,41.4,59.2,28.6,80.4,33.2,88.8,69.3,39.0
EVT_00622,21.08,1307.6,5.59,49.9,,24.0,79.2,24.1,91.4,75.5,36.0
EVT_01988,13.66,2002.2,2.0,34.2,58.9,33.4,57.1,68.3,90.0,83.1,
EVT_00721,7.48,1451.3,14.52,,79.9,13.9,81.1,43.7,94.7,69.6,106.0
EVT_01843,5.21,1056.8,8.14,45.6,71.0,20.9,83.4,26.6,76.7,71.9,56.0
EVT_01373,16.79,1845.0,1.48,,53.5,23.9,66.2,61.7,89.4,88.3,29.0
EVT_00964,13.62,2202.1,1.0,45.6,61.1,32.4,61.3,72.9,87.3,72.0,28.0
EVT_00658,18.83,1604.3,0.0,3.6,56.2,28.2,64.7,22.4,75.4,88.8,62.0
EVT_00476,15.0,2096.9,0.0,,47.8,30.7,52.3,75.1,87.3,73.5,14.0
EVT_00872,3.14,824.9,1.03,38.1,49.9,17.9,75.4,26.8,90.1,77.5,17.0
EVT_01408,0.1,884.8,0.0,5.1,,21.8,59.5,23.7,89.4,78.7,0.0
EVT_01942,9.34,2012.1,0.0,9.9,54.2,24.6,67.6,48.9,74.8,100.0,45.0
EVT_01994,7.47,2003.1,0.0,6.2,64.4,29.1,55.1,47.1,86.0,90.1,7.0
EVT_00800,20.28,649.5,6.36,41.9,60.7,23.2,91.8,24.2,93.0,78.3,0.0
EVT_00273,6.09,688.3,0.0,6.0,43.9,20.3,62.6,23.4,95.3,84.7,8.0
EVT_01831,6.08,614.6,1.69,46.6,59.4,25.3,63.8,19.9,83.3,74.8,22.0
EVT_00645,7.2,1677.0,7.17,48.4,44.8,20.8,79.0,44.3,90.2,82.3,27.0
EVT_00163,11.87,2355.6,0.0,6.1,50.9,40.0,49.3,82.9,74.8,92.1,29.0
EVT_00513,17.9,2302.4,0.0,7.7,58.3,32.9,55.3,32.5,90.3,88.9,41.0
EVT_00009,3.15,844.3,0.0,,52.3,15.5,63.3,23.5,95.0,78.7,56.0
EVT_00999,17.34,1771.1,7.89,63.2,65.4,25.4,99.4,40.6,92.2,79.1,43.0
EVT_01965,7.58,2070.7,0.0,34.3,52.1,21.7,68.5,39.5,91.0,97.9,79.0
EVT_00449,7.49,1643.8,8.88,38.8,60.1,16.5,78.9,55.6,85.7,81.6,47.0
EVT_01580,17.3,1412.9,6.67,29.0,50.2,32.9,70.7,44.6,77.7,87.1,43.0
EVT_01714,12.27,2144.2,0.0,4.2,56.2,30.8,72.4,73.0,86.7,95.6,43.0
EVT_00536,7.24,2141.0,0.75,38.8,60.4,16.4,83.5,49.9,80.4,77.2,15.0
EVT_00440,20.89,1327.6,0.0,5.7,55.7,31.8,75.7,29.6,97.6,70.5,42.0
EVT_00954,18.28,2603.2,0.0,0.3,62.9,35.4,68.8,51.3,86.3,88.6,66.0
EVT_00897,4.95,1208.2,0.0,0.8,51.7,22.1,66.5,38.8,87.9,78.4,14.0
EVT_00040,12.39,2038.8,0.41,29.6,69.7,30.7,66.7,83.3,89.3,85.4,126.0
EVT_01134,3.9,687.3,0.0,1.2,44.4,24.0,80.7,,79.5,86.4,0.0
EVT_01914,9.09,1910.0,0.0,17.6,63.7,22.1,75.7,59.8,85.1,93.2,78.0
EVT_00239,17.35,1643.8,4.0,40.8,51.8,34.4,65.5,64.0,85.3,81.5,36.0
EVT_01851,16.17,2020.0,0.92,60.6,72.8,28.6,74.3,71.8,96.3,93.6,129.0
EVT_00493,6.6,2351.1,0.0,14.1,54.2,21.0,43.6,47.5,91.9,84.6,93.0
EVT_01834,22.22,703.5,0.0,9.2,57.6,22.7,70.3,10.8,87.1,85.0,
EVT_00034,7.19,229.0,28.38,74.7,69.2,17.3,100.0,36.3,77.0,59.1,45.0
EVT_00037,17.8,2206.9,0.0,4.6,54.5,30.2,58.0,35.9,87.7,97.1,43.0
EVT_01575,9.24,2228.0,0.0,4.9,61.5,23.2,73.0,50.7,88.2,98.6,38.0
EVT_01381,13.33,2299.6,0.0,0.5,45.7,23.7,75.2,70.1,84.2,100.0,6.0
EVT_00784,18.61,1617.0,0.0,3.4,59.8,32.5,52.3,27.2,87.8,89.1,16.0
EVT_00547,19.72,1479.8,0.0,,63.1,35.6,50.7,37.0,72.5,85.1,26.0
EVT_00458,14.02,1697.5,7.32,54.1,52.7,29.1,64.7,80.2,82.5,78.5,38.0
EVT_01936,5.13,947.6,0.0,17.6,55.8,21.6,74.6,25.7,97.3,90.6,48.0
EVT_01360,14.85,1531.2,5.84,30.4,79.7,,86.8,58.5,88.0,86.6,59.0
EVT_01737,10.37,2102.9,3.31,55.3,47.0,34.0,78.5,54.4,90.9,69.6,11.0
EVT_01105,20.74,815.6,0.0,10.4,48.7,21.4,67.1,20.3,93.5,75.6,15.0
EVT_00347,20.0,713.6,0.0,19.7,47.0,34.2,61.9,29.6,90.0,85.4,32.0
EVT_00038,11.07,1946.5,4.57,50.4,55.6,28.4,72.8,88.7,85.6,72.9,47.0
EVT_01589,21.13,1203.5,0.0,5.0,69.0,27.6,39.3,37.0,94.7,70.3,57.0
EVT_01025,11.98,,0.0,17.4,,28.1,64.0,80.3,72.9,100.0,85.0
EVT_00757,13.19,1350.6,11.96,65.3,51.7,31.9,78.3,76.4,75.4,58.0,20.0
EVT_01194,17.62,1425.6,3.76,33.9,63.4,25.8,78.0,33.3,71.2,72.4,33.0
EVT_01702,19.5,941.3,0.0,2.8,50.3,26.0,65.3,34.0,67.3,83.9,47.0
EVT_01917,16.71,2180.2,0.0,21.3,47.5,32.7,67.3,44.4,82.7,95.8,91.0
EVT_01189,20.64,545.3,18.66,72.7,60.4,24.4,99.6,33.2,67.5,64.1,7.0
EVT_00610,15.08,2692.1,0.0,1.6,61.6,30.7,52.7,58.9,80.8,100.0,45.0
EVT_00313,18.08,2342.9,0.0,24.9,50.5,31.5,59.7,36.8,91.6,82.6,89.0
EVT_01357,19.35,828.2,0.0,8.7,50.4,29.3,56.1,40.4,86.6,80.3,16.0
EVT_01593,17.92,1811.9,0.0,50.3,70.5,26.3,74.2,36.1,82.2,,56.0
EVT_01511,14.74,1863.3,0.0,3.3,64.0,26.9,66.8,93.5,99.7,58.7,51.0
EVT_01380,18.74,2192.2,,17.2,62.3,33.4,56.3,33.1,68.3,100.0,73.0
EVT_01832,18.14,1842.9,0.69,35.0,48.0,26.7,66.9,46.3,86.1,72.9,0.0
EVT_01315,12.82,2132.8,0.0,5.6,,34.4,67.8,71.1,85.8,86.0,27.0
EVT_00544,10.59,2251.0,1.13,25.3,62.0,29.5,63.3,72.6,78.9,100.0,18.0
EVT_00184,4.73,1252.4,0.0,21.6,45.6,24.9,74.8,,97.2,92.6,41.0
EVT_01377,6.08,690.6,0.42,68.3,53.2,19.3,75.2,29.2,95.6,82.8,20.0
EVT_01191,14.16,2534.2,0.0,13.2,67.1,33.4,64.4,66.9,77.8,87.4,3.0
EVT_01573,7.25,2178.2,3.26,41.2,62.4,24.8,75.0,54.0,86.4,70.0,96.0
EVT_01283,10.6,1476.7,10.78,61.9,67.3,24.8,87.6,75.1,86.9,87.7,
EVT_00076,10.13,1472.7,4.48,40.3,44.7,24.6,74.3,63.3,92.8,70.1,43.0
EVT_00393,18.41,2061.5,5.43,25.7,63.7,27.2,69.6,38.0,93.3,96.3,35.0
EVT_01521,13.9,2612.7,0.0,20.4,55.8,30.3,69.5,61.5,94.2,82.8,32.0
EVT_00806,5.01,884.5,1.16,40.5,55.3,22.8,75.2,18.2,77.6,,10.0
EVT_00094,18.75,2110.7,0.0,0.4,56.7,29.4,68.2,17.0,72.2,73.7,53.0
EVT_00162,10.33,1068.7,15.82,64.2,72.1,23.5,97.2,68.0,79.0,67.6,42.0
EVT_00332,0.56,1540.0,0.0,5.8,55.0,20.6,68.6,7.6,88.4,72.4,12.0
EVT_01618,17.24,2498.2,0.27,29.1,66.3,25.5,74.5,,73.1,87.3,51.0
EVT_00959,9.62,2258.0,0.0,4.2,59.3,23.0,77.7,88.0,92.7,91.9,103.0
EVT_01143,9.63,2507.2,0.0,34.0,59.4,25.5,57.6,70.9,90.4,95.4,15.0
EVT_01727,19.26,1018.5,0.0,3.3,50.8,33.0,41.5,31.3,95.0,82.4,40.0
EVT_00154,22.65,968.5,0.0,17.0,54.3,20.9,53.1,15.1,91.7,100.0,22.0
EVT_01479,9.94,2481.5,0.0,12.3,58.3,23.8,68.0,46.2,83.5,88.1,4.0
EVT_00082,13.29,2172.6,0.0,7.4,53.5,32.4,67.9,81.3,100.0,87.2,24.0
EVT_00036,13.01,1825.2,7.16,70.5,63.9,31.2,85.1,84.2,83.3,77.5,59.0
EVT_00901,10.57,2880.7,0.0,12.4,57.6,29.5,61.2,97.9,97.8,83.5,0.0
EVT_D0023,6.64,2220.1,0.0,12.4,54.4,26.5,66.8,21.3,61.7,77.4,35.0
EVT_01541,18.18,2100.4,0.0,3.2,49.9,24.2,73.3,18.2,88.4,94.3,36.0
EVT_01665,11.28,2004.2,0.0,9.6,51.7,30.1,58.3,76.8,96.9,90.9,20.0
EVT_01159,12.97,2011.4,0.0,5.7,57.8,32.6,47.6,63.7,94.0,100.0,38.0
EVT_00336,3.94,1229.9,0.0,,48.3,27.0,58.4,23.8,81.7,80.2,8.0
EVT_00091,8.66,1447.6,0.97,32.9,48.3,26.4,59.7,48.8,82.7,84.1,0.0
EVT_00125,23.02,1186.9,0.0,26.1,56.2,22.2,68.6,28.6,92.8,84.5,11.0
EVT_01171,8.48,1652.8,7.07,51.3,59.7,26.2,84.0,58.9,78.0,89.3,7.0
EVT_01432,5.34,344.5,20.45,68.8,49.9,17.7,100.0,36.1,95.5,43.1,10.0
EVT_01844,6.81,1877.8,0.0,1.8,54.5,23.5,48.0,35.7,74.5,95.0,65.0
EVT_01272,20.9,806.0,2.12,57.9,64.7,22.1,74.1,20.0,79.6,81.4,10.0
EVT_01011,23.51,1036.3,0.0,11.6,46.8,25.7,62.6,20.9,93.6,82.5,14.0
EVT_D0030,23.03,586.2,11.0,58.8,64.2,18.8,,15.3,92.7,62.3,36.0
EVT_00891,16.86,1796.0,2.27,48.5,49.5,32.2,58.3,57.8,86.0,91.2,76.0
EVT_00844,21.14,1049.3,8.66,56.9,52.1,23.3,73.7,33.6,78.9,70.0,9.0
EVT_01203,8.97,2638.3,0.0,5.8,51.1,25.7,61.2,60.6,78.1,99.5,32.0
EVT_00305,18.18,1058.7,18.13,90.1,74.5,29.5,87.5,38.1,73.3,54.9,13.0
EVT_00025,6.57,2507.8,0.0,5.5,67.3,21.6,51.5,35.1,79.2,87.9,10.0
EVT_00492,23.62,853.1,,2.6,50.6,19.5,76.3,25.8,77.5,80.6,32.0
EVT_00443,8.14,2354.9,0.0,37.3,52.4,26.8,59.5,61.6,89.1,84.2,102.0
EVT_00407,10.94,1907.2,0.0,1.4,59.6,29.6,65.6,81.5,79.4,87.4,78.0
EVT_01725,15.57,2576.8,0.0,0.2,53.7,39.0,55.7,58.7,81.7,98.1,34.0
EVT_01502,18.75,2330.2,,52.1,58.9,32.8,80.3,,91.4,73.6,19.0
EVT_00344,12.14,1381.1,7.12,39.1,52.6,23.0,63.1,69.7,88.6,79.3,13.0
EVT_01852,16.27,2660.7,1.88,51.6,61.3,28.1,62.8,62.3,94.8,82.1,40.0
EVT_00221,10.34,2494.4,0.0,28.9,59.7,21.6,56.0,83.3,65.2,99.0,31.0
EVT_00825,9.92,1597.2,0.0,10.2,61.9,26.8,59.7,69.1,87.3,93.2,28.0
EVT_01559,6.18,765.2,0.0,1.8,46.9,22.7,70.2,42.9,67.8,78.8,28.0
EVT_00209,10.24,1899.1,0.0,4.1,,,53.9,76.1,87.3,100.0,15.0
EVT_01519,9.15,2217.7,3.78,43.4,67.8,23.5,73.2,63.8,84.3,71.9,17.0
EVT_D0002,14.2,2279.3,0.0,2.9,64.2,30.0,63.3,62.4,91.4,80.3,0.0
EVT_00704,15.47,1782.9,7.72,43.7,65.9,31.7,57.4,63.7,79.5,80.3,99.0
EVT_00563,10.3,1766.1,5.77,40.3,59.0,28.0,77.0,82.4,79.7,88.9,80.0
EVT_00674,22.87,833.6,0.5,64.0,61.2,19.8,80.3,40.4,85.8,89.6,29.0
EVT_00181,15.52,1457.5,4.47,60.2,40.2,27.2,83.1,69.3,87.4,68.8,10.0
EVT_00636,18.92,1979.9,0.35,38.1,44.4,32.5,70.6,22.7,83.2,71.7,62.0
EVT_01173,19.07,1352.5,0.13,42.1,54.7,31.2,68.7,28.5,68.4,82.2,16.0
EVT_00975,13.42,2031.0,0.0,1.0,60.5,31.1,55.5,75.2,89.0,84.1,39.0
EVT_01815,2.56,1075.3,4.2,47.9,48.5,23.7,73.4,32.5,97.6,87.3,24.0
EVT_01002,23.26,1089.6,2.69,50.9,61.7,22.7,60.8,22.7,90.9,85.7,
EVT_01530,2.04,722.0,4.44,,54.0,24.1,82.6,21.0,93.0,74.2,27.0
EVT_00140,9.09,2014.1,0.0,3.7,68.5,,59.8,48.5,80.3,75.2,33.0
EVT_00879,11.15,1779.3,0.0,0.9,52.0,29.7,62.8,81.6,67.9,92.6,65.0
EVT_01919,19.5,1340.1,0.0,14.8,38.8,29.7,65.9,15.9,86.2,82.8,0.0
EVT_01123,10.37,2624.2,0.0,28.1,59.3,33.6,67.3,67.4,95.5,86.3,38.0
EVT_01292,14.31,1874.5,0.0,1.8,61.4,31.6,50.4,75.9,79.9,73.9,32.0
EVT_01300,19.12,710.3,0.0,10.2,60.5,39.0,45.0,22.6,88.2,89.5,42.0
EVT_01370,19.32,1146.2,0.0,14.5,53.9,31.5,48.8,31.4,84.1,91.5,26.0
EVT_01754,22.95,741.5,0.0,21.4,49.3,28.2,,18.2,68.8,71.6,23.0
EVT_01028,8.54,2426.1,0.0,60.0,56.1,25.7,74.0,66.9,87.2,77.2,74.0
EVT_01451,19.88,830.3,0.0,2.3,44.3,23.1,,10.2,94.4,87.3,0.0
EVT_01365,22.64,712.0,2.58,23.8,,24.1,71.0,33.9,89.6,68.2,4.0
EVT_01968,4.58,1323.7,0.0,28.1,50.0,22.8,65.5,,82.6,,6.0
EVT_01427,16.82,2293.2,0.19,31.4,54.4,29.7,55.3,55.7,84.1,100.0,48.0
EVT_01389,8.44,2225.1,0.0,4.6,64.4,24.7,57.2,70.5,90.6,87.5,106.0
EVT_01957,18.11,2098.3,0.0,4.4,57.6,23.5,74.4,16.3,83.8,83.0,23.0
EVT_01418,16.87,786.8,14.53,66.9,53.9,25.3,80.2,48.8,86.3,76.8,0.0
EVT_01350,7.99,2243.2,3.89,38.5,58.2,23.4,63.4,47.1,83.2,82.6,37.0
EVT_00308,0.46,978.9,0.0,12.6,48.6,23.2,68.9,0.0,100.0,89.0,15.0
EVT_01228,10.57,2635.5,0.0,7.2,48.7,33.6,56.7,99.3,95.8,88.8,71.0
EVT_01382,8.34,2648.9,0.0,9.2,62.7,23.0,53.3,39.7,88.3,100.0,116.0
EVT_00755,16.31,1791.6,0.0,13.1,45.3,28.8,54.3,74.8,100.0,89.4,43.0
EVT_01506,14.3,2766.1,0.0,3.8,62.8,32.0,42.9,79.9,88.0,98.6,24.0
EVT_01406,9.08,,6.49,43.2,55.8,21.2,62.0,65.8,71.8,88.2,46.0
EVT_00069,17.83,1078.7,14.35,53.9,62.4,23.7,97.2,45.6,84.2,47.3,25.0
EVT_00459,17.85,1372.4,0.0,3.9,65.6,29.3,59.0,29.3,87.3,86.4,86.0
EVT_01404,7.21,2672.3,0.0,9.0,53.9,31.4,54.8,52.2,99.5,81.8,12.0
EVT_00134,9.43,2341.2,0.0,4.9,61.9,27.7,77.9,57.9,87.5,83.6,115.0
EVT_00700,7.36,2552.2,1.23,19.8,47.0,16.7,62.2,39.5,97.6,86.6,77.0
EVT_00743,8.9,2608.4,3.69,46.4,57.1,26.4,91.4,49.5,82.9,78.1,
EVT_01523,22.62,775.5,1.81,47.6,59.3,18.5,67.2,13.2,87.4,75.1,24.0
EVT_01867,1.56,1022.5,0.0,10.2,49.7,22.5,52.7,17.5,85.7,79.7,62.0
EVT_01253,10.0,2086.3,0.0,24.9,53.8,25.1,86.2,63.9,78.6,89.6,36.0
EVT_00301,17.61,2385.7,0.0,6.3,59.8,26.5,51.7,48.0,87.9,99.8,80.0
EVT_00144,17.35,1869.7,2.63,59.5,66.4,32.0,67.6,39.7,84.7,67.0,39.0
EVT_01314,3.34,867.5,0.0,,56.3,15.6,59.2,22.0,86.4,85.7,94.0
EVT_01198,19.89,882.4,1.91,50.0,43.4,27.6,72.8,41.7,83.6,73.1,74.0
EVT_00832,6.19,806.6,2.06,53.7,57.3,20.5,82.6,20.8,85.8,71.5,20.0
EVT_01977,5.8,853.7,0.11,35.0,58.0,27.2,70.5,17.1,81.4,85.6,22.0
EVT_01375,9.72,1780.5,8.11,60.0,71.7,21.6,77.6,82.1,80.7,75.9,66.0
EVT_00744,22.89,362.9,21.52,89.1,67.3,15.9,,5.9,82.6,77.8,43.0
EVT_00942,12.7,1926.6,1.05,39.3,67.9,33.3,81.6,86.9,87.0,92.8,102.0
EVT_01319,14.26,2048.1,2.42,27.9,61.3,35.2,78.3,81.1,91.9,89.5,15.0
EVT_01799,10.71,1509.6,8.6,46.2,70.0,21.8,66.8,66.1,82.5,70.1,105.0
EVT_01658,8.57,1956.4,0.0,4.9,48.8,26.5,69.5,76.1,74.4,88.4,45.0
EVT_01276,20.02,705.3,3.77,62.1,60.5,31.0,90.2,1.5,90.5,48.1,52.0
EVT_00202,16.67,2133.4,0.0,4.2,64.9,34.9,44.9,52.3,77.9,96.1,24.0
EVT_00965,7.13,1720.3,6.28,24.2,55.4,22.4,87.5,62.2,92.8,,2.0
EVT_00361,3.22,857.3,0.0,4.6,45.7,14.1,76.3,2.0,80.0,85.2,76.0
EVT_00838,18.43,2015.3,0.0,22.9,56.4,28.5,62.9,24.6,95.8,87.3,91.0
EVT_01850,7.94,1777.6,2.59,46.8,65.4,22.9,68.4,35.6,93.9,77.6,0.0
EVT_01455,13.24,2093.9,0.0,2.0,58.5,31.2,54.7,70.5,74.3,88.2,29.0
EVT_01174,16.65,1909.3,0.0,1.1,65.4,35.6,59.1,65.8,75.8,86.5,32.0
EVT_00248,20.09,981.6,,0.3,66.4,21.7,80.3,12.9,85.0,82.2,
EVT_01255,17.73,2182.6,0.0,11.1,62.9,30.3,54.7,37.0,89.5,79.0,74.0
EVT_00427,4.52,557.2,5.11,41.3,67.8,21.9,77.5,25.9,91.5,67.7,90.0
EVT_00214,16.13,1778.3,0.0,,46.6,26.2,56.2,57.0,88.9,94.8,28.0
EVT_00836,9.11,1658.5,0.0,5.9,53.8,28.9,61.2,70.1,91.6,83.8,65.0
EVT_00240,1.32,776.6,0.38,32.7,55.7,21.1,82.8,37.8,85.9,76.1,29.0
EVT_00377,6.85,2015.1,1.97,39.8,54.6,21.1,75.0,23.2,82.3,82.9,64.0
EVT_00253,8.68,2435.4,0.0,18.5,48.6,24.7,66.6,71.9,77.5,92.8,0.0
EVT_00464,7.26,1578.1,11.19,52.6,64.2,23.5,81.5,37.8,79.9,59.5,60.0
EVT_00061,11.51,2382.9,0.0,1.0,45.0,32.0,65.3,79.5,83.1,93.2,14.0
EVT_01131,23.75,970.3,5.7,33.9,58.2,20.9,75.4,36.1,88.3,87.3,28.0
EVT_00961,16.86,1733.7,3.0,39.4,53.7,22.7,86.5,45.9,87.9,71.4,52.0
EVT_00161,22.61,1069.1,0.18,41.2,42.2,25.1,82.4,24.3,83.1,86.5,17.0
EVT_00774,23.1,830.9,4.23,43.7,59.9,21.3,73.6,30.6,78.7,65.1,43.0
EVT_01237,21.69,1045.1,5.68,46.9,52.6,24.4,73.9,2.2,80.2,92.0,29.0
EVT_00713,6.52,1557.5,9.92,78.5,61.2,22.9,95.6,45.8,84.5,52.9,71.0
EVT_01301,3.07,841.5,0.0,12.2,53.3,24.4,67.2,12.2,81.9,66.9,35.0
EVT_01805,13.4,1228.7,14.35,72.6,59.5,26.1,86.8,100.0,90.3,60.3,9999.0
EVT_01565,13.32,2059.5,0.84,29.6,51.6,31.8,71.9,99.9,84.1,100.0,62.0
EVT_00574,8.72,1883.1,0.67,43.9,53.7,29.5,81.9,51.3,80.5,88.0,99.0
EVT_01092,12.81,2530.7,0.0,0.5,56.1,24.1,60.3,91.0,80.1,98.6,58.0
EVT_00657,13.28,2384.1,0.16,13.7,52.2,29.7,74.7,92.3,91.0,87.9,10.0
EVT_01796,8.46,1951.7,3.98,49.1,55.9,26.7,87.8,57.7,70.8,79.2,20.0
EVT_00906,8.76,2198.6,0.1,26.6,63.1,26.9,51.4,53.9,84.4,86.8,60.0
EVT_00678,19.33,750.7,0.9,28.6,49.2,35.0,57.2,14.7,78.3,80.7,28.0
EVT_01054,14.66,2039.3,0.0,4.3,54.4,27.2,62.0,84.5,89.6,86.5,45.0
EVT_00887,3.04,628.6,0.0,1.3,49.6,14.6,75.3,31.7,81.2,95.6,50.0
EVT_01325,8.33,1935.5,0.0,11.4,67.9,18.7,69.1,50.7,86.0,78.7,48.0
EVT_00454,9.84,2169.5,1.96,49.0,55.9,31.0,63.9,82.9,81.3,,42.0
EVT_01807,9.45,2926.6,0.0,20.4,55.5,28.6,55.9,62.7,76.4,86.4,20.0
EVT_00988,22.75,1467.7,,27.6,48.8,21.4,76.8,1.7,79.8,65.4,15.0
EVT_01522,9.95,1894.3,0.86,22.4,53.3,31.0,75.2,60.7,78.1,90.3,23.0
EVT_00751,8.18,2094.0,0.2,39.5,59.3,20.2,69.0,63.3,93.4,90.0,75.0
EVT_00994,12.03,1507.6,9.22,37.5,76.3,28.1,70.6,100.0,86.5,66.0,26.0
EVT_01052,10.85,1896.3,3.93,43.3,57.7,25.8,62.5,82.5,88.7,64.7,48.0
EVT_00871,8.8,2029.5,0.22,50.5,69.4,21.5,80.8,50.7,79.1,82.3,0.0
EVT_00351,9.7,2049.8,0.0,5.2,54.2,29.2,,73.3,94.5,84.8,12.0
EVT_00745,11.26,2496.5,0.0,0.1,62.3,30.0,68.8,66.8,79.7,89.9,50.0
EVT_00180,17.98,1414.5,10.46,52.9,75.8,27.5,83.7,,80.0,67.7,65.0
EVT_01440,6.6,2533.0,0.0,3.4,46.5,29.1,73.6,23.0,90.3,77.3,41.0
EVT_01675,20.62,1066.3,5.4,49.6,53.7,27.2,83.9,7.1,88.8,86.8,35.0
EVT_01824,22.85,802.7,10.5,61.9,50.7,25.6,74.3,32.3,74.5,61.7,22.0
EVT_00630,21.7,1278.8,2.87,53.0,46.3,19.3,77.6,18.0,91.9,74.7,22.0
EVT_00043,5.98,1212.3,0.0,3.0,53.5,27.9,42.7,4.9,81.9,85.7,38.0
EVT_01013,9.46,1527.2,6.22,54.2,65.7,28.8,74.5,72.0,82.0,72.9,42.0
EVT_01961,23.26,1631.4,0.0,17.8,54.5,22.0,73.1,12.8,83.0,68.6,14.0
EVT_00733,16.77,1701.6,7.81,65.8,67.8,25.0,81.6,48.7,71.2,80.7,70.0
EVT_01227,20.88,1028.6,0.0,7.4,42.4,28.3,59.9,20.9,75.8,80.7,8.0
EVT_01442,6.48,2087.4,0.0,3.5,52.2,21.5,62.9,42.1,94.1,89.9,58.0
EVT_01935,1.75,616.7,9.04,57.5,57.2,16.8,90.3,26.4,82.0,63.5,18.0
EVT_01062,18.63,2697.5,0.0,1.0,55.4,26.1,48.5,22.7,95.5,87.5,50.0
EVT_00203,14.91,1514.3,10.52,69.6,54.1,27.3,82.0,81.6,100.0,57.1,41.0
EVT_01135,16.25,1779.7,3.14,59.8,49.6,32.7,67.5,61.4,81.5,70.6,25.0
EVT_00496,10.25,2305.7,0.0,6.3,63.5,25.1,46.1,85.9,80.5,80.1,60.0
EVT_00428,16.48,1891.9,8.1,37.0,63.7,26.3,95.6,51.2,85.0,84.2,80.0
EVT_D0019,1.44,,0.0,10.3,59.3,22.4,50.8,14.4,71.8,94.0,46.0
EVT_01287,15.87,2466.4,0.0,3.5,54.9,38.2,49.4,62.8,78.6,90.5,27.0
EVT_01817,2.78,911.3,0.2,11.1,52.0,22.1,53.6,3.6,76.2,82.5,30.0
EVT_01873,18.67,1633.0,2.6,36.4,64.2,30.0,45.8,26.0,91.7,85.8,61.0
EVT_01715,5.66,1024.6,0.0,4.8,53.9,21.8,59.7,22.0,93.4,100.0,18.0
EVT_01864,22.49,868.3,0.0,12.9,49.4,23.7,73.3,23.2,82.1,91.0,1.0
EVT_00128,22.5,874.2,0.1,39.1,48.8,18.7,60.8,27.8,98.5,84.3,37.0
EVT_00172,10.2,2243.1,1.22,5.0,56.7,30.2,62.8,89.2,83.8,94.5,15.0
EVT_01933,12.51,2400.9,0.0,,58.6,31.0,59.2,69.4,95.2,95.9,
EVT_01642,7.85,1896.9,0.0,8.0,44.1,27.9,50.4,59.5,82.4,,26.0
EVT_01072,18.19,1652.4,4.47,45.0,48.9,28.8,81.3,30.0,81.9,72.6,36.0
EVT_00046,10.28,2108.2,0.0,1.6,67.6,28.8,67.7,70.2,84.6,85.0,28.0
EVT_01145,17.88,2375.3,0.0,7.2,52.6,29.4,66.7,45.5,69.0,100.0,58.0
EVT_01971,22.92,1410.1,0.0,7.9,53.8,17.3,85.7,20.4,82.7,77.1,27.0
EVT_01920,17.94,2343.1,0.0,24.9,65.9,31.9,60.1,37.5,74.8,93.4,32.0
EVT_00843,19.78,1216.5,,8.5,52.0,31.1,52.2,13.1,85.0,87.4,14.0
EVT_00796,19.9,636.4,0.0,0.9,45.5,30.9,43.3,23.1,69.5,80.6,34.0
EVT_00491,9.84,2785.6,0.0,12.2,49.7,26.2,51.3,88.7,91.6,86.8,35.0
EVT_01742,0.33,789.2,0.14,5.0,39.5,22.7,80.6,13.4,85.1,100.0,0.0
EVT_00595,10.11,,0.0,4.9,53.0,25.9,70.3,77.7,81.8,77.1,33.0
EVT_00707,2.99,983.4,0.0,0.3,62.7,19.7,63.8,11.4,87.8,85.5,57.0
EVT_00175,17.17,1804.4,0.0,1.5,56.4,27.4,52.6,63.4,86.8,85.8,96.0
EVT_00995,4.99,985.9,0.0,9.5,36.4,17.5,72.4,28.3,94.4,92.9,29.0
EVT_00226,12.25,1858.7,2.85,54.5,57.2,25.7,64.1,70.1,76.0,88.3,49.0
EVT_01629,4.93,893.6,0.0,2.7,45.1,23.9,55.7,6.0,85.2,73.0,0.0
EVT_00299,0.72,849.4,0.0,2.1,48.8,23.3,66.4,13.0,89.2,75.4,30.0
EVT_00019,13.31,2117.9,0.94,44.0,55.7,29.8,69.8,76.7,93.0,66.7,55.0
EVT_00727,9.29,2511.5,0.0,10.6,61.4,23.8,61.5,76.6,85.7,90.2,30.0
EVT_00578,3.19,1031.2,0.29,50.3,56.3,21.2,69.5,25.3,88.9,90.3,7.0
EVT_01683,14.6,1790.6,9.55,46.3,60.7,33.0,71.1,92.0,99.0,86.4,42.0
EVT_01551,3.0,889.5,0.0,19.3,59.6,22.7,80.3,22.4,83.3,76.3,3.0
EVT_01100,20.95,1334.3,0.0,11.3,60.7,24.7,52.0,30.5,88.7,100.0,35.0
EVT_01220,19.66,1192.5,0.0,2.9,57.6,27.5,51.7,12.1,86.0,94.3,0.0
EVT_01124,11.51,2801.9,0.0,22.5,57.6,,55.2,75.7,89.8,82.7,26.0
EVT_01270,5.75,1446.8,0.35,38.9,55.4,22.2,57.1,1.0,72.1,79.0,33.0
EVT_01763,13.48,2030.1,0.0,5.9,51.6,28.9,49.6,93.3,84.9,100.0,47.0
EVT_01051,12.0,1926.5,0.0,1.4,47.1,27.8,62.5,62.5,73.6,84.0,45.0
EVT_00357,17.06,-3425.87,0.11,19.3,60.7,30.7,66.1,47.0,80.1,83.9,70.0
EVT_01384,21.55,602.4,2.28,58.0,57.9,22.0,76.2,36.1,82.7,62.2,54.0
EVT_00792,4.51,714.7,0.38,22.7,57.2,24.9,78.1,42.8,99.0,85.3,71.0
EVT_00241,9.94,1909.2,2.64,40.6,58.4,35.7,76.1,81.1,87.9,84.7,5.0
EVT_00047,7.13,2660.3,0.0,0.8,54.4,19.6,56.1,43.9,88.5,84.3,28.0
EVT_01098,8.7,1943.0,0.0,21.5,63.9,27.5,63.8,78.9,76.3,84.2,58.0
EVT_00367,16.35,2176.4,0.0,0.5,60.5,29.4,74.9,76.6,100.0,83.0,24.0
EVT_00646,7.69,2134.6,0.0,5.7,57.3,17.5,78.8,48.0,82.8,84.7,62.0
EVT_00123,22.8,696.3,0.0,9.4,45.9,20.5,63.4,21.2,77.8,87.6,24.0
EVT_01981,21.57,866.6,0.0,4.6,53.3,25.1,46.5,9.7,97.8,,24.0
EVT_00598,16.66,2059.5,3.35,45.8,51.5,32.8,67.7,63.8,87.4,72.8,40.0
EVT_01367,13.95,728.7,18.85,67.0,66.1,26.3,95.2,69.4,80.1,74.0,54.0
EVT_01068,12.64,1713.1,2.8,43.0,52.0,31.8,78.6,71.3,79.5,89.6,63.0
EVT_00051,14.63,2100.1,0.0,12.6,44.8,27.8,69.5,75.7,89.1,100.0,19.0
EVT_01356,14.34,2227.6,0.0,13.2,47.0,31.1,60.0,64.1,78.1,94.8,0.0
EVT_01513,21.38,659.4,1.08,26.7,61.9,24.7,72.6,19.6,87.4,92.4,12.0
EVT_00114,9.7,2257.5,0.0,6.8,56.0,27.7,74.6,73.8,96.4,97.0,24.0
EVT_01333,10.37,1613.1,7.59,73.6,63.6,22.7,87.8,93.3,78.6,79.9,29.0
EVT_01345,11.51,1796.7,,4.4,48.8,30.6,53.6,93.1,80.5,86.9,
EVT_01972,10.24,2495.8,0.0,2.1,67.5,23.2,57.3,76.3,96.3,83.5,39.0
EVT_00205,8.11,1636.3,8.0,48.0,54.7,19.9,74.1,52.6,68.3,75.1,81.0
EVT_01798,7.98,1970.0,0.87,37.0,66.8,24.1,61.0,52.1,94.3,100.0,63.0
EVT_00669,8.27,2618.2,0.0,22.7,65.4,20.3,70.8,49.6,81.6,87.0,64.0
EVT_01899,13.39,2025.1,0.0,29.4,50.3,33.4,58.4,53.1,90.8,78.5,17.0
EVT_01724,15.41,1947.0,0.0,7.7,56.4,36.6,60.6,76.0,72.4,74.6,15.0
EVT_00883,12.84,2604.3,0.0,2.5,46.5,31.5,60.9,72.0,80.4,100.0,17.0
EVT_00842,12.5,2857.4,0.0,4.1,53.4,31.6,58.4,76.2,94.1,82.9,54.0
EVT_00506,10.66,1659.0,9.67,62.9,61.1,30.7,72.7,82.8,85.0,81.8,25.0
EVT_00856,18.75,2487.5,0.96,12.6,46.1,30.6,71.8,19.1,89.0,85.2,23.0
EVT_01598,15.93,1733.3,4.37,30.8,55.9,31.6,58.7,73.4,97.3,83.8,5.0
EVT_01691,9.0,2260.8,0.0,1.1,60.7,22.3,64.0,75.0,81.5,83.0,62.0
EVT_01916,16.01,1200.6,9.33,44.1,52.1,28.4,71.8,80.8,72.2,68.7,30.0
EVT_01653,6.2,2211.5,0.0,12.7,53.0,19.1,84.5,46.6,96.1,77.7,21.0
EVT_01454,13.09,1673.8,11.05,64.3,55.2,33.0,81.5,83.1,93.9,65.7,18.0
EVT_00675,9.86,2275.1,3.24,40.9,62.3,23.1,86.2,74.2,92.7,75.3,69.0
EVT_01560,15.7,1456.3,16.23,60.8,61.8,30.2,100.0,64.3,87.9,64.3,19.0
EVT_00543,17.08,1745.2,0.0,4.6,61.8,32.6,61.3,36.2,92.1,97.5,63.0
EVT_01020,14.83,1709.4,0.0,8.5,52.2,27.5,60.6,74.5,89.3,91.7,68.0
EVT_00857,14.84,2512.4,0.0,37.8,59.4,37.0,59.7,63.2,94.0,70.1,9.0
EVT_00136,11.13,1898.4,8.97,44.1,61.1,22.3,90.6,75.6,93.8,77.4,20.0
EVT_00324,20.15,968.1,3.49,24.7,48.6,23.9,52.8,35.5,88.8,78.6,72.0
EVT_00278,16.23,2349.9,0.0,0.8,60.8,21.0,61.7,61.0,89.5,100.0,86.0
EVT_00815,23.06,672.1,0.0,22.3,49.5,,63.9,26.9,94.7,87.6,12.0
EVT_D0010,23.91,1057.9,0.0,14.3,61.6,20.0,66.1,22.1,80.9,92.8,34.0
EVT_00535,13.08,1679.0,4.1,51.2,,37.1,76.2,90.0,87.0,70.6,51.0
EVT_01079,19.19,960.9,0.0,3.1,63.9,28.6,62.5,33.5,78.5,70.2,21.0
EVT_01256,18.81,2016.5,1.82,33.4,57.3,29.0,77.1,20.3,78.7,71.5,37.0
EVT_01703,21.92,598.4,2.33,52.2,55.0,27.2,65.4,27.9,89.6,74.5,30.0
EVT_00517,18.52,2566.4,0.0,15.3,,32.1,56.2,17.4,96.4,93.0,44.0
EVT_00406,10.57,1958.6,3.95,44.9,51.1,20.4,75.0,84.2,85.0,79.5,88.0
EVT_00054,13.1,2653.8,0.0,15.1,66.0,29.0,65.9,60.2,100.0,95.3,
EVT_00656,17.93,2358.4,1.47,,52.6,32.8,65.5,33.2,92.8,91.5,38.0
EVT_00623,6.32,2380.8,0.0,2.3,61.5,19.4,70.9,42.2,94.4,100.0,35.0
EVT_00724,15.7,1926.4,0.0,2.5,49.9,34.1,53.8,56.7,91.3,83.7,14.0
EVT_00063,18.07,1718.4,8.21,58.5,64.5,27.0,79.8,30.5,83.2,76.0,74.0
EVT_00970,17.48,2063.6,0.4,31.4,66.1,31.5,61.6,50.9,75.7,70.4,67.0
EVT_00348,17.77,2235.8,0.0,7.2,59.3,28.3,66.8,22.9,72.4,88.7,21.0
EVT_01577,13.32,2689.0,0.0,3.0,51.8,30.1,65.6,71.7,95.5,100.0,33.0
EVT_01229,9.15,1949.1,8.67,72.5,60.5,31.7,66.5,69.1,79.1,65.5,34.0
EVT_00263,20.07,1054.4,0.0,19.5,57.3,25.2,71.5,19.5,78.2,66.9,84.0
EVT_01397,1.1,1279.5,0.0,8.5,42.6,24.0,59.7,7.5,93.1,75.0,14.0
EVT_01753,21.51,714.3,1.57,27.2,45.5,26.8,64.7,3.8,81.7,90.0,18.0
EVT_01084,10.05,2608.4,0.43,37.9,61.4,27.1,65.9,96.2,98.7,92.3,36.0
EVT_00167,7.11,1968.0,0.0,12.2,46.8,23.2,51.8,48.5,88.8,100.0,3.0
EVT_01462,3.76,655.7,13.62,56.8,65.4,19.6,87.6,17.1,83.4,58.4,9.0
EVT_01309,17.86,2066.8,0.0,18.8,57.3,33.1,,28.8,68.5,85.3,84.0
EVT_00126,14.29,1766.4,0.0,6.0,48.1,32.3,60.7,81.1,79.1,91.7,22.0
EVT_00542,14.01,1539.5,4.22,45.7,,31.4,77.2,80.5,82.0,78.2,20.0
EVT_01425,17.31,2320.8,0.0,2.5,53.9,28.1,60.5,29.5,89.6,100.0,44.0
EVT_01204,9.02,2325.0,0.71,42.2,60.4,27.7,74.1,50.7,88.4,81.9,4.0
EVT_00934,7.43,1769.3,2.11,49.4,51.1,22.1,62.7,48.6,76.7,69.7,78.0
EVT_01606,18.05,2176.1,0.0,6.0,56.0,22.8,52.3,39.2,73.7,89.2,58.0
EVT_01155,6.64,2220.1,0.0,12.4,54.4,26.5,66.8,21.3,61.7,77.4,35.0
EVT_01023,15.14,2730.0,0.0,25.2,,32.9,67.5,59.3,82.9,93.7,6.0
EVT_01137,15.51,2366.5,0.0,1.1,61.7,23.0,66.7,70.0,80.0,80.1,21.0
EVT_01112,9.6,2430.6,0.0,19.2,56.9,30.4,60.0,94.2,75.2,82.5,0.0
EVT_00341,1.1,,0.0,24.6,,27.3,60.5,16.9,78.9,93.0,1.0
EVT_00776,9.56,2361.6,0.0,8.8,60.3,26.9,60.8,82.8,82.7,96.6,76.0
EVT_00528,6.61,2123.0,0.0,4.2,47.3,24.5,51.0,33.3,83.6,90.2,23.0
EVT_01364,15.7,2404.8,0.0,0.4,56.2,29.9,60.7,44.6,79.5,93.9,19.0
EVT_01265,17.53,2104.5,0.0,4.2,63.9,28.3,48.3,50.0,89.2,100.0,59.0
EVT_01027,1.22,722.0,0.0,2.1,61.0,19.7,56.9,12.3,88.4,88.9,64.0
EVT_00509,5.73,818.5,13.43,58.4,60.2,13.6,90.4,22.7,85.7,55.4,20.0
EVT_01059,12.68,2542.7,0.0,4.6,53.9,34.3,59.9,82.4,88.8,81.9,0.0
EVT_01572,12.98,1642.1,0.0,1.1,59.7,27.9,52.8,69.3,81.9,83.6,4.0
EVT_00818,16.63,2311.2,0.0,1.4,,31.6,54.3,47.8,83.3,88.7,18.0
EVT_00058,20.32,1253.7,0.0,0.5,55.9,22.3,66.7,22.0,81.4,85.7,49.0
EVT_01101,18.02,2627.2,0.0,13.3,53.5,33.8,57.5,18.0,84.0,82.0,58.0
EVT_00599,0.68,1032.8,0.0,8.9,53.8,21.0,62.2,4.7,75.1,76.9,23.0
EVT_00644,16.28,2604.8,0.0,1.5,50.6,37.4,70.8,53.8,78.8,94.4,16.0
EVT_01161,8.34,1977.8,5.72,49.9,54.4,23.0,60.1,61.9,89.2,84.4,31.0
EVT_01493,15.16,2758.8,0.0,1.0,54.7,33.6,54.7,81.7,98.8,,48.0
EVT_00298,18.17,1811.9,0.0,17.5,,24.7,70.8,26.5,79.0,95.0,73.0
EVT_00148,9.86,1480.5,0.0,1.5,61.5,22.4,52.7,64.3,78.1,98.9,60.0
EVT_01624,12.88,1012.6,17.64,68.6,67.7,31.7,82.5,83.5,92.6,,53.0
EVT_01669,8.4,2420.5,0.0,17.6,46.3,24.5,56.6,69.6,97.0,74.0,87.0
EVT_01495,15.16,2190.0,0.0,1.4,60.4,33.4,63.5,53.2,85.6,93.7,30.0
EVT_01362,15.86,1057.8,12.3,63.9,64.9,,93.1,60.6,90.1,69.1,59.0
EVT_00143,12.74,1665.9,3.2,50.7,55.8,29.7,72.8,84.5,83.7,76.0,0.0
EVT_01490,8.59,1399.5,4.18,35.5,63.6,24.0,79.1,73.7,89.9,62.0,10.0
EVT_01582,17.09,2448.9,0.0,0.7,51.8,33.5,52.4,44.2,66.2,88.8,66.0
EVT_00233,20.93,1216.2,0.62,45.5,53.9,30.2,78.3,33.8,79.6,73.5,22.0
EVT_01888,7.23,2618.2,0.0,4.6,56.1,23.6,62.1,49.5,87.4,,32.0
EVT_01359,5.41,900.7,0.0,8.1,45.2,29.0,56.7,13.0,87.8,92.6,10.0
EVT_01176,16.71,2063.8,2.19,40.3,60.8,27.7,71.4,43.0,83.6,99.1,32.0
EVT_00186,15.93,2195.8,0.0,8.9,44.5,34.7,36.4,55.7,81.3,92.0,69.0
EVT_00648,17.83,1805.7,4.82,49.6,64.5,22.0,74.0,52.7,75.4,64.5,90.0
EVT_00587,11.99,1992.1,0.0,7.3,58.0,33.3,55.4,73.2,90.0,76.8,
EVT_01778,23.04,751.5,2.24,41.9,56.2,,77.8,24.7,84.1,83.9,3.0
EVT_00754,14.85,1408.4,0.0,0.1,62.3,9999.0,61.2,,77.7,89.4,
EVT_01053,5.59,891.1,0.0,2.0,54.8,25.2,71.7,28.2,88.0,86.5,33.0
EVT_00963,22.79,1082.9,0.0,1.8,55.8,20.6,68.4,37.5,82.7,100.0,32.0
EVT_00227,16.35,2029.0,0.0,6.5,51.9,37.3,51.1,58.3,76.3,87.8,15.0
EVT_00052,16.15,2211.4,0.0,3.9,51.2,30.4,64.6,44.0,88.6,100.0,27.0
EVT_01383,12.59,2273.2,,22.4,62.0,22.2,76.2,78.5,93.4,88.0,0.0
EVT_01819,19.51,1762.5,0.0,4.8,53.4,28.7,63.2,14.2,84.4,97.3,3.0
EVT_00664,23.2,894.9,,44.3,55.4,17.1,69.6,8.4,86.3,70.9,10.0
EVT_D0005,4.21,645.6,2.67,34.2,53.2,15.3,70.0,15.6,83.1,79.6,21.0
EVT_00087,22.61,809.0,0.0,9.0,57.1,25.3,66.4,27.7,100.0,93.8,0.0
EVT_00638,14.93,337.5,27.85,100.0,67.1,,100.0,70.6,85.0,45.4,19.0
EVT_00001,10.53,1705.1,1.4,14.7,53.0,32.0,60.7,72.4,83.4,93.4,49.0
EVT_01955,9.53,2067.0,3.13,61.8,57.7,27.9,72.9,67.9,77.9,73.6,21.0
EVT_01324,11.94,2279.1,0.0,6.3,52.7,32.7,65.6,93.8,83.0,97.7,22.0
EVT_01086,23.68,1068.0,0.84,32.6,52.1,27.3,68.1,17.9,88.9,79.9,26.0
EVT_00711,10.21,2239.0,0.0,,55.4,25.2,80.9,96.8,82.2,100.0,23.0
EVT_01746,17.82,2129.6,0.0,1.8,62.2,28.4,64.9,36.6,95.6,93.5,15.0
EVT_01882,6.97,2374.5,0.0,5.3,59.8,21.8,75.1,40.0,93.4,82.1,59.0
EVT_00524,16.93,1741.0,0.0,0.5,59.8,32.8,67.5,42.3,86.4,95.7,17.0
EVT_00765,2.56,891.2,0.0,0.7,49.6,19.6,60.7,10.0,82.2,94.2,21.0
EVT_01172,10.26,1784.0,0.0,33.1,60.4,27.8,64.2,84.7,86.3,68.6,68.0
EVT_00429,9.65,1716.3,0.0,16.8,66.2,26.7,64.4,,77.6,82.9,5.0
EVT_00424,4.95,917.0,0.0,,52.3,17.8,76.3,17.3,81.3,99.4,0.0
EVT_00466,22.53,741.7,0.0,6.0,46.2,26.6,71.3,15.8,86.8,89.1,7.0
EVT_00378,19.45,987.9,0.0,0.1,61.9,27.7,59.8,6.5,73.7,84.4,108.0
EVT_00566,2.6,733.3,0.33,40.8,43.0,21.5,62.8,22.9,99.0,80.8,6.0
EVT_00363,8.9,2118.7,0.0,16.9,58.0,25.2,69.1,64.3,90.4,77.5,11.0
EVT_01777,19.6,1346.2,0.0,2.8,54.5,25.9,69.1,13.8,99.6,96.2,14.0
EVT_01902,10.02,1963.8,0.0,11.4,50.0,26.2,63.4,74.2,82.1,100.0,29.0
EVT_00432,11.47,2641.9,4.34,39.8,52.6,28.7,71.2,71.7,93.0,83.7,10.0
EVT_00149,23.12,1136.0,0.0,3.7,45.3,20.5,73.3,13.1,79.8,97.8,39.0
EVT_01039,18.61,2495.7,1.77,47.8,61.1,21.0,71.4,21.2,72.3,92.2,93.0
EVT_01693,11.32,2318.9,1.29,10.7,54.7,26.7,55.8,100.0,89.1,100.0,17.0
EVT_00158,10.1,1108.5,18.8,75.2,61.2,25.5,89.0,66.4,99.4,72.6,39.0
EVT_00781,5.89,641.5,5.15,42.2,58.2,18.8,64.0,24.1,84.3,88.5,25.0
EVT_00015,18.2,2009.8,0.0,4.4,66.5,28.1,62.2,45.9,74.0,79.4,54.0
EVT_01897,8.94,2021.2,0.0,11.6,58.2,25.1,68.2,68.4,92.4,95.1,38.0
EVT_00480,16.68,1784.8,5.43,59.6,50.3,29.9,63.4,29.8,84.8,83.0,54.0
EVT_01765,10.5,1937.8,0.0,19.1,49.1,32.9,62.0,70.1,91.1,100.0,57.0
EVT_01699,11.18,1809.5,7.1,52.1,70.1,30.2,69.7,69.0,83.2,76.3,72.0
EVT_00771,14.4,2134.6,7.13,67.9,54.8,33.0,81.5,81.5,80.2,79.5,50.0
EVT_01422,22.76,704.9,10.22,72.3,54.4,18.4,97.4,22.3,81.8,56.0,23.0
EVT_00797,5.32,1019.5,,4.0,50.3,25.0,66.4,4.8,83.3,77.8,8.0
EVT_01585,5.02,868.6,6.05,45.4,45.8,18.2,76.3,23.1,97.6,76.0,13.0
EVT_01354,17.41,,0.0,,47.8,28.6,59.1,33.5,81.2,95.6,67.0
EVT_00438,22.51,1113.3,0.0,26.7,56.8,25.3,61.8,17.9,75.3,94.5,15.0
EVT_01058,8.86,1867.1,0.0,2.6,57.8,24.3,69.0,61.3,86.7,86.9,17.0
EVT_01661,18.32,2063.8,0.0,1.1,,30.4,51.5,29.7,96.5,95.0,43.0
EVT_00991,22.62,775.0,0.0,5.5,46.7,23.7,68.6,15.5,80.1,89.2,15.0
EVT_01445,14.77,1983.5,2.97,51.7,62.7,34.6,65.3,54.4,77.2,79.2,77.0
EVT_00212,14.38,2822.5,0.76,30.3,56.0,28.2,79.7,70.7,84.0,100.0,73.0
EVT_01074,6.65,1528.1,4.45,28.6,66.6,28.1,66.8,41.3,95.6,75.2,62.0
EVT_01210,1.42,1257.4,0.0,1.7,47.8,17.3,73.9,13.7,82.6,90.2,7.0
EVT_01641,13.22,2780.1,2.52,40.3,50.4,,67.9,85.5,93.4,92.2,22.0
EVT_00115,2.32,995.2,0.0,23.2,52.9,16.4,72.9,32.0,89.7,83.6,0.0
EVT_00395,20.13,877.8,9.31,45.3,76.0,26.6,79.3,5.9,90.7,47.1,98.0
EVT_01849,8.37,2324.1,0.0,2.4,48.9,,60.0,65.5,97.1,71.6,75.0
EVT_01595,16.99,2233.6,,37.9,,28.2,64.4,46.9,94.3,84.6,31.0
EVT_01001,17.74,1509.5,0.0,4.3,52.0,26.8,45.1,20.9,96.3,100.0,36.0
EVT_00758,16.35,2250.2,0.0,27.9,71.1,33.7,72.3,74.1,97.0,95.9,75.0
EVT_00766,18.11,1981.7,0.0,19.3,55.0,32.9,38.7,50.1,93.9,82.9,62.0
EVT_00583,3.85,988.9,3.28,36.1,41.9,19.3,80.8,12.1,90.6,92.9,23.0
EVT_00860,8.85,2429.1,0.0,6.1,58.4,18.0,71.2,82.9,77.5,90.3,
EVT_01671,9.22,2042.8,0.0,3.0,57.2,22.3,71.4,83.6,85.7,94.7,16.0
EVT_00111,21.32,680.0,0.25,41.7,51.6,29.0,61.4,15.5,86.3,90.0,62.0
EVT_00633,4.4,1614.9,0.0,14.5,46.8,22.5,71.6,21.2,93.5,81.8,12.0
EVT_01697,19.32,735.8,0.0,13.8,56.3,33.4,48.6,6.8,86.1,94.2,23.0
EVT_01636,10.35,1945.7,2.52,31.6,53.0,38.0,62.5,99.5,97.3,69.1,23.0
EVT_00083,2.74,1913.1,0.0,3.2,44.6,18.0,62.6,9.6,95.8,91.5,15.0
EVT_00187,22.34,903.0,2.02,44.5,48.7,24.5,57.6,1.8,89.2,69.3,3.0
EVT_00572,7.93,2087.2,0.0,10.0,57.2,29.9,65.8,48.9,81.1,100.0,80.0
EVT_01708,17.93,2378.4,0.0,0.5,53.2,28.7,70.3,33.0,90.1,87.9,33.0
EVT_01958,19.71,602.5,0.0,3.0,47.0,25.7,62.2,36.5,100.0,89.2,35.0
EVT_01858,22.61,941.8,3.95,44.1,62.3,22.7,50.0,31.1,88.9,74.3,13.0
EVT_00404,17.26,1880.0,0.0,15.8,71.8,32.7,62.9,39.9,86.3,91.0,51.0
EVT_01740,18.84,2340.3,0.0,0.8,54.6,33.0,62.3,21.0,86.0,92.6,41.0
EVT_00516,12.91,2437.9,0.0,14.7,46.9,30.5,60.0,72.2,88.3,100.0,12.0
EVT_01739,10.55,2134.3,0.0,18.6,58.9,25.7,60.3,,95.5,91.2,24.0
EVT_01386,11.48,2278.1,0.0,11.9,60.0,25.9,62.6,77.6,77.4,80.2,48.0
EVT_00146,6.91,2392.9,0.0,0.7,56.6,20.6,65.5,29.2,82.9,89.4,28.0
EVT_01066,7.56,2080.9,0.0,2.6,64.1,23.1,53.9,77.0,75.7,90.7,58.0
EVT_00869,7.76,2328.4,2.54,21.5,57.3,24.0,74.6,51.3,78.0,90.9,63.0
EVT_01120,16.71,1669.6,0.0,17.7,59.7,31.6,76.0,55.7,80.1,79.6,23.0
EVT_00808,7.27,1424.7,4.12,37.8,51.1,17.8,63.3,47.6,90.0,100.0,47.0
EVT_00314,11.12,1911.4,0.61,43.6,58.8,29.5,52.9,82.1,100.0,72.2,32.0
EVT_00628,8.65,1992.4,9.27,79.9,58.3,28.7,91.4,63.2,79.0,83.3,18.0
EVT_01322,6.48,757.9,21.42,81.9,68.0,19.7,100.0,33.8,86.7,70.0,35.0
EVT_01839,7.26,2352.5,0.0,0.8,49.8,16.7,77.6,36.3,84.1,96.0,41.0
EVT_01246,16.95,2257.7,0.0,4.2,64.5,30.1,77.2,38.9,90.5,79.5,24.0
EVT_01351,12.89,2078.9,0.0,14.7,62.2,40.4,59.5,88.5,79.4,100.0,22.0
EVT_01003,20.29,787.5,0.0,6.5,50.9,30.6,44.2,8.7,82.3,92.9,49.0
EVT_01469,22.74,1019.3,0.0,43.5,46.1,20.6,70.3,16.0,79.0,60.5,13.0
EVT_01223,16.77,2243.9,0.0,0.6,56.8,29.9,57.3,67.9,93.5,75.2,66.0
EVT_01280,10.63,2674.4,0.0,15.6,44.0,27.6,53.1,81.3,81.9,78.4,48.0
EVT_01218,8.94,1906.6,4.0,62.3,59.4,29.0,85.0,61.7,76.2,94.0,69.0
EVT_00726,7.76,2028.8,3.07,32.2,47.3,22.7,72.8,31.0,83.0,67.5,38.0
EVT_01275,7.36,2283.9,2.68,23.7,51.0,24.0,53.2,32.4,73.6,86.9,63.0
EVT_01102,7.02,2052.0,0.0,3.5,71.5,24.3,52.4,34.5,93.6,100.0,108.0
EVT_01449,18.44,2303.6,0.0,3.0,55.4,34.6,52.5,36.9,77.9,91.4,57.0
EVT_01520,18.38,1906.6,0.0,7.0,54.9,36.9,47.3,51.7,85.0,69.7,49.0
EVT_01951,10.01,1501.1,12.54,73.9,63.0,29.8,79.0,78.5,79.0,77.9,
EVT_00279,20.58,492.1,7.81,48.9,59.3,26.2,77.6,30.6,85.0,,38.0
EVT_00164,10.7,2722.1,0.69,15.3,44.2,32.1,60.6,72.7,81.8,92.3,21.0
EVT_01405,14.18,2164.1,0.0,3.2,48.6,34.2,51.2,70.1,93.9,96.6,26.0
EVT_01231,23.08,252.3,20.07,77.4,54.2,19.0,100.0,13.6,84.8,60.9,29.0
EVT_01232,16.46,2487.6,0.0,7.2,70.1,32.2,53.2,50.8,94.3,100.0,14.0
EVT_D0007,19.29,1255.4,0.0,2.4,,29.2,58.1,30.4,96.2,75.8,86.0
EVT_00062,5.65,929.6,0.0,12.9,44.7,19.4,66.2,4.3,68.4,92.9,0.0
EVT_01547,19.82,471.1,18.74,77.5,,24.0,82.0,46.0,87.7,48.7,47.0
EVT_01148,4.21,1240.1,1.07,57.0,61.8,23.0,74.5,9.0,88.4,69.9,48.0
EVT_01420,20.24,694.7,0.0,1.0,47.3,30.6,54.4,21.9,83.3,89.8,71.0
EVT_00437,17.41,2621.0,,0.3,57.3,32.2,51.7,36.0,73.2,89.0,49.0
EVT_01149,4.39,1488.9,0.0,13.1,46.1,20.3,52.0,17.0,84.8,82.5,
EVT_00688,18.71,2305.5,1.12,18.7,55.7,33.3,70.5,13.7,85.7,90.4,13.0
EVT_01569,16.99,2151.3,0.0,11.5,61.6,26.4,61.6,23.8,75.7,83.5,75.0
EVT_01349,5.06,1095.6,0.0,0.9,59.8,16.9,83.4,27.3,89.9,82.4,24.0
EVT_00984,16.56,2259.4,0.0,7.1,60.3,27.7,52.2,54.1,90.7,89.9,81.0
EVT_01745,23.03,586.2,11.0,58.8,64.2,18.8,,15.3,92.7,62.3,36.0
EVT_00783,11.82,1678.1,0.0,2.8,59.8,31.7,53.4,72.5,74.1,88.3,60.0
EVT_01614,16.29,1521.9,6.0,54.8,60.3,35.7,80.4,57.0,78.8,87.3,11.0
EVT_00337,15.54,1710.0,0.0,12.8,54.7,33.2,48.6,66.6,85.1,95.1,23.0
EVT_01704,21.09,1195.3,0.0,8.0,51.7,26.7,63.6,28.4,85.2,97.9,56.0
EVT_00585,12.85,2339.3,0.0,0.1,55.3,28.9,50.9,63.2,82.8,89.5,64.0
EVT_01991,17.84,2173.8,0.0,7.0,49.5,33.5,57.1,38.0,88.2,87.7,36.0
EVT_01816,14.91,1061.1,9.4,56.4,60.3,37.1,75.3,56.7,91.7,64.3,16.0
EVT_01558,10.33,2430.4,0.0,5.9,59.9,,49.8,66.5,75.7,77.4,31.0
EVT_00904,6.57,2739.4,0.0,3.0,50.6,26.8,54.6,27.1,85.0,100.0,24.0
EVT_00652,12.84,2876.6,0.0,4.0,55.4,33.2,66.4,94.3,83.1,81.3,32.0
EVT_02000,11.29,2705.0,0.0,17.9,50.1,25.2,72.0,77.6,92.4,87.8,20.0
EVT_00915,13.92,2272.2,0.0,1.2,51.3,30.6,70.1,67.9,82.6,86.1,44.0
EVT_01021,18.22,2423.0,0.0,3.2,62.2,30.6,60.5,29.8,76.4,90.0,44.0
EVT_00157,1.61,1157.8,0.0,,50.8,25.4,71.8,25.0,76.0,72.0,60.0
EVT_00495,13.31,2438.3,0.0,13.4,59.5,29.9,76.9,82.5,93.8,88.7,57.0
EVT_00570,10.19,1930.2,2.48,39.3,63.9,26.0,79.3,74.5,96.2,94.4,0.0
EVT_00256,12.08,2083.0,1.08,46.9,56.2,25.7,60.7,65.9,78.0,96.4,20.0
EVT_00885,6.16,917.6,1.09,36.9,51.2,23.7,54.7,28.1,92.5,81.8,16.0
EVT_00538,2.29,1425.9,0.0,6.3,40.6,17.5,57.3,22.9,73.7,75.7,24.0
EVT_01651,23.92,496.9,6.86,48.3,65.6,20.9,74.7,13.6,80.8,71.9,18.0
EVT_00373,15.68,2572.9,0.0,3.8,,32.7,59.8,46.2,84.4,100.0,0.0
EVT_01660,14.06,2172.9,1.66,57.2,68.2,31.0,77.1,81.4,89.3,77.9,63.0
EVT_01813,17.87,2406.5,5.81,50.4,48.2,31.2,64.4,22.0,86.5,76.6,54.0
EVT_01932,8.23,2189.6,6.01,63.7,,,73.9,59.1,78.0,90.9,24.0
EVT_01811,17.27,1619.5,2.82,48.1,50.9,34.0,68.2,33.8,70.2,83.1,
EVT_00451,7.82,1970.5,,40.5,59.9,22.9,83.3,58.7,88.2,73.6,8.0
EVT_01566,19.86,552.4,0.0,16.2,64.8,32.9,57.1,4.7,82.6,82.2,4.0
EVT_00389,23.25,,13.29,75.8,57.4,27.7,70.1,25.5,81.6,55.8,19.0
EVT_01004,13.76,1497.9,6.78,39.8,53.3,30.9,68.3,86.4,95.7,75.7,18.0
EVT_00165,3.43,666.4,0.0,4.6,43.8,,46.3,3.3,85.0,80.8,21.0
EVT_01395,16.26,1481.2,5.51,55.4,61.1,30.3,89.4,60.3,78.4,86.5,53.0
EVT_00968,23.66,1094.9,1.21,28.4,55.3,23.5,70.1,7.3,81.4,70.4,30.0
EVT_00059,1.68,1319.0,0.0,7.4,38.7,21.5,59.6,34.4,83.6,66.4,52.0
EVT_01226,13.05,2642.6,0.0,10.5,53.9,26.7,58.3,60.1,90.9,74.3,28.0
EVT_01317,23.09,842.0,0.0,22.7,55.5,30.2,68.3,28.4,91.4,75.8,57.0
EVT_01263,13.66,2730.1,0.0,0.8,51.5,26.1,65.2,55.8,75.9,95.8,40.0
EVT_01552,15.82,1959.9,0.0,3.6,47.2,34.3,68.1,78.2,77.2,91.0,57.0
EVT_01938,20.4,1099.7,0.17,45.3,47.3,26.0,71.0,33.4,97.1,90.3,65.0
EVT_01178,23.44,51969.61,0.0,2.9,47.2,19.7,60.6,6.2,79.8,86.8,9.0
EVT_01590,0.84,999.5,3.32,23.5,58.4,15.1,,0.0,87.9,80.6,10.0
EVT_01029,7.7,2099.2,0.0,13.0,61.3,28.7,50.4,69.8,83.8,98.7,40.0
EVT_00234,19.03,1099.7,0.0,16.4,53.7,31.2,74.2,30.7,69.8,88.7,28.0
EVT_00419,21.89,1129.0,0.0,16.3,47.9,19.4,65.0,46.1,72.5,71.6,29.0
EVT_00591,16.46,2177.5,0.0,14.9,48.1,40.6,57.4,60.9,82.7,89.6,29.0
EVT_00938,23.22,1453.0,0.0,7.1,38.9,27.6,57.4,20.8,82.8,78.9,0.0
EVT_00192,10.43,1836.9,0.0,1.1,54.6,23.4,59.3,73.0,89.1,96.2,9.0
EVT_00770,10.18,2478.8,0.0,9.0,54.3,,60.0,79.1,94.3,88.6,5.0
EVT_01216,8.85,1721.3,10.98,67.2,,24.6,80.1,57.7,85.9,76.0,46.0
EVT_00032,20.89,1090.7,2.56,15.2,54.0,25.4,68.0,24.0,100.0,89.4,45.0
EVT_01091,18.32,2447.2,0.0,12.3,43.2,26.3,63.2,23.1,94.4,100.0,41.0
EVT_01785,14.69,1905.5,7.29,45.4,48.1,30.0,67.1,87.0,83.2,81.1,33.0
EVT_00151,18.44,2131.8,0.0,1.6,58.3,28.4,58.3,33.2,79.7,100.0,47.0
EVT_01034,0.5,984.2,0.0,2.7,50.0,19.4,67.5,10.1,89.4,90.6,59.0
EVT_01070,8.21,2201.9,0.0,,50.8,23.3,52.8,42.6,79.4,89.7,58.0
EVT_01286,18.22,1782.7,0.0,9.2,54.9,29.9,46.3,37.0,94.1,86.8,79.0
EVT_01411,14.72,1894.4,0.0,57.5,59.2,27.9,69.9,63.3,84.9,81.3,14.0
EVT_00170,3.51,965.0,0.0,1.7,53.7,25.4,69.8,23.2,99.5,71.5,24.0
EVT_01615,6.14,1336.0,0.0,10.4,43.8,23.0,68.7,20.5,84.9,87.1,23.0
EVT_00471,21.87,605.3,0.0,16.6,62.3,25.3,85.1,12.5,76.6,76.6,52.0
EVT_00567,13.21,2145.3,0.0,6.6,51.3,23.9,68.4,90.3,96.8,84.0,37.0
EVT_00985,7.08,1969.6,1.01,49.4,59.0,27.0,65.2,59.7,82.5,79.9,52.0
EVT_00026,11.02,2065.7,6.79,19.2,62.1,31.8,64.4,74.7,82.4,90.3,19.0
EVT_01528,18.08,2136.4,0.4,50.3,48.1,31.2,81.7,34.7,85.7,79.5,80.0
EVT_01759,20.47,720.4,6.79,64.1,70.7,26.7,77.3,28.6,96.2,52.9,33.0
EVT_00446,13.18,1823.6,8.58,62.8,67.1,27.4,82.8,84.0,86.2,64.2,94.0
EVT_01400,23.69,1076.9,0.0,1.8,50.6,19.5,64.2,23.9,81.7,76.8,25.0
EVT_00029,0.98,835.5,,49.9,54.2,22.7,80.1,27.0,91.6,83.8,33.0
EVT_00768,8.66,1995.5,0.17,43.3,48.5,29.1,64.9,55.3,94.7,75.1,18.0
EVT_00127,2.9,986.9,0.0,3.4,49.4,15.3,56.5,13.6,85.9,79.7,13.0
EVT_01443,21.87,1203.2,0.0,18.5,61.4,23.9,71.3,13.1,92.8,85.9,80.0
EVT_01544,20.48,,0.0,0.2,37.4,28.9,58.8,27.3,78.5,82.7,27.0
EVT_01948,13.87,2235.6,1.64,40.9,56.4,32.8,66.0,86.0,85.0,90.6,24.0
EVT_01517,13.74,1638.2,0.0,7.1,52.4,31.5,63.1,80.2,97.2,96.3,21.0
EVT_00967,22.53,1079.4,5.95,44.0,48.0,23.3,62.4,21.9,90.7,61.4,14.0
EVT_01690,13.49,,7.09,44.5,63.9,33.1,74.4,87.9,100.0,65.7,35.0
EVT_01966,8.74,1534.0,7.88,54.3,50.2,26.8,84.8,,85.3,75.9,59.0
EVT_00385,17.32,2365.3,,2.1,48.5,29.6,48.7,39.2,83.2,100.0,58.0
EVT_00624,21.16,1291.7,0.0,4.1,60.0,21.4,79.6,28.1,85.8,70.0,30.0
EVT_01993,17.01,1472.0,6.56,33.9,68.6,32.6,65.7,52.1,88.1,81.6,9.0
EVT_01458,8.46,2087.6,0.0,4.2,64.0,23.1,64.0,66.4,87.6,100.0,14.0
EVT_01689,7.86,2588.0,0.0,1.3,59.5,24.0,66.0,53.2,83.6,90.1,51.0
EVT_00289,17.79,2085.4,3.04,54.4,68.0,28.8,75.1,33.5,83.3,76.2,18.0
EVT_00540,11.72,2286.8,0.0,13.5,75.9,29.8,57.0,100.0,83.7,74.6,63.0
EVT_00987,7.98,2175.9,0.0,42.3,65.9,25.3,67.8,56.5,82.7,87.3,80.0
EVT_00416,17.93,2517.4,0.0,7.4,40.7,30.5,58.0,20.2,86.5,88.0,14.0
EVT_00746,10.1,2433.2,0.0,0.1,66.8,,56.8,96.8,89.2,100.0,63.0
EVT_01394,17.69,2212.5,0.0,8.8,60.4,28.2,60.8,47.1,83.6,100.0,21.0
EVT_01659,21.39,1084.0,0.0,2.5,51.6,24.0,65.9,28.0,87.1,80.4,21.0
EVT_01167,17.66,1995.5,0.0,1.7,58.8,33.7,54.6,31.7,90.0,88.6,0.0
EVT_00198,7.64,2064.7,0.0,4.0,54.4,25.2,82.3,50.7,97.0,84.3,108.0
EVT_01793,7.7,2303.9,0.0,9.3,43.0,30.0,54.4,72.7,80.5,99.5,42.0
EVT_00588,5.52,1102.2,0.0,1.7,62.8,20.0,58.3,,86.7,85.7,9.0
EVT_01437,20.98,1022.8,4.08,41.4,54.4,21.8,83.7,24.6,94.9,62.4,35.0
EVT_00080,22.01,967.4,0.68,43.5,44.5,24.6,58.4,19.6,86.4,57.9,55.0
EVT_01845,8.77,2147.2,0.0,2.0,55.9,26.6,54.0,61.0,82.8,90.9,117.0
EVT_01239,11.76,1739.4,3.18,26.5,56.6,30.1,73.0,83.8,94.0,,17.0
EVT_01139,21.75,1059.6,0.0,6.8,63.9,22.4,55.3,12.4,89.1,76.3,29.0
EVT_01638,16.12,1186.9,10.92,74.7,58.6,29.3,,52.6,98.7,73.4,21.0
EVT_D0016,4.51,557.2,5.11,41.3,67.8,21.9,77.5,25.9,91.5,67.7,90.0
EVT_01240,9.25,1625.3,0.12,47.4,54.4,26.8,55.6,64.2,88.8,100.0,42.0
EVT_00539,7.8,2279.0,0.0,2.5,50.6,28.2,64.7,60.9,90.4,100.0,22.0
EVT_D0021,14.64,1656.9,0.0,1.9,63.4,33.1,65.5,73.5,83.9,99.0,21.0
EVT_00306,21.32,907.1,0.52,34.2,50.6,26.1,61.3,18.2,82.0,92.5,24.0
EVT_00055,9.25,2234.8,0.0,0.9,55.6,25.6,60.6,71.8,96.5,,24.0
EVT_00649,15.38,2189.8,0.0,16.7,48.5,33.5,68.1,66.5,86.4,85.9,47.0
EVT_00876,7.16,2080.0,0.0,2.7,70.3,,56.3,62.5,91.1,94.6,45.0
EVT_00654,18.17,1927.3,6.25,45.1,56.9,31.5,69.7,49.0,74.8,88.2,30.0
EVT_01421,17.93,2310.0,0.0,9.7,50.8,30.3,72.3,43.3,89.0,98.2,21.0
EVT_00737,16.72,2453.5,0.0,4.3,54.7,35.2,37.0,72.6,76.0,96.0,40.0
EVT_00217,0.89,1368.5,0.0,0.4,46.8,24.6,83.0,15.7,82.0,75.4,14.0
EVT_01312,13.53,2380.8,0.0,0.3,55.1,33.1,47.5,81.0,79.8,80.0,31.0
EVT_00190,21.02,907.5,0.0,3.4,57.0,28.4,71.5,9.3,80.5,71.8,12.0
EVT_00403,11.05,2270.4,0.0,4.6,65.4,28.8,69.7,73.0,84.1,91.4,20.0
EVT_01792,4.68,873.2,0.1,40.3,58.0,21.6,72.1,13.7,92.0,92.0,21.0
EVT_00133,9.11,2304.1,0.59,32.3,55.2,27.4,70.4,57.1,91.4,87.4,85.0
EVT_00683,15.84,1655.8,2.74,47.7,66.4,31.4,70.1,65.8,87.0,74.7,37.0
EVT_01450,4.01,828.8,0.0,4.3,38.2,20.5,47.0,17.7,92.3,89.1,53.0
EVT_00550,7.68,1986.4,0.0,4.8,52.4,25.5,72.9,62.6,81.8,77.1,86.0
EVT_00477,9.53,1756.2,4.75,59.4,56.7,18.7,66.0,91.8,81.1,96.3,49.0
EVT_D0013,13.42,2224.3,0.0,26.4,46.7,29.8,65.3,84.7,77.1,91.7,25.0
EVT_01894,7.5,1928.0,0.0,4.2,56.8,24.6,62.2,44.9,86.4,92.2,14.0
EVT_01056,15.58,2759.7,0.0,5.7,62.2,36.5,47.0,44.3,87.3,95.7,0.0
EVT_00365,4.06,1162.0,4.97,37.6,58.4,13.1,89.3,24.5,77.0,68.0,0.0
EVT_01620,23.73,841.0,0.0,9.2,49.8,19.6,60.7,,79.9,70.6,22.0
EVT_00955,9.35,1411.5,10.68,52.4,66.9,22.7,79.1,80.0,93.4,88.0,39.0
EVT_01005,22.84,1167.8,5.13,37.0,57.1,19.8,78.8,22.9,76.1,86.8,14.0
EVT_00296,23.18,972.6,4.98,27.5,45.2,22.2,66.1,23.9,87.1,76.4,6.0
EVT_00295,16.22,1610.7,0.0,3.7,65.0,29.8,70.6,41.7,98.3,91.2,21.0
EVT_01537,13.11,1531.9,2.51,37.7,56.8,31.6,65.3,100.0,83.4,72.1,42.0
EVT_01358,5.63,883.7,0.0,6.1,56.7,23.3,65.6,41.6,92.1,92.0,23.0
EVT_00597,8.19,1608.3,0.0,8.3,50.8,22.5,65.6,62.0,84.0,94.9,59.0
EVT_00166,4.03,1213.3,0.0,6.9,45.3,26.0,62.2,34.0,82.0,87.2,2.0
EVT_01470,7.17,2053.0,0.0,32.8,65.8,22.5,50.3,35.5,82.7,83.8,24.0
EVT_00979,5.09,951.2,0.52,30.8,52.9,22.9,76.1,,87.5,79.3,17.0
EVT_01199,13.25,2204.3,0.49,36.1,45.1,34.4,59.9,81.2,76.5,100.0,28.0
EVT_00277,22.53,,0.26,22.2,52.6,28.8,58.8,12.9,85.6,85.5,7.0
EVT_01448,8.53,2204.8,0.0,19.2,51.3,25.5,74.3,71.5,96.2,92.5,68.0
EVT_00511,0.29,940.5,0.0,3.2,54.7,26.5,64.4,18.9,96.3,97.4,27.0
EVT_00435,12.24,2757.6,0.0,6.0,59.2,26.3,62.5,83.5,87.4,82.5,1.0
EVT_00824,16.36,2166.7,0.28,5.0,66.2,31.5,66.6,42.3,88.6,80.8,
EVT_00947,21.71,1015.4,0.0,6.4,65.6,22.5,52.8,22.7,95.2,97.1,13.0
EVT_00814,7.78,545.0,25.17,90.1,69.9,21.3,100.0,52.4,75.9,61.0,48.0
EVT_00247,15.28,2131.4,0.0,15.6,48.0,31.8,53.0,,92.1,85.0,13.0
EVT_01515,15.38,2175.6,0.0,16.9,65.9,28.3,61.7,62.0,100.0,80.2,22.0
EVT_01267,3.71,1052.7,0.0,2.6,47.9,19.4,65.0,6.9,96.4,100.0,17.0
EVT_00113,4.31,1352.0,0.85,,46.7,21.1,71.0,41.5,76.5,79.9,10.0
EVT_01678,18.05,2368.3,0.99,26.2,52.7,30.9,41.7,23.1,96.6,77.8,78.0
EVT_01492,23.63,1159.0,0.0,1.0,42.1,24.7,71.1,25.7,97.6,68.5,27.0
EVT_01592,4.09,662.0,0.0,0.1,55.4,18.6,78.8,12.6,85.4,99.2,63.0
EVT_00565,21.7,1378.6,0.0,40.0,57.9,27.1,60.4,8.4,96.3,64.0,41.0
EVT_01749,19.04,720.3,0.0,16.5,49.8,30.4,51.1,11.7,82.6,91.5,14.0
EVT_00718,3.34,1266.9,1.02,40.8,47.3,17.0,80.1,21.1,73.6,,0.0
EVT_00855,19.24,808.5,3.92,41.7,63.9,29.5,67.8,19.8,100.0,84.1,56.0
EVT_00741,23.92,1035.9,0.0,2.2,59.1,21.0,66.0,37.5,79.6,88.4,19.0
EVT_01854,1.38,1185.5,0.0,12.4,48.7,19.4,75.6,41.8,78.0,81.6,17.0
EVT_00997,23.48,1130.2,0.0,21.7,55.5,26.0,64.2,9.8,93.0,58.3,19.0
EVT_01416,16.49,2375.8,0.0,1.9,60.3,34.6,48.3,42.3,78.4,96.7,5.0
